"number","case","case_ner","case_ner_summary","diagnosis","diagnosis_ner_summary"
"1","CASE 1

A liquor dealer, 47 years old, is seen December 15, 1904. His 
father died at 67 of ""obstruction of the bowels,"" hia mother at 63 of 
pDeumonia. He regularly used whiskey and beer to excess up to 1891 
when he had an attack of bloody vomiting after a debauch. He had a 
similar attack in 1895 and again in 1902. He never was kept in bed 
more than a few days, and always returned to business within a week. 
After each attack he gave up all alcohol for periods varying from six 
months to two years and then relapsed into his former habits. He 
has suffered for years from digestive disturbances, ""sour stomach,"" 
which have beeu much worse during his periods of alcoholism. After 
twenty months of abstinence he began to drink about three months 
ago, and since then has complained of anorexia, pain, eructation of 
gas, nausea, and vomiting. The pain is located in the epigastrium, 
comes on ten to fifteen minutes after eating and is relieved by vomiting. 
On the afternoon of December 11 he vomited a small quantity of bright 
red blood, and since then he has vomited after nearly every meal, 
but he has noticed blood only on one other occasion, two days ago, 
when he threw up nearly a pint. He has noticed black stools for 
several day^. He has recently lost about 15 lbs. ; present weight 185. 
Mucous membranes pale. Heart normal in size, action regular, soft 
systolic murmur at apex, not transmitted. Pulmonic second sound 
not accentuated. Abdomen tympanitic throughout, slight tender- 
ness on pressure over epigastrium. Liver dulness extends from fifth 
interspace to two fingers' breadth below costal margin where a smooth 
edge can be felt. Lower edge of spleen felt on full inspiration. Physical 
examination otherwise negative. Pulse 100, regular, of good quality. 
Temperature 98.4°. Urine, sp. gr. 1020, acid, no sugar, no albumen, 
Hg. 50%, red cells 3,172,000, no nucleated cells. Leucocytes 9200. 

1. What is the type of anEemia in this case? Typical secondary. 

2. Significanceof tbepatient's familyhii9tory7 None whatever. (Teacher may bring 

up here a discussion of the problem : in what cases is family history of value? ) 

3. What causes produce tarry stools? Bismuth, iron, blackberries, blood from high 

up in gut. 

4. How do you interpret the cardiac signs here present? Functional murmur. 

5. What are the commonest causes of splenic enlargement? Typhoid, malaria, 

rickets, cirrhosis, leucfemia, aneemia. 

6. What causes of hffimatemesb should be considered here? Gastric or duodenal 

ulcer, cirrhosis, aneurism. 

7. Diagnosis? Prognosis? Treatment? 

Diagnosis: Hepatic cirrhoais, ruptured esophageal varix, secondary aniemia, pas- 
sive congestion of stomach. 
Prognosis; Probably one to two years to live. 
Treatment: Stop liquor, treat aaEcmia, regulal* diet. Possibly Talma's operation.","[{'text': 'obstruction of the bowels', 'label': 'problem', 'score': 0.9981, 'start': 93, 'end': 118}, {'text': 'pdeumonia', 'label': 'problem', 'score': 0.9725, 'start': 142, 'end': 151}, {'text': 'bloody vomiting', 'label': 'problem', 'score': 0.9836, 'start': 235, 'end': 250}, {'text': 'a debauch', 'label': 'problem', 'score': 0.6183, 'start': 257, 'end': 266}, {'text': 'a similar attack', 'label': 'problem', 'score': 0.9841, 'start': 275, 'end': 292}, {'text': 'attack', 'label': 'problem', 'score': 0.4151, 'start': 427, 'end': 433}, {'text': 'digestive disturbances', 'label': 'problem', 'score': 0.9954, 'start': 581, 'end': 603}, {'text': 'sour stomachu', 'label': 'problem', 'score': 0.7936, 'start': 606, 'end': 637}, {'text': 'alcoholism', 'label': 'problem', 'score': 0.7683, 'start': 671, 'end': 681}, {'text': 'anorexia', 'label': 'problem', 'score': 0.9798, 'start': 794, 'end': 802}, {'text': 'pain', 'label': 'problem', 'score': 0.997, 'start': 804, 'end': 808}, {'text': 'eructation of gas', 'label': 'problem', 'score': 0.8606, 'start': 810, 'end': 828}, {'text': 'nausea', 'label': 'problem', 'score': 0.9965, 'start': 830, 'end': 836}, {'text': 'vomiting', 'label': 'problem', 'score': 0.994, 'start': 842, 'end': 850}, {'text': 'the pain', 'label': 'problem', 'score': 0.991, 'start': 852, 'end': 860}, {'text': 'vomiting', 'label': 'treatment', 'score': 0.4293, 'start': 957, 'end': 965}, {'text': 'bright red blood', 'label': 'problem', 'score': 0.9826, 'start': 1031, 'end': 1048}, {'text': 'blood', 'label': 'problem', 'score': 0.9883, 'start': 1125, 'end': 1130}, {'text': 'black stools', 'label': 'problem', 'score': 0.997, 'start': 1221, 'end': 1233}, {'text': 'mucous membranes pale', 'label': 'problem', 'score': 0.9762, 'start': 1311, 'end': 1332}, {'text': 'soft systolic murmur at apex', 'label': 'problem', 'score': 0.9511, 'start': 1372, 'end': 1401}, {'text': 'pulmonic second sound', 'label': 'problem', 'score': 0.9057, 'start': 1420, 'end': 1441}, {'text': 'abdomen tympanitic', 'label': 'problem', 'score': 0.9251, 'start': 1460, 'end': 1478}, {'text': 'slight tender - ness', 'label': 'problem', 'score': 0.9972, 'start': 1491, 'end': 1511}, {'text': 'pressure', 'label': 'test', 'score': 0.5404, 'start': 1515, 'end': 1523}, {'text': 'epigastrium', 'label': 'problem', 'score': 0.5071, 'start': 1529, 'end': 1540}, {'text': 'liver dulness', 'label': 'problem', 'score': 0.9596, 'start': 1542, 'end': 1555}, {'text': 'physical examination', 'label': 'test', 'score': 0.9936, 'start': 1712, 'end': 1733}, {'text': 'pulse', 'label': 'test', 'score': 0.9916, 'start': 1754, 'end': 1759}, {'text': 'temperature', 'label': 'test', 'score': 0.9901, 'start': 1792, 'end': 1803}, {'text': 'urine', 'label': 'test', 'score': 0.9031, 'start': 1811, 'end': 1816}, {'text': 'acid', 'label': 'problem', 'score': 0.5351, 'start': 1832, 'end': 1836}, {'text': 'sugar', 'label': 'problem', 'score': 0.5588, 'start': 1841, 'end': 1846}, {'text': 'albumen', 'label': 'problem', 'score': 0.9902, 'start': 1851, 'end': 1858}, {'text': 'red cells', 'label': 'test', 'score': 0.8951, 'start': 1870, 'end': 1879}, {'text': 'nucleated cells', 'label': 'problem', 'score': 0.867, 'start': 1894, 'end': 1909}, {'text': 'leucocytes', 'label': 'test', 'score': 0.9464, 'start': 1911, 'end': 1921}, {'text': 'aneemia', 'label': 'problem', 'score': 0.9562, 'start': 1953, 'end': 1960}, {'text': 'tbepatient', 'label': 'problem', 'score': 0.5925, 'start': 2014, 'end': 2025}, {'text': 'the', 'label': 'problem', 'score': 0.626, 'start': 2103, 'end': 2106}]","[PROBLEM]:a debauch;a similar attack;abdomen tympanitic;acid;albumen;alcoholism;aneemia;anorexia;attack;black stools;blood;bloody vomiting;bright red blood;digestive disturbances;epigastrium;eructation of gas;liver dulness;mucous membranes pale;nausea;nucleated cells;obstruction of the bowels;pain;pdeumonia;pulmonic second sound;slight tender - ness;soft systolic murmur at apex;sour stomachu;sugar;tbepatient;the;the pain;vomiting.[TREATMENT]:vomiting.[TEST]:leucocytes;physical examination;pressure;pulse;red cells;temperature;urine","Hepatic cirrhoais, ruptured esophageal varix, secondary aniemia, pas- sive congestion of stomach. Prognosis; Probably one to two years to live. Treatment: Stop liquor, treat aaEcmia, regulal* diet. Possibly Talma's operation.","[PROBLEM]:aaecmiaulal;congestion of stomach;hepatic cirrhoais;pas;ruptured esophageal varix;secondary aniemia;si.[TREATMENT]:talma  s operation;treatment"
"2","CASE 2

A fireman of 26 w&s exercising engine-horses, riding one and leading 
another. The led horse fell and, as he struggled to rise, wrenched 
severely the arm of the fireman, who had not let go the halter. He 
thought nothing of it at the time, but twenty-four hours later began 
to be distressed by a sense of weight and pressure beneath the sternum, 
near the attachment of the wrenched pectoral. Under medical advice 
he was laid oS duty and treated with liniments and counter-irritation, 
but without relief. Three weeks' vacation in the country benefited 
him, but on his return to work he was unable to drive or even to 
put on the foot brake without great exhaustion. Now he cannot 
walk a block fast without feeling tired out and experiencing a sense of 
pressure under the sternum. His wife tells him that he moans and 
grinds his teeth in his sleep. He has lost flesh, strength, and color. 

The heart's apex is in the fifth interspace and mammary line. 
There is reduplication of the apex second sound, and at the fifth left 
costal cartilage a systolic murmur, louder in the recumbent position. 
The pulmonic second sound is slightly louder than the aortic. 

Interrupted inspiration is detected in both fronts and both inter- 
scapular regions, also transient rales in the sixth intercostal space in 
the left axilla. Abdomen n^ative. The blood and urine are normal, 

1. What \b the usual Bignificance of maaning and teeth grinding during sleep? 

Functional cerebral irritation; no organic disease. Common in rickets and 
in neurotic children. Popular fallacy that ""worms"" are the cause. Tripes 
of delirium and of somnambulism may be here discussed. 

2. How is the lose of flesh, strength, and color to be explained? (See below under 

diagnosis.) Causes of emaciation and of pallor may be considered here. 

3. How are cardiac murmurs affected by change of position? All systolic mui^ 

murs are louder in the recumbent position. Presystolic murmurs are louder 
in the erect position, while diastolic murmurs are unaffected. 

4. IMagnoMS? Prognosis? Treatment? 

The Diagnosis is traumatic neurosis. Aneurism is excluded by the age, the 
acute onset, and the lack of evidence of mediastinal pressure. Local trauma 
is not important, for after the vacation the symptoms were general, not local. 
Chronic latent diseases ""lighted up'' by the accident (phthisis, ansmis, 
nephritis) are excluded by the negative physical examination. Traumatic 
neurosis is further suggested by the interval between the accident and the onset 
of symptoms. (Cerebral hemorrhage may come on many hours after a blow, 
but always produces physical signs of brain injury, as paralysis or aphasia.) 

The Prognosis is good if treatment is wise. He should be well in six months, 
but may have to change his occupation. 
, The Treatment is first encouragement and reassurance. Everything should 
be done to attract attention from the seat of supposed injury. Local apjidi- 
cations (here given) are the worst possible treatment. Advise work of 
another kind, a bitter tonic for appetite, and hydrotherapy for sleep.","[{'text': 'a sense of', 'label': 'problem', 'score': 0.6966, 'start': 304, 'end': 314}, {'text': 'weight and pressure beneath the sternum', 'label': 'problem', 'score': 0.7916, 'start': 315, 'end': 354}, {'text': 'liniments', 'label': 'problem', 'score': 0.7421, 'start': 462, 'end': 471}, {'text': 'counter - irritation', 'label': 'problem', 'score': 0.9038, 'start': 476, 'end': 494}, {'text': 'relief', 'label': 'problem', 'score': 0.7023, 'start': 509, 'end': 515}, {'text': 'great exhaustion', 'label': 'problem', 'score': 0.9949, 'start': 661, 'end': 677}, {'text': 'tired out', 'label': 'problem', 'score': 0.9557, 'start': 728, 'end': 737}, {'text': 'a sense of pressure under the sternum', 'label': 'problem', 'score': 0.9271, 'start': 755, 'end': 793}, {'text': 'lost flesh', 'label': 'problem', 'score': 0.7109, 'start': 871, 'end': 882}, {'text': 'and color', 'label': 'problem', 'score': 0.5611, 'start': 893, 'end': 902}, {'text': 'redup', 'label': 'test', 'score': 0.4215, 'start': 978, 'end': 983}, {'text': 'a systolic murmur', 'label': 'problem', 'score': 0.9966, 'start': 1058, 'end': 1075}, {'text': 'interrupted inspiration', 'label': 'problem', 'score': 0.9968, 'start': 1176, 'end': 1199}, {'text': 'rales', 'label': 'problem', 'score': 0.9496, 'start': 1277, 'end': 1282}, {'text': 'the blood', 'label': 'test', 'score': 0.8187, 'start': 1352, 'end': 1361}, {'text': 'urineni', 'label': 'test', 'score': 0.7591, 'start': 1366, 'end': 1412}, {'text': 'ma', 'label': 'problem', 'score': 0.3569, 'start': 1423, 'end': 1425}, {'text': 'teeth grinding', 'label': 'problem', 'score': 0.9629, 'start': 1435, 'end': 1449}, {'text': 'functional cerebral irritation', 'label': 'problem', 'score': 0.9983, 'start': 1466, 'end': 1496}, {'text': 'organic disease', 'label': 'problem', 'score': 0.9976, 'start': 1501, 'end': 1516}, {'text': 'rick', 'label': 'problem', 'score': 0.4939, 'start': 1528, 'end': 1532}, {'text': 'worms', 'label': 'problem', 'score': 0.8738, 'start': 1585, 'end': 1590}, {'text': 'tripes of delirium', 'label': 'problem', 'score': 0.9548, 'start': 1607, 'end': 1626}, {'text': 'somnambulism', 'label': 'problem', 'score': 0.9614, 'start': 1634, 'end': 1646}, {'text': 'the lose of flesh strength and color', 'label': 'problem', 'score': 0.9198, 'start': 1682, 'end': 1720}, {'text': 'emaciation', 'label': 'problem', 'score': 0.9753, 'start': 1779, 'end': 1789}, {'text': 'of pallor', 'label': 'problem', 'score': 0.7572, 'start': 1794, 'end': 1803}, {'text': 'cardiac murmurs', 'label': 'problem', 'score': 0.9933, 'start': 1841, 'end': 1856}, {'text': 'of position', 'label': 'problem', 'score': 0.7348, 'start': 1876, 'end': 1887}, {'text': 'sylic', 'label': 'test', 'score': 0.5347, 'start': 1893, 'end': 1901}, {'text': 'mu', 'label': 'problem', 'score': 0.4497, 'start': 1902, 'end': 1904}, {'text': 'murs', 'label': 'test', 'score': 0.6383, 'start': 1909, 'end': 1913}, {'text': 'prelic murmurs', 'label': 'problem', 'score': 0.8774, 'start': 1952, 'end': 1971}, {'text': 'dialic murmurs', 'label': 'problem', 'score': 0.6676, 'start': 2013, 'end': 2030}, {'text': 'imagnoms', 'label': 'problem', 'score': 0.9355, 'start': 2052, 'end': 2060}, {'text': 'treatment', 'label': 'treatment', 'score': 0.6841, 'start': 2073, 'end': 2082}, {'text': 'traumatic neurosis', 'label': 'problem', 'score': 0.9061, 'start': 2103, 'end': 2121}, {'text': 'aneurism', 'label': 'problem', 'score': 0.7059, 'start': 2123, 'end': 2131}, {'text': 'acute', 'label': 'problem', 'score': 0.7787, 'start': 2161, 'end': 2166}, {'text': 'mediasti', 'label': 'problem', 'score': 0.8512, 'start': 2202, 'end': 2210}]","[PROBLEM]:a sense of;a sense of pressure under the sternum;a systolic murmur;acute;and color;aneurism;cardiac murmurs;counter - irritation;dialic murmurs;emaciation;functional cerebral irritation;great exhaustion;imagnoms;interrupted inspiration;liniments;lost flesh;ma;mediasti;mu;of pallor;of position;organic disease;prelic murmurs;rales;relief;rick;somnambulism;teeth grinding;the lose of flesh strength and color;tired out;traumatic neurosis;tripes of delirium;weight and pressure beneath the sternum;worms.[TREATMENT]:treatment.[TEST]:murs;redup;sylic;the blood;urineni","traumatic neurosis. Aneurism is excluded by the age, the acute onset, and the lack of evidence of mediastinal pressure. Local trauma is not important, for after the vacation the symptoms were general, not local. Chronic latent diseases ""lighted up'' by the accident (phthisis, ansmis, nephritis) are excluded by the negative physical examination. Traumatic neurosis is further suggested by the interval between the accident and the onset of symptoms. (Cerebral hemorrhage may come on many hours after a blow, but always produces physical signs of brain injury, as paralysis or aphasia.)","[PROBLEM]:acute;aneurism;ansmis;aphasia;brain injury;cerebral hemorrhage;chronic latent diseases;local trauma;mediastinal pressure;nephritis;paralysis;phthisis;symptoms;the symptoms;traumatic neurosis.[TEST]:the negative physical examination"
"3","CASE 3

A medical s,tudent of 25 has been troubled with his joints for ten 
years. Attacks of pain and stiffness lay him up whenever he is sub- 
jected to any strain, mental or physical. He has had little or no fever, 
he thinks, in any of the attacks, but the pain and ewelling have been 
considerable. He has, as a rule, one or two bad attacks each year, with 
a week or two in bed. 

The knees, ankles, hips, hands, wrists, and elbows have been 
affected, and in every case some stiffness and more or less swelling 
has remained after the pain left. Both sides are affected nearly alike. 

Of late years the attacks have grown leas severe, especially since 
his family has grown more prosperous and more harmonious. He is 
now able to attend to most of his medical work. 

Examination shows no motion in the left wrist and very little in 
either ring finger. The range of motion in the knees and elbows is also 
considerably limited. The fingers are cold, mottled, and damp. Some 
of the finger joints and both wrists are doughy and semi-fluctuant. 
There is no evidence of bony enlargement anywhere. 

The heart and internal viscera are negative, but the boy is pale 
and rather thin. Blood and urine normal. 

1. Types and causes of arthritis? Infectious {including acute ""rheumatism"") 

atrophic, hypertrophic, gouty, neurojiathic, hemophilic. 

2. What varieties of arthritis are often aasociated with cardiac diaeaaeT Only tlie 

infectioustypes: e.g., ""rheumatic,"" septic, gonorrhceat, scarlatinal, pneumo- 
coccal. Tuberculous and syphilitic infections of joints are rarely associated 
with endocarditis. 

3. What important data are not mentioned in the above description? X-ray 

examination, data regarding gonorrhcea and regarding muscular atrophy. 

4. Diagnosis? Prognosis? Treatment? 

Diagnosis: X-ray examination showed marked atrophy of the articular ends 
of the bones. There was marked muscular atrophy. No history of gonorrhoea 
or of any other infection. The absence of any known infection, the long 
progressive courae in a young person, the symmetrical involvement of joints, 
the vaso motor signs, the absence of marked fever, and the X-ray evidence 
all point to atrophic arthritis and serve (with the negative condition of the 
viscera, blood, and urine) to exclude other varieties. 

Prognosis: Most cases slowly progress, but with favorable environment, hy^enic 
and psychic, some cases are arrested, as in fact this one was, before crippling 
damage occurs. In such cases the injured joints never return to the normal, 
but the patient learns to adapt himself. Any mental or physical strain is 
likely to produce recrudescence, more or less serious. 

Treatment: Drugs have no effect save as they may help to improve the general 
nutrition (bitters, iron, arsenic). Salicylates do harm. Hest in the acute 
attacks, with warmth to the jomts, forced feeding, out-door life so far as the 
joints permit, encouragement and freedom from worry, are important aids 
to recovery. The excision of ankylosed joints may be necessary.","[{'text': 'with his joints', 'label': 'problem', 'score': 0.9897, 'start': 51, 'end': 66}, {'text': 'attacks of', 'label': 'problem', 'score': 0.8927, 'start': 83, 'end': 93}, {'text': 'pain', 'label': 'problem', 'score': 0.9297, 'start': 94, 'end': 98}, {'text': 'stiffness', 'label': 'problem', 'score': 0.7713, 'start': 103, 'end': 112}, {'text': 'any strain', 'label': 'problem', 'score': 0.842, 'start': 155, 'end': 165}, {'text': 'fever', 'label': 'problem', 'score': 0.9943, 'start': 211, 'end': 216}, {'text': 'the attacks', 'label': 'problem', 'score': 0.7906, 'start': 240, 'end': 251}, {'text': 'the pain', 'label': 'problem', 'score': 0.9891, 'start': 257, 'end': 265}, {'text': 'ewelling', 'label': 'problem', 'score': 0.8844, 'start': 270, 'end': 278}, {'text': 'bad attacks', 'label': 'problem', 'score': 0.9472, 'start': 334, 'end': 345}, {'text': 'some stiffness', 'label': 'problem', 'score': 0.9639, 'start': 477, 'end': 491}, {'text': 'more', 'label': 'problem', 'score': 0.966, 'start': 496, 'end': 500}, {'text': 'swelling', 'label': 'problem', 'score': 0.6966, 'start': 509, 'end': 517}, {'text': 'the pain', 'label': 'problem', 'score': 0.9956, 'start': 538, 'end': 546}, {'text': 'the attacks', 'label': 'problem', 'score': 0.9916, 'start': 607, 'end': 618}, {'text': 'examination', 'label': 'test', 'score': 0.9888, 'start': 776, 'end': 787}, {'text': 'motion', 'label': 'problem', 'score': 0.7847, 'start': 797, 'end': 803}, {'text': 'cold', 'label': 'problem', 'score': 0.9471, 'start': 953, 'end': 957}, {'text': 'mottled', 'label': 'problem', 'score': 0.8391, 'start': 959, 'end': 966}, {'text': 'damp', 'label': 'problem', 'score': 0.9795, 'start': 972, 'end': 976}, {'text': 'doughy', 'label': 'problem', 'score': 0.9595, 'start': 1025, 'end': 1031}, {'text': 'semi - fluctuant', 'label': 'problem', 'score': 0.907, 'start': 1036, 'end': 1050}, {'text': 'bony enlargement', 'label': 'problem', 'score': 0.9986, 'start': 1077, 'end': 1093}, {'text': 'heart and internal viscera', 'label': 'test', 'score': 0.8013, 'start': 1110, 'end': 1136}, {'text': 'pale', 'label': 'problem', 'score': 0.9874, 'start': 1166, 'end': 1170}, {'text': 'rather thin', 'label': 'problem', 'score': 0.9288, 'start': 1176, 'end': 1187}, {'text': 'urine', 'label': 'test', 'score': 0.7772, 'start': 1199, 'end': 1204}, {'text': 'arthritis', 'label': 'problem', 'score': 0.9856, 'start': 1238, 'end': 1247}, {'text': 'infectious', 'label': 'problem', 'score': 0.9746, 'start': 1249, 'end': 1259}, {'text': 'acute  rheumatism', 'label': 'problem', 'score': 0.9617, 'start': 1271, 'end': 1289}, {'text': 'atrophic', 'label': 'problem', 'score': 0.8764, 'start': 1293, 'end': 1302}, {'text': 'hypertrophic', 'label': 'problem', 'score': 0.9659, 'start': 1303, 'end': 1315}, {'text': 'gouty', 'label': 'problem', 'score': 0.9804, 'start': 1317, 'end': 1322}, {'text': 'neurojiathic', 'label': 'problem', 'score': 0.861, 'start': 1324, 'end': 1336}, {'text': 'hemophilic', 'label': 'problem', 'score': 0.9835, 'start': 1338, 'end': 1348}, {'text': 'arthritis', 'label': 'problem', 'score': 0.8629, 'start': 1373, 'end': 1382}, {'text': 'dia', 'label': 'test', 'score': 0.6554, 'start': 1417, 'end': 1420}, {'text': 'rheumatic', 'label': 'problem', 'score': 0.9572, 'start': 1462, 'end': 1471}, {'text': 'septic', 'label': 'problem', 'score': 0.8957, 'start': 1472, 'end': 1480}, {'text': 'gonorrhceat', 'label': 'problem', 'score': 0.9202, 'start': 1482, 'end': 1493}, {'text': 'scarlatinal', 'label': 'problem', 'score': 0.9743, 'start': 1495, 'end': 1506}, {'text': 'pneumo - coccal', 'label': 'problem', 'score': 0.9637, 'start': 1508, 'end': 1523}, {'text': 'tuberculous and syphilitic infections of joints', 'label': 'problem', 'score': 0.9624, 'start': 1525, 'end': 1572}, {'text': 'endocarditis', 'label': 'problem', 'score': 0.9973, 'start': 1601, 'end': 1613}, {'text': 'x - ray examination', 'label': 'test', 'score': 0.973, 'start': 1684, 'end': 1703}, {'text': 'gonorrhcea', 'label': 'problem', 'score': 0.9935, 'start': 1720, 'end': 1730}, {'text': 'muscular atrophy', 'label': 'problem', 'score': 0.9934, 'start': 1745, 'end': 1761}, {'text': 'treatment', 'label': 'treatment', 'score': 0.5123, 'start': 1790, 'end': 1799}, {'text': 'x - ray examination', 'label': 'test', 'score': 0.9923, 'start': 1814, 'end': 1831}, {'text': 'marked atrophy of the articular ends of the bones', 'label': 'problem', 'score': 0.9966, 'start': 1839, 'end': 1889}, {'text': 'marked muscular atrophy', 'label': 'problem', 'score': 0.9974, 'start': 1901, 'end': 1924}, {'text': 'gonorrhoea', 'label': 'problem', 'score': 0.9903, 'start': 1940, 'end': 1950}, {'text': 'any other infection', 'label': 'problem', 'score': 0.9937, 'start': 1958, 'end': 1977}, {'text': 'any known infection', 'label': 'problem', 'score': 0.9899, 'start': 1994, 'end': 2013}, {'text': 'the long progressive coura', 'label': 'problem', 'score': 0.6423, 'start': 2015, 'end': 2042}, {'text': 'the', 'label': 'problem', 'score': 0.5123, 'start': 2103, 'end': 2106}, {'text': 'vaso motor signs', 'label': 'test', 'score': 0.6491, 'start': 2107, 'end': 2123}, {'text': 'marked fever', 'label': 'problem', 'score': 0.9954, 'start': 2140, 'end': 2152}]","[PROBLEM]:acute  rheumatism;any known infection;any other infection;any strain;arthritis;atrophic;attacks of;bad attacks;bony enlargement;cold;damp;doughy;endocarditis;ewelling;fever;gonorrhcea;gonorrhceat;gonorrhoea;gouty;hemophilic;hypertrophic;infectious;marked atrophy of the articular ends of the bones;marked fever;marked muscular atrophy;more;motion;mottled;muscular atrophy;neurojiathic;pain;pale;pneumo - coccal;rather thin;rheumatic;scarlatinal;semi - fluctuant;septic;some stiffness;stiffness;swelling;the;the attacks;the long progressive coura;the pain;tuberculous and syphilitic infections of joints;with his joints.[TREATMENT]:treatment.[TEST]:dia;examination;heart and internal viscera;urine;vaso motor signs;x - ray examination","X-ray examination showed marked atrophy of the articular ends of the bones. There was marked muscular atrophy. No history of gonorrhoea or of any other infection. The absence of any known infection, the long progressive courae in a young person, the symmetrical involvement of joints, the vaso motor signs, the absence of marked fever, and the X-ray evidence all point to atrophic arthritis and serve (with the negative condition of the viscera, blood, and urine) to exclude other varieties.","[PROBLEM]:any known infection;any other infection;atrophic arthritis;gonorrhoea;marked atrophy of the articular ends of the bones;marked fever;marked muscular atrophy;the long progressive courae.[TEST]:the vaso motor signs;the x - ray evidence;urine;x - ray examination"
"4","CASE 4 

A married woman, 43 years old, is seen April 9. Family history 
negative. Haa had three children, the youngest being twenty years 
old, and no miscarriages. Eighteen years ago she began to suSer from 
profuse menstruation which became so excessive and exhausting that 
eighteen months ago the uterus and appendages were removed. In 
spite of the cessatloa of the hemorrhages she says that she has lost 
ground and grown paler more rapidly since the operation. For the 
past six months nose bleeds have been frequent and at times so ex- 
cessive that the nares have been plugged. She has had ""feverish 
turns,"" lasting several days at a time, but her chief complaint has 
been of weakness, great dyspnoea, palpitation, and attacks of faint- 
ness. Micturition has been more frequent for the past few years, but 
without any polyuria. Her legs and ankles have been considerably 
swollen, but this haa been much less apparent lately. About a month 
ago she had a copious epistaxis, followed, four days later, by a second, 
less severe, and has remained in bed ever since. Her temperature was 
first taken March 28, when it was found to be slightly above normal. 
Without discoverable local cause, it rose steadily till it reached 103"" 
six days later. It fell to normal two days later, but the evening record 
has since been several times as high as 99.4°. With the rise in her 
temperature, her color, previously very pale, became lemon-yellow, 
but the conjunctive remained a pearly white. She was greatly ex- 
hausted and somewhat delirious, vomiting occasionally either food or 
bile-stained mucus. A very grave prognosis was at this time given 
by the attending physician. 

When seen April 9, patient reported herself as feeling very well, 
and her mental condition was bright. She was markedly ansemic, 
but with only a slight yellow tinge remaining. The tongue and mucous 
membranes were very pale. There was a deep ulceration on the left 
side of the nasal septum and several crusts were seen on the right. A 
systolic murmur was heard in the vessels of the neck. The heart's 
apex was in the fifth space in the nipple line. The cardiac dulness 
extended a finger's breadth and a half to the right of sternum. A 
systolic murmur was heard all over the precordia, rough over the base, 
but becoming softer as the apex was approached and transmitted a 
short distance into the axilla. The pulmonic second was slightly ac- 
centuated. The upper border of the liver was at the fifth rib, and its 
smooth edge could be felt two fingers' breadth below the costal margin. 
The edge of the spleen was readily palpated. The ankles were slightly 
cedematous. The ophthalmoscope showed a normal fundus. Physical 
examination was otherwise negative. 

Urine, sp. gr. 1012, pale, acid, contains the slightest possible trace 
of albumen. Sediment slight, consisting of leucocytes, and a rare 
normal red cell; no casts. A blood count on April 3 showed 300,000 
reds, 5400 whites, Hgb. 10%. A differential count of 400 whites showed 
polymorphonuclear 72%, large mononuclear 12%, small mononuclear 
15%, eosinophiles 1%. Ten megaloblasts, 5 nonnoblasts, and 3 micro- 
blasts were seen. Poikilocytosis, macrocytosis, and polychromato- 
philia were present. A second count made to-day showed 1,000,000 
reds, 5800 whites, Hgb. 25%. A differential count of 300 white cells 
showed no special change in the proportions. Four megaloblasts, II 
normoblasts, and 2 microblasts were found. 

1. What 619 the common causes of frequent micturition in women and in men? 

In women, (a) nervousness and debility from any cause; (6) less often 
cystitis (""simple,"" gonorrhceaJ, tuberculous, or calculous); (c) the pressure of 
the pregnant ut«ruH or other tumors; (d) pyelitis (tuberculous or septic). 
In men, (a) prostatic obstruction and its results; (b) cystitis (gonDirhoeal, 
tuberculous, etc.); (c) pyelitis (as in women). Occasionally, in either sex, 
chronic nephritis may produce frequent as well as profuse micturition. 

2. What aie the possible causes of a systolic murmur like that here described? 

(a) Arterio sclerotic rou^ening of the aortic arch or of the aortic valves; 
(t) Ansmia and other causes of insufficient muscular contraction of the 
valve-orificea (but such murmurs are usually louder in the pulmonary area). 
(c) Aneurism of the aoHia; (d) Aortic stenosis (provided always that other 
signs of that lesion are present, thrill and plateau pulse especially). 

3. How are the ""feverish turns"" to be explained in this case? Fever in chronic 

anemia, especially pernicious aniemia, is not uncommon. Aft«r any profuse 
hemorrhage it often occurs in neurotic peisons. 

4. Diagnosis? Prognosis? Treatment? 

Diagnosis: The blood is chara^iteristic of pernicious ansmia. The hemorrhages 
are probably symptoms, not causes, of the anemia, for such a blood picture 
rarely if ever results from hemorrhage of the type here described. The 
respiratory, cardiac, and digestive symptoms, as well as the ledema, weakness, 
and fever, can be explained by the anemia. Other diseases are excluded by 
the absence of phjrsical signs pointing to them. 

Prognosis: A wave of improvement has apparently begun in this case and there 
may be one or two periods of great improvement, or even perfect health 
lasting several months each. Within two years death is almost certain to 
follow. Perliapts two cases in a hundred recover. 

Treatment: Fowler's solution, 2 drops after meals well diluted and increased 
1 drop daily until toxic symptoms appear, is considered the best method of 
prolonging life; 50 to 60 drops a day may be taken for some weeks. A few 
cases have improved after vigorous laxative treatment, t.e., enough cascara 
to produce several movements daily for weeks at a time. Beat, fresh air, and 
as much food as the stomach will bear are indicated. Hemorrhages are to be 
checked by pressure with gauie, with or without adrenalin solution. Iron, 
oxygen, and bone marrow are of no value.","[{'text': 'miscarriages', 'label': 'problem', 'score': 0.838, 'start': 152, 'end': 164}, {'text': 'prof', 'label': 'treatment', 'score': 0.729, 'start': 210, 'end': 214}, {'text': 'menstruation', 'label': 'treatment', 'score': 0.5219, 'start': 218, 'end': 230}, {'text': 'the hemorrhages', 'label': 'problem', 'score': 0.9968, 'start': 368, 'end': 383}, {'text': 'paler', 'label': 'problem', 'score': 0.7417, 'start': 429, 'end': 434}, {'text': 'the operation', 'label': 'treatment', 'score': 0.9909, 'start': 454, 'end': 467}, {'text': 'nose bleeds', 'label': 'problem', 'score': 0.9182, 'start': 494, 'end': 505}, {'text': 'na', 'label': 'problem', 'score': 0.5019, 'start': 563, 'end': 565}, {'text': 'feverish turns', 'label': 'problem', 'score': 0.9261, 'start': 601, 'end': 616}, {'text': 'weakness', 'label': 'problem', 'score': 0.9971, 'start': 688, 'end': 696}, {'text': 'great dyspnoea', 'label': 'problem', 'score': 0.9971, 'start': 698, 'end': 712}, {'text': 'palpitation', 'label': 'problem', 'score': 0.9926, 'start': 714, 'end': 725}, {'text': 'attacks of faint - ness', 'label': 'problem', 'score': 0.844, 'start': 731, 'end': 754}, {'text': 'mictur', 'label': 'test', 'score': 0.5751, 'start': 756, 'end': 762}, {'text': 'any polyuria', 'label': 'problem', 'score': 0.9841, 'start': 828, 'end': 840}, {'text': 'her legs and ankles', 'label': 'problem', 'score': 0.9809, 'start': 842, 'end': 861}, {'text': 'considerably swollen', 'label': 'problem', 'score': 0.9813, 'start': 872, 'end': 893}, {'text': 'a copious epistaxis', 'label': 'problem', 'score': 0.9983, 'start': 967, 'end': 986}, {'text': 'a second', 'label': 'problem', 'score': 0.5745, 'start': 1018, 'end': 1026}, {'text': 'severe', 'label': 'problem', 'score': 0.6653, 'start': 1034, 'end': 1040}, {'text': 'her temperature', 'label': 'test', 'score': 0.9901, 'start': 1078, 'end': 1093}, {'text': 'her temperature', 'label': 'problem', 'score': 0.7726, 'start': 1380, 'end': 1396}, {'text': 'pale', 'label': 'problem', 'score': 0.892, 'start': 1425, 'end': 1429}, {'text': 'lemon - yellow', 'label': 'problem', 'score': 0.8765, 'start': 1438, 'end': 1450}, {'text': 'conjunctive', 'label': 'problem', 'score': 0.5956, 'start': 1461, 'end': 1472}, {'text': 'pearly white', 'label': 'problem', 'score': 0.7652, 'start': 1484, 'end': 1496}, {'text': 'greatly ex - hausted', 'label': 'problem', 'score': 0.9681, 'start': 1506, 'end': 1526}, {'text': 'somewhat delirious', 'label': 'problem', 'score': 0.9953, 'start': 1531, 'end': 1549}, {'text': 'bile - stained mucus', 'label': 'problem', 'score': 0.9844, 'start': 1589, 'end': 1607}, {'text': 'condition', 'label': 'problem', 'score': 0.5809, 'start': 1768, 'end': 1777}, {'text': 'markedly ansemic', 'label': 'problem', 'score': 0.9909, 'start': 1798, 'end': 1814}, {'text': 'a slight yellow tinge', 'label': 'problem', 'score': 0.9717, 'start': 1831, 'end': 1852}, {'text': 'mu', 'label': 'problem', 'score': 0.5338, 'start': 1879, 'end': 1881}, {'text': 'very pale', 'label': 'problem', 'score': 0.753, 'start': 1902, 'end': 1911}, {'text': 'a deep ulceration on the left', 'label': 'problem', 'score': 0.9649, 'start': 1923, 'end': 1952}, {'text': 'the nasal septum', 'label': 'problem', 'score': 0.7745, 'start': 1962, 'end': 1978}, {'text': 'several crusts', 'label': 'problem', 'score': 0.9492, 'start': 1983, 'end': 1997}, {'text': 'a systolic murmur', 'label': 'problem', 'score': 0.9968, 'start': 2022, 'end': 2040}, {'text': 'the cardiac dulness', 'label': 'problem', 'score': 0.9836, 'start': 2140, 'end': 2159}, {'text': 'a systolic murmur', 'label': 'problem', 'score': 0.9969, 'start': 2225, 'end': 2243}]","[PROBLEM]:a copious epistaxis;a deep ulceration on the left;a second;a slight yellow tinge;a systolic murmur;any polyuria;attacks of faint - ness;bile - stained mucus;condition;conjunctive;considerably swollen;feverish turns;great dyspnoea;greatly ex - hausted;her legs and ankles;her temperature;lemon - yellow;markedly ansemic;miscarriages;mu;na;nose bleeds;pale;paler;palpitation;pearly white;several crusts;severe;somewhat delirious;the cardiac dulness;the hemorrhages;the nasal septum;very pale;weakness.[TREATMENT]:menstruation;prof;the operation.[TEST]:her temperature;mictur","The blood is chara^iteristic of pernicious ansmia. The hemorrhages are probably symptoms, not causes, of the anemia, for such a blood picture rarely if ever results from hemorrhage of the type here described. The respiratory, cardiac, and digestive symptoms, as well as the ledema, weakness, and fever, can be explained by the anemia. Other diseases are excluded by the absence of phjrsical signs pointing to them.","[PROBLEM]:chara;fever;hemorrhage;other diseases;pernicious ansmia;phjical signs;the anemia;the hemorrhages;the ledema;the respiratory cardiac and digestive symptoms;weakness.[TEST]:blood picture"
"5","CASE 5 

A vigorous man of 62 comee of a gouty family, many members of 
which have been long^ived. His mother is said to have died of cancer, 
seat unknown; and a paternal uncle of gastric cancer. In recent years 
the patient had had two brief attacks of pain and swelling in the great 
toe-joint; he has also had eczema, said to have been considered of gouty 
or^in. For some years be has occasionally lost moderate quantities 
of fresh blood from the rectum. He has been a good, thoi^h not a 
free liver; and has aiwajrs taken much exercise in the open air. 

Six months ago he was duck shooting on Lake Erie, and, the 
water being very low, he says that for three weeks he worked 
harder than ever before in his life, pushing and dragging his boat 
in shallow water. After returning home be felt tired and was indis- 
posed to exert himself in any way. Soon after he b^an to suffer 
every few days about 1 p.m. from severe continuous pain just below 
the right costal border and outside the edge of the rectus muscle. The 
pain bore no apparent relation to the quality of food; the attacks lasted 
from one half an hour to three hours, and were relieved by the passage 
of gas upward or downward. Sometimes the escape of gas seemed to 
be promoted by cooking soda or aromatic spirits of ammonia. The 
pain is sometimes very sharply localized, even to a point no larger than 
the finger tip; but sometimes spreads to the left and downward over 
an area as large as the palm of the hand. Gradually the attacks have 
increased in frequency and come on daily; of late, toward 5 p.m. 
There has been at times slight nausea, apparently due to the extreme 
severity of the pain. He never vomited until two days before he was 
seen, then repeatedly during the night; the vomitus was not character- 
istic. Position does not seem to influence the pain except in so far as 
it may aid the expulsion of gas. 

A week or ten days before he was seen, he had on two successive 
days black movements of the bowels, one very copious, unattended by 
rectal pain, faintness, or subsequent loss of color. Fever has been 
absent, and the urine negative. The appetite and ordinary digestion 
have been fair; there has been no noticeable loss of flesh or color. 
The tongue is slightly coated, the fingers show some gouty deposits, 
there is some tenderness on deep pressure just above and to the right 
of the navel; the smooth edge of the liver can be felt to descend 
below the right costal border, but only on full inspiration. Physical 
examination is otherwise negative. 

1. What diaeasee often cause epigastric pain relieved by the belching of gsa? Jyya- 
pepMa of various types, angiiia pectoris, neurasthenia. Usually motor dis- 
turbance and not fermeatation is the cause of such belching.

2. What type of stomikch trouble is to be expected at the age of 627 Cancer; 

rarely ulcer; sometimee the ^wtric Hymptonia depending on gall-etones and 
their reaulta. 

3. What U the relation of the gout to the other syinptoinsT *Gout and arterio- 

sderoMs are often closely aaBOciated. Arterio-sclerofiia is one of the diagnoaes 
to be conaideced in this case. 

4. Diagnosis? Prognosis? Treatment? 

Diagnoeia: Duodenal ulcer is etrani^y suggested by the position and sharp 
localiiation of a pain which t«nd.i to occur when the stomach is empty, by 
the tarry stools uid tlie reliel by alkalies. Hepatic cirrhosis is possible, but 
rarely causes such pain and cannot be diagnosed unless evidence of portal 
stasis appears. Angina pectoris may cause abdominal pain relieved by belch- 
ing, but never produces melama. There ate no physical evidences of artorio- 
aclerosis, but it may nevertheless be present. On the whole, the chief 
symptoms in the case seem becit explained by the diagnosis of duodenal 
uloer. The coiuM of the case apparently confirmed this diagnosis. 

ProptafOB: Most cases recover under proper treatment in the course of many 
months, but relapses are not uncommon. 

Treatment: Exclusive rectal feeding for ten days. Then a gradual return to 
full diet with meat and fish almost or quite excluded. Carbohydrates and 
fats should make up almost the whole of his diet, but milk may be taken 
fntify. If the symptoms persist or recur, operation may be necessary.","[{'text': 'cancer', 'label': 'problem', 'score': 0.9931, 'start': 134, 'end': 140}, {'text': 'gastric cancer', 'label': 'problem', 'score': 0.9965, 'start': 181, 'end': 195}, {'text': 'pain', 'label': 'problem', 'score': 0.9766, 'start': 255, 'end': 259}, {'text': 'swelling in the great toe - joint', 'label': 'problem', 'score': 0.9828, 'start': 264, 'end': 296}, {'text': 'eczema', 'label': 'problem', 'score': 0.9925, 'start': 314, 'end': 320}, {'text': 'gouty', 'label': 'problem', 'score': 0.9276, 'start': 354, 'end': 359}, {'text': 'moderate', 'label': 'problem', 'score': 0.5493, 'start': 408, 'end': 416}, {'text': 'fresh blood from the rectum', 'label': 'problem', 'score': 0.8476, 'start': 432, 'end': 459}, {'text': 'tired', 'label': 'problem', 'score': 0.8684, 'start': 799, 'end': 804}, {'text': 'severe continuous pain', 'label': 'problem', 'score': 0.9986, 'start': 919, 'end': 941}, {'text': 'the pain', 'label': 'problem', 'score': 0.9972, 'start': 1021, 'end': 1030}, {'text': 'the attacks', 'label': 'problem', 'score': 0.9854, 'start': 1081, 'end': 1092}, {'text': 'passage of', 'label': 'treatment', 'score': 0.6668, 'start': 1164, 'end': 1175}, {'text': 'gas', 'label': 'treatment', 'score': 0.62, 'start': 1176, 'end': 1179}, {'text': 'the escape of gas', 'label': 'problem', 'score': 0.7425, 'start': 1210, 'end': 1227}, {'text': 'cooking soda', 'label': 'treatment', 'score': 0.9597, 'start': 1254, 'end': 1266}, {'text': 'aromatic spirits of ammonia', 'label': 'treatment', 'score': 0.9776, 'start': 1270, 'end': 1297}, {'text': 'the pain', 'label': 'problem', 'score': 0.9963, 'start': 1299, 'end': 1308}, {'text': 'very sharply localized', 'label': 'problem', 'score': 0.8977, 'start': 1322, 'end': 1344}, {'text': 'the attacks', 'label': 'problem', 'score': 0.9939, 'start': 1499, 'end': 1510}, {'text': 'slight nausea', 'label': 'problem', 'score': 0.9978, 'start': 1607, 'end': 1620}, {'text': 'extreme severity', 'label': 'problem', 'score': 0.8291, 'start': 1644, 'end': 1661}, {'text': 'the pain', 'label': 'problem', 'score': 0.8053, 'start': 1665, 'end': 1673}, {'text': 'the pain', 'label': 'problem', 'score': 0.9894, 'start': 1837, 'end': 1845}, {'text': 'gas', 'label': 'problem', 'score': 0.5403, 'start': 1895, 'end': 1898}, {'text': 'black movements of the', 'label': 'problem', 'score': 0.9164, 'start': 1972, 'end': 1994}, {'text': 'rectal pain', 'label': 'problem', 'score': 0.8317, 'start': 2036, 'end': 2047}, {'text': 'faintness', 'label': 'problem', 'score': 0.99, 'start': 2049, 'end': 2058}, {'text': 'subsequent loss of color', 'label': 'problem', 'score': 0.9882, 'start': 2063, 'end': 2087}, {'text': 'fever', 'label': 'problem', 'score': 0.9911, 'start': 2089, 'end': 2094}, {'text': 'the urine', 'label': 'test', 'score': 0.9896, 'start': 2117, 'end': 2126}, {'text': 'noticeable loss of flesh or color', 'label': 'problem', 'score': 0.9114, 'start': 2208, 'end': 2241}, {'text': 'slightly coated', 'label': 'problem', 'score': 0.9975, 'start': 2258, 'end': 2273}, {'text': 'some gouty deposits', 'label': 'problem', 'score': 0.997, 'start': 2292, 'end': 2311}]","[PROBLEM]:black movements of the;cancer;eczema;extreme severity;faintness;fever;fresh blood from the rectum;gas;gastric cancer;gouty;moderate;noticeable loss of flesh or color;pain;rectal pain;severe continuous pain;slight nausea;slightly coated;some gouty deposits;subsequent loss of color;swelling in the great toe - joint;the attacks;the escape of gas;the pain;tired;very sharply localized.[TREATMENT]:aromatic spirits of ammonia;cooking soda;gas;passage of.[TEST]:the urine","Duodenal ulcer is etrani^y suggested by the position and sharp localiiation of a pain which t«nd.i to occur when the stomach is empty, by the tarry stools uid tlie reliel by alkalies. Hepatic cirrhosis is possible, but rarely causes such pain and cannot be diagnosed unless evidence of portal stasis appears. Angina pectoris may cause abdominal pain relieved by belch- ing, but never produces melama. There ate no physical evidences of artorio- aclerosis, but it may nevertheless be present. On the whole, the chief symptoms in the case seem becit explained by the diagnosis of duodenal uloer. The coiuM of the case apparently confirmed this diagnosis.","[PROBLEM]:a pain;abdominal pain;angina pectoris;artorio - aclerosis;duodenal ulcer;duodenal uloer;hepatic cirrhosis;melama;portal stasis;such pain;the chief symptoms;the tarry stools.[TREATMENT]:alkalies;belch - ing.[TEST]:the coium"
"6","CASE 6 

A child, 7 years of age, of healthy parentage, had made frequent 
complaint of pain in the left side of abdomen and was found by her 
mother to be rapidly losing flesh and strength. There was also an ac- 
count of quite frequent voiding of high-colored urine, with a brownish 
sediment. 

After several weeks the emaciation progressing, the mother noticed 
that the left side of the abdomen was larger than the right; that there 
was pain and tenderness on pressure, and that periods of "" constipation "" 
occurred, followed by the escape of large quantities of semi-liquid f«ces, 
without much change in the size of abdomen or relief to the pain and 
tenderness in left lumbar region. 

About this time the patient was taken to a physician, who confirmed 
the mother's observation of loss of flesh and strength, for the child was 
pale or sallow, emaciated and extremely weak. In the left lumbar 
region a ma^, irregular in outline and surface, painful on palpation, 
extended into the umbilical region and upwards to the margin of ribs 
in front; percussion showed tympanitic resonance over the central 
portion of the tumor. Elsewhere the tumor was flat on percussion. 

A specimen of urine showed: Reaction, acid; sp. gr. 1014; sediment, 
brownish and consisting of blood and brown granular matter. There 
were no casts, and the quantity of albumen present was small. 

1. What abdominal tumors are most frequent in children? Safcoraa of kidney; 

congenital qrstic kidney, dilated colon, secondary enlargements of spleen and 

2. How are tumore of the kidney to be diHtinguiahed from enlargement of the 

spleen? The sharp edge of the spleen and its notch can usually be felt. The 
kidney produces a rounded tumor palpable bimanualiy with one hand in the 
flank. The inflated colon traverses tumors of the kidney but pssaes behind 
those of the spleen. 

3. DiagnoMS? Prognosis? Treatment? 

IMagnoais: The age, the .tumor, the emaciation, the luematuria without casts, 
the apparent anfemia, strongly suggest malignant disease of the kidney, and 
at this age sareoma is the commonest type of malignant renal disease. Con- 
genital cystic disease of the kidneys does not produce such cachexia and is 
almost never associated with hematuria. The condition of the boweb ex- 
cluded dilated colon. The characteristics of this tumor are not those of a 
spleen. The tympanitic resonance over its centre is very possibly due to 
the colon. 

Prognosis: Recovery after operation has occurred, but b rare. Operation in 
this case confirmed the diagnosis, but was followed by recurrence and death 
mx months later. 

Treatment: Surgical interference offers the only hope of recovery and should 
be undertaken at once. Medical treatment can only alleviate the present 
symptoms, — i.e., the emaciation, htematuria, and pain.","[{'text': 'pain in the left side of abdomen', 'label': 'problem', 'score': 0.9963, 'start': 88, 'end': 120}, {'text': 'losing flesh and strength', 'label': 'problem', 'score': 0.8199, 'start': 164, 'end': 189}, {'text': 'an ac - count', 'label': 'test', 'score': 0.9946, 'start': 206, 'end': 219}, {'text': 'quite frequent voiding of high - colored urine', 'label': 'problem', 'score': 0.9828, 'start': 223, 'end': 267}, {'text': 'a brownish sediment', 'label': 'problem', 'score': 0.986, 'start': 274, 'end': 294}, {'text': 'emaciation', 'label': 'problem', 'score': 0.9235, 'start': 322, 'end': 332}, {'text': 'pain', 'label': 'problem', 'score': 0.9955, 'start': 443, 'end': 447}, {'text': 'tenderness', 'label': 'problem', 'score': 0.9599, 'start': 452, 'end': 462}, {'text': 'pressure', 'label': 'test', 'score': 0.6239, 'start': 466, 'end': 474}, {'text': 'constipation', 'label': 'problem', 'score': 0.9843, 'start': 498, 'end': 510}, {'text': 'semi - liquid f', 'label': 'problem', 'score': 0.9421, 'start': 570, 'end': 583}, {'text': 'ces', 'label': 'problem', 'score': 0.6177, 'start': 584, 'end': 587}, {'text': 'the pain', 'label': 'problem', 'score': 0.7635, 'start': 646, 'end': 654}, {'text': 'tenderness in', 'label': 'problem', 'score': 0.6218, 'start': 660, 'end': 673}, {'text': 'lur region', 'label': 'problem', 'score': 0.627, 'start': 679, 'end': 692}, {'text': 'loss of flesh and strength', 'label': 'problem', 'score': 0.9947, 'start': 793, 'end': 819}, {'text': 'pale', 'label': 'problem', 'score': 0.9893, 'start': 840, 'end': 844}, {'text': 'sallow', 'label': 'problem', 'score': 0.8562, 'start': 848, 'end': 854}, {'text': 'emaciated', 'label': 'problem', 'score': 0.8418, 'start': 856, 'end': 865}, {'text': 'extremely weak', 'label': 'problem', 'score': 0.9744, 'start': 870, 'end': 884}, {'text': 'a ma', 'label': 'problem', 'score': 0.7842, 'start': 913, 'end': 917}, {'text': 'irregular in outline and surface', 'label': 'problem', 'score': 0.8262, 'start': 920, 'end': 952}, {'text': 'painful', 'label': 'problem', 'score': 0.9051, 'start': 954, 'end': 961}, {'text': 'palpation', 'label': 'test', 'score': 0.8016, 'start': 965, 'end': 974}, {'text': 'percussion', 'label': 'test', 'score': 0.9905, 'start': 1057, 'end': 1067}, {'text': 'tympanitic resonance over the central portion', 'label': 'problem', 'score': 0.8887, 'start': 1075, 'end': 1121}, {'text': 'the tumor', 'label': 'problem', 'score': 0.9912, 'start': 1125, 'end': 1134}, {'text': 'the tumor', 'label': 'problem', 'score': 0.9947, 'start': 1146, 'end': 1155}, {'text': 'percussion', 'label': 'test', 'score': 0.7272, 'start': 1168, 'end': 1178}, {'text': 'urine', 'label': 'test', 'score': 0.6183, 'start': 1196, 'end': 1201}, {'text': 'reaction', 'label': 'problem', 'score': 0.5092, 'start': 1210, 'end': 1218}, {'text': 'acid', 'label': 'test', 'score': 0.6755, 'start': 1220, 'end': 1224}, {'text': 'sediment brownish', 'label': 'problem', 'score': 0.8109, 'start': 1240, 'end': 1259}, {'text': 'blood and brown granular matter', 'label': 'problem', 'score': 0.9188, 'start': 1278, 'end': 1309}, {'text': 'casts', 'label': 'problem', 'score': 0.9188, 'start': 1326, 'end': 1331}, {'text': 'albumen', 'label': 'test', 'score': 0.6254, 'start': 1353, 'end': 1360}, {'text': 'what abdominal tumors', 'label': 'problem', 'score': 0.8919, 'start': 1385, 'end': 1406}, {'text': 'safcoraa of kidney', 'label': 'problem', 'score': 0.9723, 'start': 1438, 'end': 1456}, {'text': 'congenital qrstic kidney', 'label': 'problem', 'score': 0.9952, 'start': 1460, 'end': 1484}, {'text': 'dilated colon', 'label': 'problem', 'score': 0.9951, 'start': 1486, 'end': 1499}, {'text': 'secondary enlargements of spleen', 'label': 'problem', 'score': 0.9986, 'start': 1501, 'end': 1533}, {'text': 'tumore of the kidney', 'label': 'problem', 'score': 0.9916, 'start': 1551, 'end': 1571}, {'text': 'enlargement of the spleen', 'label': 'problem', 'score': 0.9961, 'start': 1597, 'end': 1624}, {'text': 'sp', 'label': 'problem', 'score': 0.7043, 'start': 1648, 'end': 1650}, {'text': 'a rounded tumor palpable', 'label': 'problem', 'score': 0.8996, 'start': 1711, 'end': 1735}, {'text': 'tumors of the kidney', 'label': 'problem', 'score': 0.9944, 'start': 1805, 'end': 1825}, {'text': 'treatment', 'label': 'treatment', 'score': 0.8833, 'start': 1892, 'end': 1901}, {'text': 'imagnoais', 'label': 'problem', 'score': 0.6569, 'start': 1905, 'end': 1914}, {'text': 'the age', 'label': 'problem', 'score': 0.9813, 'start': 1916, 'end': 1923}, {'text': 'the tumor', 'label': 'problem', 'score': 0.988, 'start': 1925, 'end': 1935}, {'text': 'the emaciation', 'label': 'problem', 'score': 0.9955, 'start': 1937, 'end': 1951}, {'text': 'the luematuria', 'label': 'problem', 'score': 0.9642, 'start': 1953, 'end': 1967}, {'text': 'casts', 'label': 'problem', 'score': 0.898, 'start': 1976, 'end': 1981}, {'text': 'the apparent anfemia', 'label': 'problem', 'score': 0.9786, 'start': 1984, 'end': 2004}, {'text': 'malignant disease of the kidney', 'label': 'problem', 'score': 0.9801, 'start': 2023, 'end': 2054}, {'text': 'sareoma', 'label': 'problem', 'score': 0.9899, 'start': 2073, 'end': 2080}, {'text': 'malignant renal disease', 'label': 'problem', 'score': 0.9449, 'start': 2106, 'end': 2129}, {'text': 'con - genital cystic disease of the kidneys', 'label': 'problem', 'score': 0.9968, 'start': 2131, 'end': 2174}, {'text': 'such cachexia', 'label': 'problem', 'score': 0.9921, 'start': 2192, 'end': 2205}, {'text': 'hemat', 'label': 'problem', 'score': 0.9511, 'start': 2243, 'end': 2248}]","[PROBLEM]:a brownish sediment;a ma;a rounded tumor palpable;blood and brown granular matter;casts;ces;con - genital cystic disease of the kidneys;congenital qrstic kidney;constipation;dilated colon;emaciated;emaciation;enlargement of the spleen;extremely weak;hemat;imagnoais;irregular in outline and surface;losing flesh and strength;loss of flesh and strength;lur region;malignant disease of the kidney;malignant renal disease;pain;pain in the left side of abdomen;painful;pale;quite frequent voiding of high - colored urine;reaction;safcoraa of kidney;sallow;sareoma;secondary enlargements of spleen;sediment brownish;semi - liquid f;sp;such cachexia;tenderness;tenderness in;the age;the apparent anfemia;the emaciation;the luematuria;the pain;the tumor;tumore of the kidney;tumors of the kidney;tympanitic resonance over the central portion;what abdominal tumors.[TREATMENT]:treatment.[TEST]:acid;albumen;an ac - count;palpation;percussion;pressure;urine","The age, the .tumor, the emaciation, the luematuria without casts, the apparent anfemia, strongly suggest malignant disease of the kidney, and at this age sareoma is the commonest type of malignant renal disease. Con- genital cystic disease of the kidneys does not produce such cachexia and is almost never associated with hematuria. The condition of the boweb ex- cluded dilated colon. The characteristics of this tumor are not those of a spleen. The tympanitic resonance over its centre is very possibly due to the colon.","[PROBLEM]:boweb ex - cluded dilated colon;casts;con - genital cystic disease of the kidneys;hematuria;malignant disease of the kidney;malignant renal disease;sareoma;such cachexia;the apparent anfemia;the colon;the emaciation;the luematuria without;the tumor;this tumor.[TEST]:the tympanitic resonance over"
"7","CASE 7 

A married woman of 50, has had three children, the youngest 17, 
no miscarriage, and has passed the menopause without disturb- 
ance. Soon after the birth of her second child she became unconscious 
with dilated pupils, had convulsions, right hemiplegia and aphasia 
but recovered entirely. Her domestic life has not been happy for some 
years. During the eighteen months that she has been under the care 
of her present attendant she has had emotional attacks, periods of 
mental depression and insomnia, goes to bed, refuses food, and if crossed 
becomes hysterical. Passed last summer in the country with benefit. 
In the autumn she went to the office of her physician for swelling of 
the face and puffiness of the eyelids, and complained that the skin was 
dry and perspiration deficient. Nine months later these symptoms 
persist. She denies special sensitiveness to cold. Several examina- 
tions of the urine have been made with negative results. The twenty- 
four-hour quantity is not known. The pulse is 72, regular; the tem- 
perature normal; the blood negative; the tongue clear. The complexion 
is somewhat waxy; the eyelids are rather baggy and translucent; the 
whole face had a puffy look. The skin ^ on a warm day, June 17 — 
is slightly moist. Visceral examination is negative except for a mobile 
right kidney. No motor paralysis; reflexes and sensibility normal. 

1 . What is the significance of the mobile right kidney in relation to the other symp- 

toma of this catief It is inugnificant and the physician should on no account 
mention its presence, which may give rise to great alarm. 

2. What was the cause of the hemiplegia and aphasia? The toxnmia known as 

eclampsia seems to account for them. A small cerebral hemorrhage is 
possible. 

3. What test would make the diagnosis easier? (See diagnosis.) 

4. Diagnosis? Progno«s7 Treatment? 

Diagnosis; The age and sex, the mental symptoms, the dry skin and puffy, 
warty face, with negative urine and heart, strongly suggest myxcedema. 
The therapeutic test (see question 3) confirmed this suggestion. Thyroid 
extract produced a rapid improvement and final cessation of all the symptoms. 
The only atypical features of the case are the absence of subnormal tempera- 
ture and of sensitiveness to cold. The apparently eclamptic seizure in early 
hfe is interesting in view of the possible connection between eclampsia and 
deficient thyroid activity which various writers have recently suggested. 

Prognosis: Under persistent thyroid treatment she should remain well for her 
natural term of life. 

Treatment; Any of the standard thyroid tablets may be given in doses of 2 
grains thrice daily, gradually increadng until the pulse rate quickens. The 
drug should then be continued at whatever dose can be borne without ma- 
terially increasing the pulse rate above normal. Considerable loss of weight 
usually takes place in the earlier weeks of treatment.","[{'text': 'miscarriage', 'label': 'problem', 'score': 0.7631, 'start': 77, 'end': 88}, {'text': 'disturb - ance', 'label': 'problem', 'score': 0.8476, 'start': 127, 'end': 141}, {'text': 'unconscious', 'label': 'problem', 'score': 0.9503, 'start': 195, 'end': 206}, {'text': 'dilated pupils', 'label': 'problem', 'score': 0.9181, 'start': 213, 'end': 227}, {'text': 'convulsions', 'label': 'problem', 'score': 0.9823, 'start': 233, 'end': 244}, {'text': 'right hemiplegia', 'label': 'problem', 'score': 0.9971, 'start': 246, 'end': 262}, {'text': 'aphasia', 'label': 'problem', 'score': 0.9651, 'start': 267, 'end': 274}, {'text': 'emotional attacks', 'label': 'problem', 'score': 0.9985, 'start': 452, 'end': 469}, {'text': 'mental depression', 'label': 'problem', 'score': 0.9947, 'start': 483, 'end': 500}, {'text': 'insomnia', 'label': 'problem', 'score': 0.9218, 'start': 505, 'end': 513}, {'text': 'hysterical', 'label': 'problem', 'score': 0.9888, 'start': 566, 'end': 576}, {'text': 'swelling of the face', 'label': 'problem', 'score': 0.9985, 'start': 685, 'end': 706}, {'text': 'puffiness of the eyelids', 'label': 'problem', 'score': 0.9909, 'start': 711, 'end': 735}, {'text': 'the skin', 'label': 'problem', 'score': 0.6983, 'start': 757, 'end': 765}, {'text': 'dry', 'label': 'problem', 'score': 0.9778, 'start': 771, 'end': 774}, {'text': 'perspiration deficient', 'label': 'problem', 'score': 0.9923, 'start': 779, 'end': 801}, {'text': 'these symptoms', 'label': 'problem', 'score': 0.9804, 'start': 821, 'end': 835}, {'text': 'special sensitiveness', 'label': 'problem', 'score': 0.92, 'start': 857, 'end': 878}, {'text': 'cold', 'label': 'problem', 'score': 0.9829, 'start': 882, 'end': 886}, {'text': 'several examina - tions of the urine', 'label': 'test', 'score': 0.9357, 'start': 888, 'end': 924}, {'text': 'the pulse', 'label': 'test', 'score': 0.9383, 'start': 1009, 'end': 1018}, {'text': 'the tem - perature', 'label': 'test', 'score': 0.9056, 'start': 1035, 'end': 1053}, {'text': 'the blood', 'label': 'test', 'score': 0.9812, 'start': 1062, 'end': 1071}, {'text': 'somewhat waxy', 'label': 'problem', 'score': 0.8757, 'start': 1119, 'end': 1132}, {'text': 'baggy', 'label': 'problem', 'score': 0.9239, 'start': 1157, 'end': 1162}, {'text': 'translucent', 'label': 'problem', 'score': 0.6087, 'start': 1167, 'end': 1178}, {'text': 'a puffy look', 'label': 'problem', 'score': 0.9235, 'start': 1200, 'end': 1212}, {'text': 'slightly moist', 'label': 'problem', 'score': 0.9259, 'start': 1254, 'end': 1268}, {'text': 'visceral examination', 'label': 'test', 'score': 0.9893, 'start': 1270, 'end': 1290}, {'text': 'motor paralysis', 'label': 'problem', 'score': 0.9983, 'start': 1341, 'end': 1356}, {'text': 'this catief', 'label': 'problem', 'score': 0.8337, 'start': 1490, 'end': 1501}, {'text': 'inugnificant', 'label': 'problem', 'score': 0.6336, 'start': 1508, 'end': 1520}, {'text': 'the hemiplegia', 'label': 'problem', 'score': 0.9971, 'start': 1646, 'end': 1660}, {'text': 'aphasia', 'label': 'problem', 'score': 0.9743, 'start': 1665, 'end': 1672}, {'text': 'the toxnmia', 'label': 'problem', 'score': 0.9834, 'start': 1674, 'end': 1685}, {'text': 'eclampsia', 'label': 'problem', 'score': 0.9176, 'start': 1697, 'end': 1706}, {'text': 'a small cerebral hemorrhage', 'label': 'problem', 'score': 0.9979, 'start': 1734, 'end': 1761}, {'text': 'treatment', 'label': 'treatment', 'score': 0.7172, 'start': 1867, 'end': 1876}, {'text': 'the mental symptoms', 'label': 'problem', 'score': 0.948, 'start': 1908, 'end': 1927}, {'text': 'the dry skin and puffy warty face', 'label': 'problem', 'score': 0.9513, 'start': 1929, 'end': 1964}, {'text': 'myxcedema', 'label': 'problem', 'score': 0.979, 'start': 2014, 'end': 2023}, {'text': 'the therapeutic test', 'label': 'test', 'score': 0.9953, 'start': 2026, 'end': 2046}, {'text': 'thyroid extract', 'label': 'treatment', 'score': 0.949, 'start': 2091, 'end': 2107}, {'text': 'all the symptoms', 'label': 'problem', 'score': 0.7798, 'start': 2160, 'end': 2176}, {'text': 'subnormal tempera - ture', 'label': 'problem', 'score': 0.9141, 'start': 2237, 'end': 2261}]","[PROBLEM]:a puffy look;a small cerebral hemorrhage;all the symptoms;aphasia;baggy;cold;convulsions;dilated pupils;disturb - ance;dry;eclampsia;emotional attacks;hysterical;insomnia;inugnificant;mental depression;miscarriage;motor paralysis;myxcedema;perspiration deficient;puffiness of the eyelids;right hemiplegia;slightly moist;somewhat waxy;special sensitiveness;subnormal tempera - ture;swelling of the face;the dry skin and puffy warty face;the hemiplegia;the mental symptoms;the skin;the toxnmia;these symptoms;this catief;translucent;unconscious.[TREATMENT]:thyroid extract;treatment.[TEST]:several examina - tions of the urine;the blood;the pulse;the tem - perature;the therapeutic test;visceral examination","The age and sex, the mental symptoms, the dry skin and puffy, warty face, with negative urine and heart, strongly suggest myxcedema. The therapeutic test (see question 3) confirmed this suggestion. Thyroid extract produced a rapid improvement and final cessation of all the symptoms. The only atypical features of the case are the absence of subnormal tempera- ture and of sensitiveness to cold. The apparently eclamptic seizure in early hfe is interesting in view of the possible connection between eclampsia and deficient thyroid activity which various writers have recently suggested.","[PROBLEM]:all;atypical features;cold;deficient thyroid activity;eclampsia;myxcedema;of;puffy warty face;sensitiveness;subnormal tempera - ture;the;the apparently eclamptic seizure in early hfe;the dry skin;the mental symptoms;the symptoms.[TREATMENT]:thyroid extract.[TEST]:the therapeutic test"
"8","CASE 8 

A coachman, 42 years old, of good family history, ia seen April 20. 
Health has always been good except for a severe attack of penumonia 
three years ago, which was followed by phlebitis in the left femoral vein. 
The left leg has remained somewhat swollen, and has been tense and 
rather painful toward night. It has caused rather more discomfort 
than usual during the past few days. Yesterday morning he got up 
feeling as usual , but on reaching the house of bis employer felt nauseated 
and had some diarrhuea, which continued during the day. He felt 
feverish and weak. Went to work again this momiag, but gave up 
after half an hour owing to nausea and pain in the lower abdomen, and 
went to bed. At eleven o'clock had a distinct chill. Was seen for the 
first time at 12.45 p.m. The patient was a stout man who looked acutely 
sick. The chest was negative. Owing to a thick fat layer, examina- 
tion of the abdomen was not altogether satisfactory; it was some- 
what distended and tympanitic and there was considerable tenderness 
over the lower portion below the level of the iliac crests, but no 
area of special tenderness, nor could a tumor be felt anjnvhere. The 
left leg was somewhat larger than the right throughout. The skin 
below the knee pitted slightly on pressure. There was a little tender- 
ness over the femoral ring. The temperature was then 103, pulse 110, 
respirations 26. At 3 p.m. urgent summons were received to call 
immediately as the patient had had a convulsion, was breathing 
rapidly and with great difficulty, and was very cyanotic. 

1. Wliat are tbe commonest causea of cyanosis? Heart disease (valvular or parietal), 

emphyeema, pneumonia, asthma, metluemoglobiiuemia (usually from acetaniltd 
in headache powders). 

2. What important data do you miss in the account of this case? A leucocyte 

count and urinary examination. 

3. Do you expect a 1^ to remain swollen three years aft«r an attack of phlebitis? 

Yes; the leg does not often regain its normal size. 

4. Diagnosis? Prognosis? Treatment? 

Diagnosis: The symptoms at the first visit were very indecisive. Diarrhcea, 
nausea, abdominal pain with fever and weakness, suggest nothing more than 
acute gaatro-enteritis, and even the tenderness found in the lower abdomen 
is not distinctive. Peritonitis (possibly from appendicitis) was considered. 
But the history of an old femoral thrombosis and the tenderness over the 
femoral ring lead us to think that the thrombus may have progressed up 
into the abdominal veins and to interpret the later puhnonary symptoms 
(sudden onset of ds^ncea and cyanosis) as pulmonary embolism from the 
thrombosed abdominal veins. Autopsy showed this condition, 

Frognods: Pulmonary embolism is almost invariably fatal within a few min- 
utes or hours, but a few cases with all signs of the disease have recovered. 

Treatment; Oxygen is usually administered and may possibly be of some ser- 
vice. Otherwise tbe treatment is purely expectant and symptomatic.","[{'text': 'a severe attack of penumonia', 'label': 'problem', 'score': 0.898, 'start': 117, 'end': 145}, {'text': 'phlebitis in the left femoral vein', 'label': 'problem', 'score': 0.9905, 'start': 186, 'end': 220}, {'text': 'somewhat swollen', 'label': 'problem', 'score': 0.9864, 'start': 249, 'end': 265}, {'text': 'tense', 'label': 'problem', 'score': 0.9596, 'start': 280, 'end': 285}, {'text': 'rather painful', 'label': 'problem', 'score': 0.6663, 'start': 291, 'end': 305}, {'text': 'discomfort', 'label': 'problem', 'score': 0.459, 'start': 346, 'end': 356}, {'text': 'nauseated', 'label': 'problem', 'score': 0.9921, 'start': 490, 'end': 499}, {'text': 'some', 'label': 'problem', 'score': 0.9547, 'start': 509, 'end': 513}, {'text': 'diarrhuea', 'label': 'problem', 'score': 0.8982, 'start': 514, 'end': 523}, {'text': 'feverish', 'label': 'problem', 'score': 0.9333, 'start': 566, 'end': 574}, {'text': 'weak', 'label': 'problem', 'score': 0.9579, 'start': 579, 'end': 583}, {'text': 'nausea', 'label': 'problem', 'score': 0.9978, 'start': 658, 'end': 664}, {'text': 'pain in the lower abdomen', 'label': 'problem', 'score': 0.9984, 'start': 669, 'end': 694}, {'text': 'a distinct chill', 'label': 'problem', 'score': 0.9972, 'start': 736, 'end': 752}, {'text': 'acutely sick', 'label': 'problem', 'score': 0.9285, 'start': 836, 'end': 849}, {'text': 'a thick fat layer', 'label': 'problem', 'score': 0.9935, 'start': 884, 'end': 901}, {'text': 'examina - tion of the abdomen', 'label': 'test', 'score': 0.9855, 'start': 903, 'end': 932}, {'text': 'some', 'label': 'problem', 'score': 0.9216, 'start': 973, 'end': 977}, {'text': 'what distended', 'label': 'problem', 'score': 0.923, 'start': 980, 'end': 994}, {'text': 'tympanitic', 'label': 'problem', 'score': 0.9185, 'start': 999, 'end': 1009}, {'text': 'considerable tenderness overiac crest', 'label': 'problem', 'score': 0.7297, 'start': 1024, 'end': 1106}, {'text': 'special tenderness', 'label': 'problem', 'score': 0.9521, 'start': 1125, 'end': 1143}, {'text': 'a tumor', 'label': 'problem', 'score': 0.9954, 'start': 1155, 'end': 1162}, {'text': 'pressure', 'label': 'test', 'score': 0.6288, 'start': 1287, 'end': 1295}, {'text': 'a little tender - ness over the femoral ring', 'label': 'problem', 'score': 0.9054, 'start': 1307, 'end': 1351}, {'text': 'the temperature', 'label': 'test', 'score': 0.8461, 'start': 1353, 'end': 1368}, {'text': 'pulse', 'label': 'test', 'score': 0.9923, 'start': 1383, 'end': 1388}, {'text': 'respirations', 'label': 'test', 'score': 0.9885, 'start': 1395, 'end': 1407}, {'text': 'a convulsion', 'label': 'problem', 'score': 0.9969, 'start': 1495, 'end': 1507}, {'text': 'breathing rapidly', 'label': 'problem', 'score': 0.8366, 'start': 1513, 'end': 1531}, {'text': 'great difficulty', 'label': 'problem', 'score': 0.9831, 'start': 1541, 'end': 1557}, {'text': 'very cyanotic', 'label': 'problem', 'score': 0.988, 'start': 1567, 'end': 1580}, {'text': 'tb', 'label': 'problem', 'score': 0.7787, 'start': 1597, 'end': 1599}, {'text': 'cyanosis', 'label': 'problem', 'score': 0.9876, 'start': 1621, 'end': 1629}, {'text': 'heart disease', 'label': 'problem', 'score': 0.9979, 'start': 1631, 'end': 1644}, {'text': 'valvular or parietal', 'label': 'problem', 'score': 0.8825, 'start': 1646, 'end': 1667}, {'text': 'emphyeema', 'label': 'problem', 'score': 0.9224, 'start': 1671, 'end': 1680}, {'text': 'pneumonia', 'label': 'problem', 'score': 0.997, 'start': 1682, 'end': 1691}, {'text': 'asthma', 'label': 'problem', 'score': 0.9975, 'start': 1693, 'end': 1699}, {'text': 'metluemoglobiiuemia', 'label': 'problem', 'score': 0.9796, 'start': 1701, 'end': 1720}, {'text': 'acetani', 'label': 'treatment', 'score': 0.7215, 'start': 1735, 'end': 1742}, {'text': 'headache powders', 'label': 'treatment', 'score': 0.8762, 'start': 1750, 'end': 1766}, {'text': 'a leucocyte count', 'label': 'test', 'score': 0.997, 'start': 1835, 'end': 1854}, {'text': 'urinary examination', 'label': 'test', 'score': 0.9521, 'start': 1859, 'end': 1878}, {'text': 'swollen', 'label': 'problem', 'score': 0.919, 'start': 1914, 'end': 1921}, {'text': 'an attack of', 'label': 'problem', 'score': 0.5808, 'start': 1940, 'end': 1952}, {'text': 'phlebitis', 'label': 'problem', 'score': 0.9528, 'start': 1953, 'end': 1962}, {'text': 'the symptoms', 'label': 'problem', 'score': 0.9833, 'start': 2069, 'end': 2081}, {'text': 'very indecisive', 'label': 'problem', 'score': 0.9221, 'start': 2106, 'end': 2121}, {'text': 'diarrhcea', 'label': 'problem', 'score': 0.9938, 'start': 2123, 'end': 2132}, {'text': 'nausea', 'label': 'problem', 'score': 0.9962, 'start': 2135, 'end': 2141}]","[PROBLEM]:a convulsion;a distinct chill;a little tender - ness over the femoral ring;a severe attack of penumonia;a thick fat layer;a tumor;acutely sick;an attack of;asthma;breathing rapidly;considerable tenderness overiac crest;cyanosis;diarrhcea;diarrhuea;discomfort;emphyeema;feverish;great difficulty;heart disease;metluemoglobiiuemia;nausea;nauseated;pain in the lower abdomen;phlebitis;phlebitis in the left femoral vein;pneumonia;rather painful;some;somewhat swollen;special tenderness;swollen;tb;tense;the symptoms;tympanitic;valvular or parietal;very cyanotic;very indecisive;weak;what distended.[TREATMENT]:acetani;headache powders.[TEST]:a leucocyte count;examina - tion of the abdomen;pressure;pulse;respirations;the temperature;urinary examination","The symptoms at the first visit were very indecisive. Diarrhcea, nausea, abdominal pain with fever and weakness, suggest nothing more than acute gaatro-enteritis, and even the tenderness found in the lower abdomen is not distinctive. Peritonitis (possibly from appendicitis) was considered. But the history of an old femoral thrombosis and the tenderness over the femoral ring lead us to think that the thrombus may have progressed up into the abdominal veins and to interpret the later puhnonary symptoms (sudden onset of ds^ncea and cyanosis) as pulmonary embolism from the thrombosed abdominal veins. Autopsy showed this condition,","[PROBLEM]:abdominal pain;acute gaatro - enteritis;an old femoral thrombosis;appendicitis;cyanosis;diarrhcea;ds ^ ncea;fever;nausea;peritonitis;pulmonary embolism from the thrombosed abdominal veins;the later puhnonary symptoms;the symptoms;the tenderness;the tenderness over the femoral ring;the thrombus;this condition;weakness.[TEST]:autopsy"
"9","CASE 9 

J. B., male, aged 32 (occupation, cook), came to the out- 
patient department of the hospital Jan. 6, 1899. His family history 
was negative and previous history good. He denied any syphilitic 
infection, but admitted having had a urethritis some years previously. 
He had never had an attack similar in character to this. The present 
illness he dated from December 30, 1898, eight days before applying for 
relief at the hospital. The first symptoms seemed to have come on 
rather suddenly with a rigor of marked severity, followed by fever and, 
later, by profuse sweating. Almost immediately afterward he was 
seized with intense muscular pains, extending over the trunk and limbs; 
these pains were agonizing in character, increased on the slightest exer- 
tion, and had been present, with varying degrees of severity, until his 
admission. They prevented him from sleeping, and were spoken of 
by the patient as being not unlike rheumatism, i.e., dull and aching, 
while he was in the recumbent posture, becoming intensely lancinating 
as soon as the slightest exercise was attempted. His appetite, which 
had previously been of the beat, was absolutely lost and he had eaten 
nothing for three days. With the exception of some slight frequency 
of micturition and a slight cough with expectoration, there was nothing 
else of importance in the history of the illness. 

Examination: The patient is rather a large, well-formed man, the 
mucous membranes of good color, tongue moist, and with a slight white 
fur. The eyes are markedly injected, the eyelids slightly but distinctly 
(edematous, and an erythematous area above the swelling. Negative 
results were obtained everywhere on auscultation and percussion, 
except at the bases of both lungs behind, where a few moist rales were 
made out. The heart sounds were quite clear. The liver and spleen were 
not palpable; the abdomen was soft and natural in appearance, nega- 
tive results being obtained on palpation. No rose spots were seen. 
There was no superficial glandular enlargement. Pulse was 100, 
respiration 24 to the minute. The temperature ranged in the vicimty 
of 103"" for three weeks and then gradually subsided. The urine was 
normal in color, acid, sp. gr. 1026. Microscopically, it showed 
pus-corpuscles in considerable quantity, epithelial cells, and a few 
mucous cylinders. 

1, What important informatioQ might be gained hj testing; the knee-jerks in this 

case? Neuritis — one of the diagnoaes to be considered in this case would 
be suggested if the knee-jerks were diminished or absent. 

2. Commonest causes (a) of absent knee-jerk? (6) of increased knee-jerk? (a) Neuritis, 

tabes, anterior poliomyelitis. (6) Brain hemorrhage or other organic brain 
lesion (focal or diffuse), spastic paraplegia, pressure myelitis, chronic arthritis.

3. What infectiotu diaeaaM cause severe pains in the trunk and limba? Grippe, 

tonnUttia, variola, dengue, trichiniasis, yellow (ever. Milder pains accompany 
some caees of typhoid, sepsis, pneumonia, or any other infection. 

4. What further examinations would throw light, upon your preliminary diagnosis 

here? Blood examination and tests of the deep reBexes. 
6, Diagnosis? Prognosis? Treatment? 

Diagnosis: Blood examination showed a leucocytoeis. This suggested a dif- 
ferential count which revealed a very marked eoainophilia. A bit of the 
biceps muscle was then excised and trichina were demonstrated in it by 
histological examination. If blood examination is included in our investiga- 
tion of such a case, diagnosis (in temperate climat«8) is usually very easy as 
there is no other chronic febrile disease with eosinophilia and severe muscu- 
lar ptuus. In the tropics other fevers complicated by the presence of 
int«stinal parasites may be hard to distinguish from trichiniasis unless 
trichine are found in the muscles. In any climate many cases closely 
simulate typhoid and without blood examination are sura to be mbtaken 
for it. Others pass as "" muscular rheumatism."" 

Frt^inosia: Host cases recover in the couise of a few months or less. Belapaes 

Treatment is thus far inefficient. We seek to relieve pain and support strength. ","[{'text': 'syphilitic infection', 'label': 'problem', 'score': 0.9291, 'start': 191, 'end': 212}, {'text': 'a urethritis', 'label': 'problem', 'score': 0.9488, 'start': 238, 'end': 250}, {'text': 'an attack', 'label': 'problem', 'score': 0.9969, 'start': 292, 'end': 301}, {'text': 'the first symptomsor', 'label': 'problem', 'score': 0.774, 'start': 442, 'end': 513}, {'text': 'severity', 'label': 'problem', 'score': 0.7548, 'start': 524, 'end': 532}, {'text': 'fever', 'label': 'problem', 'score': 0.9979, 'start': 546, 'end': 551}, {'text': 'profuse sweating', 'label': 'problem', 'score': 0.8866, 'start': 568, 'end': 584}, {'text': 'intense muscular pains', 'label': 'problem', 'score': 0.9964, 'start': 635, 'end': 657}, {'text': 'these pains', 'label': 'problem', 'score': 0.9474, 'start': 696, 'end': 707}, {'text': 'exeron', 'label': 'test', 'score': 0.6328, 'start': 764, 'end': 775}, {'text': 'rheumatism', 'label': 'problem', 'score': 0.9292, 'start': 944, 'end': 954}, {'text': 'dull', 'label': 'problem', 'score': 0.9907, 'start': 962, 'end': 966}, {'text': 'aching', 'label': 'problem', 'score': 0.9623, 'start': 971, 'end': 977}, {'text': 'intensely lancinating', 'label': 'problem', 'score': 0.9918, 'start': 1028, 'end': 1049}, {'text': 'some slight frequency of micturition', 'label': 'problem', 'score': 0.9596, 'start': 1238, 'end': 1275}, {'text': 'a slight cough with expectoration', 'label': 'problem', 'score': 0.8646, 'start': 1280, 'end': 1313}, {'text': 'the illness', 'label': 'problem', 'score': 0.9677, 'start': 1371, 'end': 1382}, {'text': 'a slight white fur', 'label': 'problem', 'score': 0.9258, 'start': 1507, 'end': 1526}, {'text': 'markedly injected', 'label': 'problem', 'score': 0.996, 'start': 1541, 'end': 1558}, {'text': 'slightly but distinctly  edematous', 'label': 'problem', 'score': 0.8109, 'start': 1572, 'end': 1607}, {'text': 'an erythematous area', 'label': 'problem', 'score': 0.9896, 'start': 1613, 'end': 1633}, {'text': 'the swelling', 'label': 'problem', 'score': 0.9885, 'start': 1640, 'end': 1652}, {'text': 'auscultation', 'label': 'test', 'score': 0.876, 'start': 1700, 'end': 1712}, {'text': 'percussion', 'label': 'test', 'score': 0.9864, 'start': 1717, 'end': 1727}, {'text': 'few moist rales', 'label': 'problem', 'score': 0.7279, 'start': 1780, 'end': 1795}, {'text': 'negave', 'label': 'test', 'score': 0.7426, 'start': 1936, 'end': 1947}, {'text': 'palpation', 'label': 'test', 'score': 0.8738, 'start': 1974, 'end': 1983}, {'text': 'rose spots', 'label': 'problem', 'score': 0.9968, 'start': 1988, 'end': 1998}, {'text': 'superficial glandular enlargement', 'label': 'problem', 'score': 0.9989, 'start': 2024, 'end': 2057}, {'text': 'pulse', 'label': 'test', 'score': 0.9879, 'start': 2059, 'end': 2064}, {'text': 'respiration', 'label': 'test', 'score': 0.9858, 'start': 2075, 'end': 2086}, {'text': 'the', 'label': 'test', 'score': 0.742, 'start': 2105, 'end': 2108}, {'text': 'temperature', 'label': 'test', 'score': 0.4321, 'start': 2109, 'end': 2120}, {'text': 'the urine', 'label': 'test', 'score': 0.8089, 'start': 2197, 'end': 2206}, {'text': 'acid', 'label': 'test', 'score': 0.7269, 'start': 2229, 'end': 2233}, {'text': 'pus - corpuscles', 'label': 'problem', 'score': 0.9547, 'start': 2277, 'end': 2291}, {'text': 'epelial cells', 'label': 'problem', 'score': 0.6807, 'start': 2318, 'end': 2334}, {'text': 'a few mucous cylinders', 'label': 'problem', 'score': 0.9356, 'start': 2340, 'end': 2363}]","[PROBLEM]:a few mucous cylinders;a slight cough with expectoration;a slight white fur;a urethritis;aching;an attack;an erythematous area;dull;epelial cells;fever;few moist rales;intense muscular pains;intensely lancinating;markedly injected;profuse sweating;pus - corpuscles;rheumatism;rose spots;severity;slightly but distinctly  edematous;some slight frequency of micturition;superficial glandular enlargement;syphilitic infection;the first symptomsor;the illness;the swelling;these pains.[TEST]:acid;auscultation;exeron;negave;palpation;percussion;pulse;respiration;temperature;the;the urine","Blood examination showed a leucocytoeis. This suggested a dif- ferential count which revealed a very marked eoainophilia. A bit of the biceps muscle was then excised and trichina were demonstrated in it by histological examination. If blood examination is included in our investiga- tion of such a case, diagnosis (in temperate climat«8) is usually very easy as there is no other chronic febrile disease with eosinophilia and severe muscu- lar ptuus. In the tropics other fevers complicated by the presence of int«stinal parasites may be hard to distinguish from trichiniasis unless trichine are found in the muscles. In any climate many cases closely simulate typhoid and without blood examination are sura to be mbtaken for it. Others pass as "" muscular rheumatism.""","[PROBLEM]:a leucocytoeis;a very marked eoainophilia;eosinophilia;int « stinal parasites;muscular rheumatism;other chronic febrile disease;other fevers;severe muscu - lar ptuus;trichiniasis;typhoid.[TREATMENT]:trichine.[TEST]:a dif - ferential count;blood examination;histological examination"
"10","CASE 10 

The patient is a contractor of 50. He ia of heavy build, stout 
and red in the face. For several years he has had violent cough in the 
winter, accompanied by vomiting. A daughter of 16 some years ago 
ran off with a man and got married. He tooic to his bed, cursed, cried, 
called for his pistols and was going to kill the husband, but calmed 
down soon and the young people were sent for. His physician thinks 
he does not use alcohol in notable excess. Two weeks ago he began 
to complain of tearing and cutting pains in his legs, accompanied by 
slight cedema, and for several day^ now he has been in his bed. Fever 
has been absent. There has been some vomiting, not specially char- 
acteristic in any way. He has been much excited and has threatened 
to kill all Democrats. Sleep has been poor. The pains in the legs 
have continued, but less severely since he took to bed. 

The pulse is 80, regular, the tongue heavily coated, thorax negative. 
The edge of the liver can be felt two inches below the costal border, 
apparently smooth of surface. Motion and tactile sensibility in the 
legs seem normal, but the leg muscles are tender and the knee-jerks 
are very slight, even on reenforcgment. The urine report is negative. 

1. Whftt important facts about his eariy history do we need to knowT Has he 

bad syphilis? How much alcohol has he taken? 

2. Why is his sleep poor? Poor Bleep in an active man should always tni&iest 

alcoholism, though there are of course numy other causes. 

3. Why is the liver smooth? All types of enlarged liver {except those due to 

cancer and Byphilis) are usually smooth as felt through the belly wall. The 
""hobnails"" of cirrhosis can rarely be felt, so that smoothness does not exclude 
cirrhosis. Fatty infiltrttion seems, however, more likely. 

4. Wliat is meant by reenforcement of knee-jerks? We distract the patient's 

attention and concentrate brain control on the muscles of his hands by mak- 
ing him lock his bands together and then break them apart just when 
we tap on the patella tendon. This tends to ""bring out"" knee-jerks. 

5. How is the ledema of the legs to be accounted for? (3ee diagnosis.) 

6. Diagnosis? Prognosis? Treatment? 

Diagnosis: The pains and tenderness in the legs, with diminished knee-jerks 
and cedema, strongly suggest neuritis. The pupils must be tested. If they are 
normal, tabes is unhkely, especially as the pains here present are not at all 
characteristic of tabes. It should be pointed out that oedema is not un- 
common in neuritis, not only in the epidemic form (""wet"" beri-beri) but in 
ordinary alcoholic cases. Other causes of (edema (cardiac, renal, hemic, 
local — e.g., varicose veins) must be excluded. 

The cause of the neuritis is probably alcoholism, despite his physician's state- 
ment. This would also explain mental symptoms, vomiting, and enlarged 
liver. Dementia paralytica is excluded by the local signs in the legs and liver. 

Prognous: If alcohol is given up recovery should follow. It proved so. 

Treatment: Stop alcohol. Relieve pain by local applications and electricity. 
Give bromide and trional for sleep, capsicum and nux vomica for appetite. ","[{'text': 'red in the face', 'label': 'problem', 'score': 0.9127, 'start': 78, 'end': 93}, {'text': 'violent cough', 'label': 'problem', 'score': 0.9956, 'start': 124, 'end': 137}, {'text': 'vomiting', 'label': 'problem', 'score': 0.996, 'start': 169, 'end': 177}, {'text': 'his pistols', 'label': 'treatment', 'score': 0.737, 'start': 296, 'end': 307}, {'text': 'tearing', 'label': 'problem', 'score': 0.9982, 'start': 505, 'end': 512}, {'text': 'cutting pains in his legs', 'label': 'problem', 'score': 0.9184, 'start': 517, 'end': 542}, {'text': 'slight cedema', 'label': 'problem', 'score': 0.9978, 'start': 560, 'end': 573}, {'text': 'fever', 'label': 'problem', 'score': 0.9934, 'start': 624, 'end': 629}, {'text': 'some vomiting', 'label': 'problem', 'score': 0.5709, 'start': 663, 'end': 676}, {'text': 'char', 'label': 'problem', 'score': 0.4837, 'start': 692, 'end': 696}, {'text': 'acteristic', 'label': 'problem', 'score': 0.9339, 'start': 699, 'end': 709}, {'text': 'the pains in the legs', 'label': 'problem', 'score': 0.9966, 'start': 811, 'end': 832}, {'text': 'the pulse', 'label': 'test', 'score': 0.9642, 'start': 892, 'end': 901}, {'text': 'heavily coated', 'label': 'problem', 'score': 0.6416, 'start': 929, 'end': 943}, {'text': 'thorax', 'label': 'test', 'score': 0.7906, 'start': 945, 'end': 951}, {'text': 'motionile sensibility', 'label': 'test', 'score': 0.7693, 'start': 1064, 'end': 1094}, {'text': 'tender', 'label': 'problem', 'score': 0.8399, 'start': 1145, 'end': 1151}, {'text': 'the knee - jerks', 'label': 'test', 'score': 0.7624, 'start': 1156, 'end': 1170}, {'text': 'slightc', 'label': 'problem', 'score': 0.6301, 'start': 1181, 'end': 1205}, {'text': 'the urine report', 'label': 'test', 'score': 0.833, 'start': 1212, 'end': 1228}, {'text': 'ear', 'label': 'problem', 'score': 0.5538, 'start': 1279, 'end': 1282}, {'text': 'bad syphilis', 'label': 'problem', 'score': 0.9575, 'start': 1322, 'end': 1334}, {'text': 'his sleep poor', 'label': 'problem', 'score': 0.8491, 'start': 1379, 'end': 1393}, {'text': 'poor bleep', 'label': 'problem', 'score': 0.7868, 'start': 1395, 'end': 1405}, {'text': 'tni & iest alcoholism', 'label': 'problem', 'score': 0.973, 'start': 1437, 'end': 1458}, {'text': 'enlarged liver', 'label': 'problem', 'score': 0.9121, 'start': 1549, 'end': 1563}, {'text': 'cancer', 'label': 'problem', 'score': 0.9954, 'start': 1587, 'end': 1593}, {'text': 'byphilis', 'label': 'problem', 'score': 0.8859, 'start': 1598, 'end': 1606}, {'text': 'cirrhosis', 'label': 'problem', 'score': 0.9452, 'start': 1678, 'end': 1687}, {'text': 'cirrhosis', 'label': 'problem', 'score': 0.9944, 'start': 1745, 'end': 1754}, {'text': 'fatty infiltrttion', 'label': 'problem', 'score': 0.9901, 'start': 1756, 'end': 1774}, {'text': 'knee - jerks', 'label': 'treatment', 'score': 0.489, 'start': 1844, 'end': 1854}, {'text': 'control', 'label': 'treatment', 'score': 0.5381, 'start': 1916, 'end': 1923}, {'text': 'his bands', 'label': 'treatment', 'score': 0.9263, 'start': 1974, 'end': 1983}, {'text': 'the ledema of the legs', 'label': 'problem', 'score': 0.9958, 'start': 2110, 'end': 2132}]","[PROBLEM]:acteristic;bad syphilis;byphilis;cancer;char;cirrhosis;cutting pains in his legs;ear;enlarged liver;fatty infiltrttion;fever;heavily coated;his sleep poor;poor bleep;red in the face;slight cedema;slightc;some vomiting;tearing;tender;the ledema of the legs;the pains in the legs;tni & iest alcoholism;violent cough;vomiting.[TREATMENT]:control;his bands;his pistols;knee - jerks.[TEST]:motionile sensibility;the knee - jerks;the pulse;the urine report;thorax","The pains and tenderness in the legs, with diminished knee-jerks and cedema, strongly suggest neuritis. The pupils must be tested. If they are normal, tabes is unhkely, especially as the pains here present are not at all characteristic of tabes. It should be pointed out that oedema is not un- common in neuritis, not only in the epidemic form (""wet"" beri-beri) but in ordinary alcoholic cases. Other causes of (edema (cardiac, renal, hemic, local — e.g., varicose veins) must be excluded.","[PROBLEM]:cardiac;cedema;diminished knee - jerks;edema;hemic local;neuritis;oedema;renal;tab;tenderness in the legs;the pains;unhkely;varicose veins.[TREATMENT]:wet  beri - be"
"11","CASE 11 

A female domestic, 29 years old, single, lost her father, a dissipated 
man, from phthisis. She herself was chlorotic five years ago, but has 
been otherwise well. A year ago she took a severe coid, and after a 
few days felt a sudden intense pain in the left lower axilla. Cough 
followed, with little or no sputa. She was not long laid up, but has 
been short of breath on exertion ever since. She denies persistent 
cough, and states that it is present only when she takes cold; expec- 
toration at these times is scanty, but has several times been blood- 
streaked. She thinks she has lost no flesh and has not been feverish. 
She has been and is now steadily at work. Her employer sends her to 
be looked at while the physician is visiting a member of the family. 

The general appearance is that of health; pulse and temperature 
normal. She complains only of dyspnoea on exertion, dry cough, and 
anorexia. The chest is symmetrical; the interspaces are well defined; 
no cardiac impulse is visible; the left chest dilates less than the right. 
The heart sounds are loudest, and the impulse best felt just below the 
ensiform cartilage; the sounds are normal. The cardiac dulness seems 
to extend farther than usual to the right of the sternum. The right 
chest is hyper-resonant throughout, with puerile respiration. The left 
chest, including the cardiac area, is tympanitic with very feeble respi- 
ration and absence of vocal fremitus. In the left lower axilla there 
is faint, amphoric breathing. 

1. What pulmonaiy diseases cause pain? Pleurisy (""simple,"" tuberculous, or 

pneumonic), malignant disease. 

2. Significance of bloody sputa? If blood appears in streaks it is usually from 

the throat (pharyngitis) . In phthisis blood is usually in larger amount. 

3. What do jou infer from the fact that this patient has not felt sick enough to 

disable her from work and has the appearance of health? The disease, what- 
ever it is, must be producing chiefly, local, not constitutional effects. 

4. Under what conditions is the cardia<! impulse absent? Thick chest walls or 

emphysema may hide the heart; pleural effusion, pneumothorax or adhesions 
may displace it behind the atemum. Its beat may be too weak to feel. 

5. In what diseases may cardiac dulness extend more than 2 cm. beyond the 

ri^t eternal margin? Whenever the ri^t heart is distended, and whenever 
the heart is displaced to the right from any cause. 

6. Significance of puerile respiration? Extra work done by the lung. 

7. What changes in the blood and urine do you expect in this ease? Normal 

blood, possibly a slight leucocytoais. Probably normal urine; possibly albu- 
minuria and a few casts. 

8. Diagnosis? Prognosis? Treatment? 

Diagnosis: Succussion produced a loud splash. Pneumobydrothorax was 
obvious, probably ot tuberculous origin. The latency of symptoms is sur- 
prising but not unprecedented. Bacilli were later found in the sputa. 
Prognosis: That of moderately severe phthisis, not incipient and not advanced- 
Treatment: Forced feeding, rest in the open air; later, moderate exercise.","[{'text': 'phthisis', 'label': 'problem', 'score': 0.856, 'start': 92, 'end': 100}, {'text': 'chlorotic', 'label': 'problem', 'score': 0.7867, 'start': 118, 'end': 127}, {'text': 'a severe coid', 'label': 'problem', 'score': 0.89, 'start': 194, 'end': 207}, {'text': 'a sudden intense pain in the left lower axilla', 'label': 'problem', 'score': 0.9701, 'start': 236, 'end': 282}, {'text': 'cough', 'label': 'problem', 'score': 0.7134, 'start': 284, 'end': 289}, {'text': 'sputa', 'label': 'problem', 'score': 0.9218, 'start': 319, 'end': 324}, {'text': 'short of breath', 'label': 'problem', 'score': 0.9949, 'start': 366, 'end': 381}, {'text': 'persistent cough', 'label': 'problem', 'score': 0.9948, 'start': 417, 'end': 434}, {'text': 'cold', 'label': 'problem', 'score': 0.9764, 'start': 486, 'end': 490}, {'text': 'exc -', 'label': 'test', 'score': 0.4793, 'start': 492, 'end': 498}, {'text': 'toration', 'label': 'test', 'score': 0.5337, 'start': 500, 'end': 508}, {'text': 'blood - streaked', 'label': 'problem', 'score': 0.9774, 'start': 562, 'end': 578}, {'text': 'feverish', 'label': 'problem', 'score': 0.8008, 'start': 630, 'end': 638}, {'text': 'pulse', 'label': 'test', 'score': 0.5967, 'start': 823, 'end': 828}, {'text': 'temperature', 'label': 'test', 'score': 0.6672, 'start': 833, 'end': 844}, {'text': 'dyspnoea', 'label': 'problem', 'score': 0.9691, 'start': 876, 'end': 884}, {'text': 'dry cough', 'label': 'problem', 'score': 0.9941, 'start': 898, 'end': 907}, {'text': 'anorexia', 'label': 'problem', 'score': 0.9888, 'start': 914, 'end': 922}, {'text': 'cardiac impulse', 'label': 'problem', 'score': 0.9885, 'start': 988, 'end': 1003}, {'text': 'the cardiac dulness', 'label': 'problem', 'score': 0.9593, 'start': 1176, 'end': 1195}, {'text': 'hyper - resonant', 'label': 'problem', 'score': 0.9847, 'start': 1281, 'end': 1295}, {'text': 'pueri', 'label': 'problem', 'score': 0.7395, 'start': 1313, 'end': 1318}, {'text': 'respiration', 'label': 'problem', 'score': 0.6678, 'start': 1321, 'end': 1332}, {'text': 'tympanitic', 'label': 'problem', 'score': 0.8873, 'start': 1382, 'end': 1392}, {'text': 'very feeble respi - ration', 'label': 'problem', 'score': 0.8333, 'start': 1398, 'end': 1424}, {'text': 'of', 'label': 'problem', 'score': 0.7931, 'start': 1437, 'end': 1439}, {'text': 'vocal fremitus', 'label': 'problem', 'score': 0.9776, 'start': 1440, 'end': 1454}, {'text': 'faint amphoric breathing', 'label': 'problem', 'score': 0.9931, 'start': 1491, 'end': 1516}, {'text': 'pulmonaiy diseases', 'label': 'problem', 'score': 0.9897, 'start': 1528, 'end': 1546}, {'text': 'pain', 'label': 'problem', 'score': 0.9929, 'start': 1553, 'end': 1557}, {'text': 'pleurisy', 'label': 'problem', 'score': 0.9187, 'start': 1559, 'end': 1567}, {'text': 'tuberculous', 'label': 'problem', 'score': 0.8438, 'start': 1579, 'end': 1590}, {'text': 'pneumonic', 'label': 'problem', 'score': 0.9337, 'start': 1597, 'end': 1607}, {'text': 'malignant disease', 'label': 'problem', 'score': 0.8373, 'start': 1609, 'end': 1626}, {'text': 'bloody sputa', 'label': 'problem', 'score': 0.9958, 'start': 1649, 'end': 1661}, {'text': 'blood', 'label': 'test', 'score': 0.493, 'start': 1666, 'end': 1671}, {'text': 'streaks', 'label': 'problem', 'score': 0.5916, 'start': 1683, 'end': 1690}, {'text': 'pharyngitis', 'label': 'problem', 'score': 0.9004, 'start': 1724, 'end': 1735}, {'text': 'phsis', 'label': 'problem', 'score': 0.718, 'start': 1742, 'end': 1750}, {'text': 'sick', 'label': 'problem', 'score': 0.9591, 'start': 1854, 'end': 1858}, {'text': 'the disease', 'label': 'problem', 'score': 0.9931, 'start': 1927, 'end': 1938}, {'text': 'the cardia', 'label': 'problem', 'score': 0.9607, 'start': 2051, 'end': 2061}, {'text': 'impulse absent', 'label': 'problem', 'score': 0.7257, 'start': 2064, 'end': 2078}, {'text': 'thick chest walls', 'label': 'problem', 'score': 0.9964, 'start': 2080, 'end': 2097}, {'text': 'emphysema', 'label': 'problem', 'score': 0.9947, 'start': 2103, 'end': 2112}, {'text': 'pleural e', 'label': 'problem', 'score': 0.977, 'start': 2133, 'end': 2142}]","[PROBLEM]:a severe coid;a sudden intense pain in the left lower axilla;anorexia;blood - streaked;bloody sputa;cardiac impulse;chlorotic;cold;cough;dry cough;dyspnoea;emphysema;faint amphoric breathing;feverish;hyper - resonant;impulse absent;malignant disease;of;pain;persistent cough;pharyngitis;phsis;phthisis;pleural e;pleurisy;pneumonic;pueri;pulmonaiy diseases;respiration;short of breath;sick;sputa;streaks;the cardia;the cardiac dulness;the disease;thick chest walls;tuberculous;tympanitic;very feeble respi - ration;vocal fremitus.[TEST]:blood;exc -;pulse;temperature;toration","Succussion produced a loud splash. Pneumobydrothorax was obvious, probably ot tuberculous origin. The latency of symptoms is sur- prising but not unprecedented. Bacilli were later found in the sputa. Prognosis: That of moderately severe phthisis, not incipient and not advanced- Treatment: Forced feeding, rest in the open air; later, moderate exercise.","[PROBLEM]:incip;moderately severe phthisis;ot tuberculous;pneumobydrothora;splash;su;symptoms;the latency of.[TREATMENT]:forced feeding.[TEST]:bacilli"
"12","CASE 12 

A Bchool-teacher, single, 24 years old, seen April 9. Family history 
unimportant. Never strong. Scarlet fever and measles in childhood. 
Brain fever at 9, pneumonia at 13, nervous prostration at 16, ""con- 
gestion of the brain and spinal cord"" at 19 from overwork at college. 
One year ago was laid up for two months by a ""general breakdown."" 
Last summer broke down with, she says, "" every symptom of pulmonary 
tuberculosis."" Catamenia irregular, five weeks to three or four months, 
appeared laat ten days ago. Has taught night school in addition to 
her regular work since October, and since December has had a series 
of colds with cough and some expectoration. Has complained of 
general lassitude until the afternoon when she feels fairly well. Six 
weeks ago was called home to nurse her mother in her last illness, 
apoplexy. Returned ten days ago all used up. Two days later found 
that she was suddenly unable to distinguish letters in book she was 
reading. She rose to call for help and fell. Was conscious when found, 
but unable to assist herself. Had a series of convulsions during the 
night and was kept under ether by her attending physician. Since 
then she has felt tired and weak with constant headache, but has not 
been confined strictly to bed. No appetite. Bowels constipated. 
Her eyesight has returned. About half an hour ago she was found 
in the following condition: 

A thin, delicate, half starved looking girl, apparently unconscious, 
Ijfing flat on her back in bed, motionless, except for some tremor of the 
eyelids. She is so rigidly extended that with the hand beneath her neck 
she can be lifted like a log until she rests only on her heels. Her feet 
are extended to the utmost and the toes are strongly flexed. Her arms 
and hands are rigidly extended and held close to her sides, but can be 
bent by persistent pressure. When released they immediately resume 
their former position. The fingers are extended and adducted, the 
accoucheur's hand. The acetone odor of the breath can be detected 
several feet away. Loud calls, pinching, pricking with a pin, produce 
no response except an occasional flickering of the eyelids. When the 
hand is placed closely over her nose and mouth she struggles until 
freed. The condition of the pupils, which probably react to light, is 
made out with difficulty as the eyelids resist attempts to open them. 
The eyes are turned upward. Heart, lungs, and abdominal viscera 
seem normal. Temperature 99°. Pulse 110, soft, easily compressed. 
Respiration normal. Urine, 35 oz., normal color, acid, sp. gr. 1022. Al- 
bumen, very slight trace. Sugar absent. Ferric chloride test positive. 
Sediment contains a rare hyaline and finely granular cast. Hg. 90%. 
Whites 9000.

.. What gaeta con ve make regarding the nature of her early UkteesesT As a 

rule, phrases of thb kind turn out to mean ueurasthenia. 
[. What is the general significance of an improvement of all symptoms in the 
aft«rnoon7 If symptoms are legularly worse in the aft«moon, what should 
be suspected? Antemic patients and neurasthenics are apt to be better in the 
latter part of the day. Patients who are worse in the afternoon often have 
fever (tuberculosis, malaria, typhoid), but simple fatigue may be the cause. 
I, Significance of tremor of the eyelids? Its distinction from habit chorea and 
other facial spasms? Usually hysterical or neurotic. The motions are 
finer and more continuous than any other spasm. 
:. Under what conditions is the ferric chloride test in the urine to be obtained? 
(a) Whenever carbohydrat« food is not adequately utilized. This may be 
because it is not ingested or net retained (ae in starvation, prolonged vomit- 
ing, or rectal alimentation), because it is not abtorbed (diarrhcea, tuberculous 
peritonitis) or jial m^abolixed (diabetes). In this case the semi^tarvatioa 
readily explains the reaction, (b) In a few conditions the ferric chloride 
test cannot be ao explained — e^., on a salt-free diet the reaction has been 
found to be strongly marked. 
'. Diagnosis? Prognosis? Treatment? 

Diagnosis: With a negative physical examination (except for the urine which 
yields no information of diagnostic value) the diagnosis probably lies between 
the foUowing alternatives: Epilepsy, hyst«ria, meningitis, autointoxicatbn. 

Epilep^ is suggested by the history of convulsions; against it are all the 
facta of the present condition and most of those in the past history which 
point strongly to hygteria. Hysteria often follows upon just such a history 
of neuroses in youth, physical and psychical exhaustion, and mistaken treat- 
ment (etherization). The tendency to opisthotonos and tonic conditions of 
the extremities, the tremor of the lids and rolling up of eyeballs, the fact that 
she can be roused to purposeful action by appropriate stimuli (covering her 
mouth and nose) de«{)ite anicethesia to a pin prick — all point strongly to 
hysteria. 

Meningitis may exist without temperature or leucocytosis (thou^ it usually 
produces both), but cannot be diagnosed unless headache, retraction of the 
neck and eye symptoms (squint, pto^, papillary or retinal changes) are 
present. 

Autointoxication is very possibly present in all hysteria, and in view of the 
starvation that is probably an element in this case it is not unlikely that 
the system is in some way poisoning itself, but such theories are not at present 
capable of clinical verification. 

Prognosis: She will probably never t* quite like other people, but it the treat- 
ment is wise, patient, and prolonged, she may live a long, fairly useful and 
not unhappy life. Recurrence of symptoms is to be expected whenever she 
gets ""run down"" from any cause. 

Treatment: For the present, seclusion and forced feeding are the most im- 
portant indications. A long rest with change of scene, occupation fitted 
to her needs, the personal influence of a wise friend or physician, are likely 
to help her very much. The problem is chiefly one of education, — physical, 
mental, and moral.","[{'text': 'scarlet fever', 'label': 'problem', 'score': 0.9952, 'start': 107, 'end': 120}, {'text': 'me', 'label': 'problem', 'score': 0.6908, 'start': 125, 'end': 127}, {'text': 'brain fever', 'label': 'problem', 'score': 0.9967, 'start': 148, 'end': 159}, {'text': 'pneumonia', 'label': 'problem', 'score': 0.9959, 'start': 166, 'end': 175}, {'text': 'nervous prostration', 'label': 'problem', 'score': 0.9963, 'start': 183, 'end': 202}, {'text': 'con - gestion of the brain and spinal cord', 'label': 'problem', 'score': 0.9882, 'start': 211, 'end': 253}, {'text': 'overwork', 'label': 'problem', 'score': 0.9926, 'start': 266, 'end': 274}, {'text': 'general breakdown', 'label': 'problem', 'score': 0.9844, 'start': 334, 'end': 351}, {'text': 'pulmonary tuberculosis', 'label': 'problem', 'score': 0.9983, 'start': 413, 'end': 436}, {'text': 'catamenia irregular', 'label': 'problem', 'score': 0.8733, 'start': 439, 'end': 458}, {'text': 'colds', 'label': 'problem', 'score': 0.7448, 'start': 637, 'end': 642}, {'text': 'cough', 'label': 'problem', 'score': 0.9914, 'start': 648, 'end': 653}, {'text': 'some expectoration', 'label': 'problem', 'score': 0.9156, 'start': 658, 'end': 676}, {'text': 'general lassitude', 'label': 'problem', 'score': 0.9982, 'start': 697, 'end': 714}, {'text': 'her last illness', 'label': 'problem', 'score': 0.9576, 'start': 817, 'end': 833}, {'text': 'apoplexy', 'label': 'problem', 'score': 0.8891, 'start': 836, 'end': 844}, {'text': 'a series of convulsions', 'label': 'problem', 'score': 0.8952, 'start': 1078, 'end': 1101}, {'text': 'tired', 'label': 'problem', 'score': 0.9741, 'start': 1198, 'end': 1203}, {'text': 'weak', 'label': 'problem', 'score': 0.9858, 'start': 1208, 'end': 1212}, {'text': 'constant headache', 'label': 'problem', 'score': 0.9969, 'start': 1218, 'end': 1235}, {'text': 'appetite', 'label': 'problem', 'score': 0.8967, 'start': 1284, 'end': 1292}, {'text': 'bowels constipate', 'label': 'problem', 'score': 0.9931, 'start': 1294, 'end': 1311}, {'text': 'her eyesight', 'label': 'problem', 'score': 0.8127, 'start': 1315, 'end': 1327}, {'text': 'some tremor of the eyelids', 'label': 'problem', 'score': 0.9896, 'start': 1535, 'end': 1562}, {'text': 'persistent', 'label': 'treatment', 'score': 0.5123, 'start': 1853, 'end': 1863}, {'text': 'pressure', 'label': 'problem', 'score': 0.6582, 'start': 1864, 'end': 1872}, {'text': 'the acetone odor', 'label': 'problem', 'score': 0.8837, 'start': 1999, 'end': 2015}, {'text': 'breath', 'label': 'problem', 'score': 0.6971, 'start': 2023, 'end': 2029}, {'text': 'an occasional flickering of the eyelids', 'label': 'problem', 'score': 0.9507, 'start': 2137, 'end': 2176}]","[PROBLEM]:a series of convulsions;an occasional flickering of the eyelids;apoplexy;appetite;bowels constipate;brain fever;breath;catamenia irregular;colds;con - gestion of the brain and spinal cord;constant headache;cough;general breakdown;general lassitude;her eyesight;her last illness;me;nervous prostration;overwork;pneumonia;pressure;pulmonary tuberculosis;scarlet fever;some expectoration;some tremor of the eyelids;the acetone odor;tired;weak.[TREATMENT]:persistent","With a negative physical examination (except for the urine which yields no information of diagnostic value) the diagnosis probably lies between the foUowing alternatives: Epilepsy, hyst«ria, meningitis, autointoxicatbn.","[PROBLEM]:autointox;epilepsy;hyst;meningitis;ria.[TEST]:physical examination;the urine"
"13","CASE 13 

A factory overseer of 63 had long been subject to conatipation, and 
for two years had had right inguinal hernia. Otherwise his previoua 
history was excellent. On the day before his illness he had what he 
regarded as a satisfactory movement of the bowels. That night he ate 
heartily of clam-chowder and strawberries. The next afternoon he felt 
some abdominal diaeomfort. later, while taking a bath, he found his 
hernia was down (as he had taken the truss off), and he found more 
difficulty than usual in replacing it. That night he vomited many 
times, the first vomitus suggesting strawberries, and had great abdom- 
inal pain, not localized. When seen next morning at 4 a.m., he was 
not collapsed. The tongue was moist, with a slight white coat. Tem- 
perature 98.4°, pulse 60, respiration 14. The abdomen was soft, not 
tender. The hernia was found to be perfectly reduced. Nothing 
abnormal was felt per anum. The pain required an injection of 
morphia, gr. 4. Nausea was so troublesome tiiat the patient refused 
even bits of ice. Nothing whatever passed the bowels. On the second 
day the vomiting became stercoraceous. On the third day the vomiting 
persisted. Temperature 98.5°, pulse 68. Large enemata (SJ quarts) 
had been given without apparent benefit. The belly was distended, 
rather hard, not tender. In the right side an ill-defined resistance 
was felt, corresponding to the ascending colon. 

1. What cause can you suggest for the alow reepirotion in this case? Poesibly 

he has alTeady beea given morphia. (Hehearse the common causes of slow 
breathing.) 

2. How does the temperature record help ua here? It tends to exclude peritonitis. 

3. Causes of pyrexia and of subnormal temperature: (a) Infections with or with- 

out inflammation; (b) toxemia {e.g,, in eclampsia) ; (c) disturbance of heat-regu- 
lation, aa in aunatroke; (d) after use of atropine and in nervous excitement. 
Subnormal temperature ia a measure of the degree of prostration from any 
exhausting or wasting disease (nephritis, cancer, heart disease, myxcedenut). 

4. Is the combination of clam chowder and strawberries a particularly mdigestible 

mixture? What is its probable relation to this case? Not in a normal 
stomach. Probably no relation to this case. (Teacher may here give hie 
views on indigestible combinations of food.) 

5. Causes of stercoraceous vomiting? Intestinal obstruction and general peri- 
' tonitis. 
What can be inferred from the results of the enemata in this case? That the 

obstruction is above the sigmoid flexure. 
'7, Significance of the tongue in disease? in this case? A coated tongue baa 
little diagnostic significance in general or in this case, since it is present in 
BO many conditions of health and disease. A clean tongue with dyspeptic 
symptoms suggests hyperehlorhydria or extra-gastric disease. 

Diagnosis? Prognosis? Treatment? 

IKagnosis: Intestinal obstruction is obviously present. Ita cause might be 
tbe hemia reduced ""en bloc,"" but from the ehortnees of ita stay outride tbe 
body this ie unlikely. At this patient's age cancer is by far the commonest 
cause of obatruotion. The acute onset of BymptomB without previous consti- 
pation or other complaints is not surprising, for it is well known that cancer- 
ous stricture may suddenly ""shut down"" after existing for months without 
symptoms. The mass in tbe ascending colon is probably feces coIIect«d 
behind a cancer at the hepatic flexure. 

Prognosis: Good for tempoisry relief after operation. Becurrenoe probable 
within eighteen months, 

Ti«atment: Inunodiate surpcal interference.","[{'text': 'conatipation', 'label': 'problem', 'score': 0.9498, 'start': 60, 'end': 72}, {'text': 'right inguinal hernia', 'label': 'problem', 'score': 0.9985, 'start': 101, 'end': 122}, {'text': 'clam - chowder', 'label': 'treatment', 'score': 0.7506, 'start': 299, 'end': 311}, {'text': 'some abdominal diaeomfort', 'label': 'problem', 'score': 0.9519, 'start': 358, 'end': 383}, {'text': 'his hernia', 'label': 'problem', 'score': 0.9987, 'start': 422, 'end': 433}, {'text': 'the truss', 'label': 'treatment', 'score': 0.8226, 'start': 460, 'end': 469}, {'text': 'more difficulty', 'label': 'problem', 'score': 0.6756, 'start': 489, 'end': 505}, {'text': 'strawberries', 'label': 'problem', 'score': 0.9828, 'start': 598, 'end': 610}, {'text': 'great abdom - inal pain', 'label': 'problem', 'score': 0.9932, 'start': 620, 'end': 643}, {'text': 'localized', 'label': 'problem', 'score': 0.9067, 'start': 649, 'end': 658}, {'text': 'collapsed', 'label': 'problem', 'score': 0.8512, 'start': 706, 'end': 715}, {'text': 'a slight white coat', 'label': 'problem', 'score': 0.9826, 'start': 744, 'end': 763}, {'text': 'te', 'label': 'test', 'score': 0.9724, 'start': 765, 'end': 767}, {'text': 'perature', 'label': 'test', 'score': 0.6993, 'start': 771, 'end': 779}, {'text': 'pulse', 'label': 'test', 'score': 0.9912, 'start': 787, 'end': 792}, {'text': 'respiration', 'label': 'test', 'score': 0.9826, 'start': 797, 'end': 808}, {'text': 'tender', 'label': 'problem', 'score': 0.9106, 'start': 840, 'end': 846}, {'text': 'the hernia', 'label': 'problem', 'score': 0.9978, 'start': 848, 'end': 858}, {'text': 'abnormal', 'label': 'problem', 'score': 0.8788, 'start': 903, 'end': 911}, {'text': 'the pain', 'label': 'problem', 'score': 0.9974, 'start': 931, 'end': 939}, {'text': 'an injection of', 'label': 'treatment', 'score': 0.9329, 'start': 949, 'end': 964}, {'text': 'morphia', 'label': 'treatment', 'score': 0.8831, 'start': 966, 'end': 973}, {'text': 'nausea', 'label': 'problem', 'score': 0.9972, 'start': 982, 'end': 988}, {'text': 'troubles', 'label': 'problem', 'score': 0.8196, 'start': 996, 'end': 1004}, {'text': 'the vomiting', 'label': 'problem', 'score': 0.9921, 'start': 1108, 'end': 1120}, {'text': 'stercoraceous', 'label': 'problem', 'score': 0.9676, 'start': 1128, 'end': 1141}, {'text': 'the vomiting', 'label': 'problem', 'score': 0.9927, 'start': 1160, 'end': 1172}, {'text': 'temperature', 'label': 'test', 'score': 0.9746, 'start': 1185, 'end': 1196}, {'text': 'pulse', 'label': 'test', 'score': 0.9114, 'start': 1204, 'end': 1209}, {'text': 'large enemataj quarts', 'label': 'treatment', 'score': 0.549, 'start': 1214, 'end': 1238}, {'text': 'distended', 'label': 'problem', 'score': 0.8817, 'start': 1296, 'end': 1305}, {'text': 'rather hard', 'label': 'problem', 'score': 0.8828, 'start': 1308, 'end': 1319}, {'text': 'tender', 'label': 'problem', 'score': 0.9303, 'start': 1325, 'end': 1331}, {'text': 'an ill - defined resistance', 'label': 'problem', 'score': 0.9979, 'start': 1351, 'end': 1376}, {'text': 'the', 'label': 'problem', 'score': 0.8564, 'start': 1462, 'end': 1465}, {'text': 'alow reepirotion', 'label': 'treatment', 'score': 0.8147, 'start': 1466, 'end': 1482}, {'text': 'alty bee', 'label': 'treatment', 'score': 0.7364, 'start': 1515, 'end': 1526}, {'text': 'morphia', 'label': 'problem', 'score': 0.74, 'start': 1534, 'end': 1541}, {'text': 'slow breathing', 'label': 'problem', 'score': 0.9972, 'start': 1574, 'end': 1589}, {'text': 'the temperature record', 'label': 'test', 'score': 0.91, 'start': 1606, 'end': 1628}, {'text': 'peritonitis', 'label': 'problem', 'score': 0.9858, 'start': 1663, 'end': 1674}, {'text': 'pyrexia', 'label': 'problem', 'score': 0.9272, 'start': 1691, 'end': 1698}, {'text': 'subnormal temperature', 'label': 'problem', 'score': 0.9394, 'start': 1706, 'end': 1727}, {'text': 'infections', 'label': 'problem', 'score': 0.9946, 'start': 1733, 'end': 1743}, {'text': '- out inflammation', 'label': 'problem', 'score': 0.8805, 'start': 1756, 'end': 1776}, {'text': 'toxemia', 'label': 'problem', 'score': 0.8078, 'start': 1782, 'end': 1789}, {'text': 'eclampsia', 'label': 'problem', 'score': 0.9074, 'start': 1800, 'end': 1809}, {'text': 'disturbance of heat - regu - lation', 'label': 'problem', 'score': 0.9312, 'start': 1817, 'end': 1850}, {'text': 'aa', 'label': 'problem', 'score': 0.9446, 'start': 1852, 'end': 1854}, {'text': 'aunatroke', 'label': 'problem', 'score': 0.5079, 'start': 1858, 'end': 1867}, {'text': 'atropine', 'label': 'treatment', 'score': 0.8949, 'start': 1886, 'end': 1894}, {'text': 'nervous excitement', 'label': 'problem', 'score': 0.9824, 'start': 1902, 'end': 1920}, {'text': 'sub', 'label': 'test', 'score': 0.8909, 'start': 1923, 'end': 1926}, {'text': 'prostration', 'label': 'problem', 'score': 0.8841, 'start': 1975, 'end': 1986}, {'text': 'any exhausting or wasting disease', 'label': 'problem', 'score': 0.9799, 'start': 1992, 'end': 2026}, {'text': 'nephritis', 'label': 'problem', 'score': 0.9679, 'start': 2028, 'end': 2037}, {'text': 'cancer', 'label': 'problem', 'score': 0.9858, 'start': 2039, 'end': 2045}]","[PROBLEM]:- out inflammation;a slight white coat;aa;abnormal;an ill - defined resistance;any exhausting or wasting disease;aunatroke;cancer;collapsed;conatipation;distended;disturbance of heat - regu - lation;eclampsia;great abdom - inal pain;his hernia;infections;localized;more difficulty;morphia;nausea;nephritis;nervous excitement;peritonitis;prostration;pyrexia;rather hard;right inguinal hernia;slow breathing;some abdominal diaeomfort;stercoraceous;strawberries;subnormal temperature;tender;the;the hernia;the pain;the vomiting;toxemia;troubles.[TREATMENT]:alow reepirotion;alty bee;an injection of;atropine;clam - chowder;large enemataj quarts;morphia;the truss.[TEST]:perature;pulse;respiration;sub;te;temperature;the temperature record","Intestinal obstruction is obviously present. Ita cause might be tbe hemia reduced ""en bloc,"" but from the ehortnees of ita stay outride tbe body this ie unlikely. At this patient's age cancer is by far the commonest cause of obatruotion. The acute onset of BymptomB without previous consti- pation or other complaints is not surprising, for it is well known that cancer- ous stricture may suddenly ""shut down"" after existing for months without symptoms. The mass in tbe ascending colon is probably feces coIIect«d behind a cancer at the hepatic flexure.","[PROBLEM]:a cancer at the hepatic flexure;bymptomb;cancer;cancer - ous stricture;feces co;intestinal obstruction;obatruotion;other complaints;previous consti - pation;symptoms;tbe ascending colon;tbe hemia reduced;the mass in"
"14","CASE 14 

J. S-i aged 40 years, a merchant, waa Been in consultation April 8 
at 10 P.M. 

He had suffered for years with indigestion, and had lost considerably 
in weight. For several months he had been treated by an eminent 
specialist in diseases of the stomach. His stomach had been washed 
out for three weeks. He had been on a liquid diet. He had made 
no improvement and for one week had remained in bed on account of 
an aggravation of epigastric pain. At one o'clock on the 8th of April 
he got out of bed and went to the back door to look out. While 
there he was seized with sudden severe pain in the abdomen. He 
vomited and crawled back to bed. His attending physician saw him 
at 3 P.M. He found his pulse 90, temperature 101°, abdomen ot 
board-like rigidity, tender everywhere, but much more tender in the 
epigastrium. He did not show much shock. His physician adminis- 
tered i grain of morphine and saw him again at 9 p.m. He was then 
somewhat improved, and his spasm was a little less. The consultant 
saw him at 11 p.m., and found him pale, sick-looking, with no peritoneal 
facies and no marked shock. There was distinct spasm and tender- 
ness in the epigastrium, shading off into other regions of the abdomen, 
which was generally retracted. There was no dulness. The tongue 
was moist. Pulse 90, temperature 101.4°. 

1. What is the aignificaace of the peritoneal facies and why was it absent in this 

case? Vomiting, fear, or both, are the usual cauaes of the peritoneal faciee, 
which is oft«n seen in simple aeaackness. The absence of ""shock"" or of 
recent vomiting explains the absence of this ""peritoneal faciea."" 

2. In what diseases is the use of the stomach tube contraindicated? When aneu- 

rism or gastric ulcer is suspected, or in very weak patients. 

3. What further data might be of value in diagnosis here? Blood examination, 

urinary examination, color of conjunctivie. (See also next question.) 

4. How can we exclude plumbism? By careful questioning, examination ot the 

gums, blood, and extensor muscles (wrist drop). Tabes dorsalis? By testing 
pupils and knee-jerks. Malaria? Search for parasites and enlarged spleen, 

5. Diagnosis? Prognosis? Treatment? 

Diagnosis: Lead, tabes, and malaria were excluded; laparotomy showed a perfo- 
rated gastric ulcer (anterior gaaCnc surface) walled oS by fresh adhesions. 
Posterior gastro enterostomy was done. Three months later the patient had 
gained markedly in weight and was in excellent condition. Acute cholecys- 
titis and acute pancreatitis were excluded positively only by the operation. 
The preceding gastric symptoms suggested the stomach as the source of the 
trouble, but are compatible with pancreatitis or gall-bladder trouble. 

Prognosis: The ultimate result in cases of this type we do not yet know. 

Treatment: Surgical interference was obviously indicated.","[{'text': 'indigestion', 'label': 'problem', 'score': 0.9189, 'start': 122, 'end': 133}, {'text': 'diseases of the stomach', 'label': 'problem', 'score': 0.9797, 'start': 241, 'end': 264}, {'text': 'an aggravation', 'label': 'treatment', 'score': 0.6904, 'start': 426, 'end': 440}, {'text': 'epigastric pain', 'label': 'problem', 'score': 0.9965, 'start': 444, 'end': 459}, {'text': 'sudden severe pain in the abdomen', 'label': 'problem', 'score': 0.9957, 'start': 586, 'end': 619}, {'text': 'his pulse', 'label': 'test', 'score': 0.9608, 'start': 710, 'end': 719}, {'text': 'temperature', 'label': 'test', 'score': 0.9721, 'start': 724, 'end': 735}, {'text': 'board - like rigidity', 'label': 'problem', 'score': 0.8021, 'start': 754, 'end': 773}, {'text': 'tender', 'label': 'problem', 'score': 0.9691, 'start': 775, 'end': 781}, {'text': 'tender', 'label': 'problem', 'score': 0.5403, 'start': 808, 'end': 814}, {'text': 'the epigarium', 'label': 'problem', 'score': 0.5948, 'start': 818, 'end': 834}, {'text': 'much shock', 'label': 'problem', 'score': 0.8088, 'start': 852, 'end': 862}, {'text': 'morphine', 'label': 'treatment', 'score': 0.81, 'start': 905, 'end': 913}, {'text': 'his spasm', 'label': 'problem', 'score': 0.9981, 'start': 978, 'end': 987}, {'text': 'pale', 'label': 'problem', 'score': 0.9911, 'start': 1057, 'end': 1061}, {'text': 'sick - looking', 'label': 'problem', 'score': 0.9736, 'start': 1063, 'end': 1075}, {'text': 'peritoneal facies', 'label': 'problem', 'score': 0.9709, 'start': 1085, 'end': 1103}, {'text': 'marked shock', 'label': 'problem', 'score': 0.9984, 'start': 1111, 'end': 1123}, {'text': 'distinct spasm and', 'label': 'problem', 'score': 0.9559, 'start': 1135, 'end': 1153}, {'text': 'tender - ness iniga', 'label': 'problem', 'score': 0.6606, 'start': 1154, 'end': 1180}, {'text': 'dulness', 'label': 'problem', 'score': 0.9215, 'start': 1280, 'end': 1287}, {'text': 'pulse', 'label': 'test', 'score': 0.9757, 'start': 1312, 'end': 1317}, {'text': 'temperature', 'label': 'test', 'score': 0.912, 'start': 1322, 'end': 1333}, {'text': 'the peritoneal facies', 'label': 'problem', 'score': 0.9888, 'start': 1375, 'end': 1396}, {'text': 'vomiting', 'label': 'problem', 'score': 0.9975, 'start': 1435, 'end': 1443}, {'text': 'fear', 'label': 'problem', 'score': 0.9923, 'start': 1445, 'end': 1449}, {'text': 'shock', 'label': 'problem', 'score': 0.5953, 'start': 1566, 'end': 1571}, {'text': 'recent vomiting', 'label': 'problem', 'score': 0.9882, 'start': 1580, 'end': 1595}, {'text': 'this  peritoneal faciea', 'label': 'problem', 'score': 0.9932, 'start': 1620, 'end': 1643}, {'text': 'the stomach tube', 'label': 'treatment', 'score': 0.9921, 'start': 1682, 'end': 1698}, {'text': 'aneu - rism', 'label': 'problem', 'score': 0.9792, 'start': 1721, 'end': 1733}, {'text': 'gastric ulcer', 'label': 'problem', 'score': 0.9845, 'start': 1737, 'end': 1750}, {'text': 'very weak', 'label': 'problem', 'score': 0.6354, 'start': 1771, 'end': 1780}, {'text': 'blood examination', 'label': 'test', 'score': 0.9959, 'start': 1851, 'end': 1868}, {'text': 'urinary examination', 'label': 'test', 'score': 0.9538, 'start': 1872, 'end': 1891}, {'text': 'conjunctivie', 'label': 'problem', 'score': 0.8055, 'start': 1902, 'end': 1914}, {'text': 'plumbism', 'label': 'treatment', 'score': 0.5494, 'start': 1966, 'end': 1974}, {'text': 'careful questioning', 'label': 'test', 'score': 0.9387, 'start': 1979, 'end': 1998}, {'text': 'examination ot the gums', 'label': 'test', 'score': 0.8937, 'start': 2000, 'end': 2025}, {'text': 'blood', 'label': 'test', 'score': 0.7429, 'start': 2027, 'end': 2032}]","[PROBLEM]:aneu - rism;board - like rigidity;conjunctivie;diseases of the stomach;distinct spasm and;dulness;epigastric pain;fear;gastric ulcer;his spasm;indigestion;marked shock;much shock;pale;peritoneal facies;recent vomiting;shock;sick - looking;sudden severe pain in the abdomen;tender;tender - ness iniga;the epigarium;the peritoneal facies;this  peritoneal faciea;very weak;vomiting.[TREATMENT]:an aggravation;morphine;plumbism;the stomach tube.[TEST]:blood;blood examination;careful questioning;examination ot the gums;his pulse;pulse;temperature;urinary examination","Lead, tabes, and malaria were excluded; laparotomy showed a perfo- rated gastric ulcer (anterior gaaCnc surface) walled oS by fresh adhesions. Posterior gastro enterostomy was done. Three months later the patient had gained markedly in weight and was in excellent condition. Acute cholecys- titis and acute pancreatitis were excluded positively only by the operation. The preceding gastric symptoms suggested the stomach as the source of the trouble, but are compatible with pancreatitis or gall-bladder trouble.","[PROBLEM]:a perfo - rated gastric ulcer;acute cholecys - titis;acute pancreatitis;fresh adhesions;gaac;gall - bladder trouble;lead;malaria;pancreatitis;surface  walled;tabes;the preceding gastric symptoms;the trouble;weight.[TREATMENT]:posterior gastro enterostomy;the operation.[TEST]:laparotomy"
"15","CASE 15

A paper hanger, 45 years old, is seen May 17. Hie history ob- 
tained from the attending physician, who made his first call May 3, 
was as follows: The patient uses alcohol in moderation, and has had no 
previous illness. April 27 he had a chill followed by sharp pain in the 
lower right chest, some cough with bloody expectoration, and short- 
ness of breath. He has been in bed ever since. On May 3 the right 
chest was dull below the fourth rib in front and below mid-scapula 
behind, with broncho-vesicular respiration, increased voice and vocal 
fremitus. The cardiac apex was in the fifth space just outside the 
nipple line. No murmurs. The second pulmonic sound was accentu- 
ated. The temperature ran between 101° and 102.5° until the morning 
of May 8, when it fell to 99°. Since then it has been irregular, varying 
between 100° and 102°. The respirations were 35 until the 8th, when 
they fell to 28, where they have since remained. The pulse has varied 
between 100 and 110. Urine negative. The patient has lost strength 
and weight. The signs in the lungs have gradually changed; now the 
right chest seems fuller than the left and moves but little with respira- 
tion. It is flat throughout on percussion, with diminished vocal reso- 
nance and fremitus. Respiration is bronchial down to the fifth rib in 
front, growing gradually feebler below that point until it is lost toward 
the base. Feeble bronchial respiration is heard over the back, with 
numerous medium moist rales at the angle of scapula. The heart 
remains as before. The smooth edge of the liver is felt two inches 
below the costal margin. White cells, 28,000, A needle was intro- 
duced on the 14th in the eighth interspace in the posterior axillary line, 
and again to-day an inch or two farther back. It appeared to enter a 
solid body, and only a drop or two of blood was obtained. 

1. In what diseases ia bronchial breathing to be beard? PhthJais, pneumonia, 

aome cases of pleural efCusion, malignant disease, atelectasis. 

2. Why is the pulmonic second sound accentuated hereT Because of the obstruc- 

tion to the pulmonary circulation due to the disease below described. 

3. Is the ei^th interspace a safe place to tap in a case like this? It is safe if 

the diaphragm is not pushed up. In hepatic abscess I have seen the liver 
punctured (through the diaphragm) by a needle introduced through the 
eighth apace in the posterior axillary line. 

4. Diagnosis? Prognosis? Treatment? 

Diagnosis; Solidification of the whole lung, lasting sixteen days and proved 
by the result of puncture, might be due to tuberculosis, pneumonia (unresolved), 
or malignant disease. Loss of flesh and color is rare in unresolved pneumonia. 
Prominency of one chest is not produced by tuberculosis, and so high a leuco- 
cytosis, without evidences of cavities and purulent sputa, is almost unknown. 
Malignant disease was found at autopsy three months later. 
Prognosis: A few months of suffering. Treatment: Symptomatic, ","[{'text': 'hang', 'label': 'treatment', 'score': 0.7353, 'start': 17, 'end': 21}, {'text': 'previous illness', 'label': 'problem', 'score': 0.9916, 'start': 213, 'end': 229}, {'text': 'a chill', 'label': 'problem', 'score': 0.9947, 'start': 247, 'end': 254}, {'text': 'sharp pain in the lower right chest', 'label': 'problem', 'score': 0.9983, 'start': 267, 'end': 303}, {'text': 'some cough', 'label': 'problem', 'score': 0.9917, 'start': 305, 'end': 315}, {'text': 'bloody expectoration', 'label': 'problem', 'score': 0.9946, 'start': 321, 'end': 341}, {'text': 'short - ness of breath', 'label': 'problem', 'score': 0.998, 'start': 347, 'end': 369}, {'text': 'dull', 'label': 'problem', 'score': 0.501, 'start': 432, 'end': 436}, {'text': 'broncho - vesicular respiration', 'label': 'problem', 'score': 0.9845, 'start': 503, 'end': 532}, {'text': 'increased voice and vocal fremitus', 'label': 'problem', 'score': 0.9188, 'start': 534, 'end': 569}, {'text': 'murmurs', 'label': 'problem', 'score': 0.9959, 'start': 645, 'end': 652}, {'text': 'accentu - ate', 'label': 'problem', 'score': 0.7476, 'start': 684, 'end': 697}, {'text': 'the', 'label': 'test', 'score': 0.6842, 'start': 700, 'end': 703}, {'text': 'the respirations', 'label': 'test', 'score': 0.8877, 'start': 860, 'end': 876}, {'text': 'the pulse', 'label': 'test', 'score': 0.9899, 'start': 955, 'end': 964}, {'text': 'urine', 'label': 'test', 'score': 0.9882, 'start': 998, 'end': 1003}, {'text': 'strength', 'label': 'problem', 'score': 0.4947, 'start': 1035, 'end': 1043}, {'text': 'weight', 'label': 'problem', 'score': 0.6431, 'start': 1049, 'end': 1055}, {'text': 'signs', 'label': 'test', 'score': 0.5071, 'start': 1061, 'end': 1066}, {'text': 'the', 'label': 'test', 'score': 0.6037, 'start': 1070, 'end': 1073}, {'text': 'res', 'label': 'test', 'score': 0.5088, 'start': 1178, 'end': 1181}, {'text': 'percussion', 'label': 'test', 'score': 0.85, 'start': 1219, 'end': 1229}, {'text': 'diminished vocal reso - nance and fremitus', 'label': 'problem', 'score': 0.8911, 'start': 1236, 'end': 1278}, {'text': 'respiration', 'label': 'test', 'score': 0.7508, 'start': 1280, 'end': 1291}, {'text': 'bronch', 'label': 'problem', 'score': 0.786, 'start': 1295, 'end': 1301}, {'text': 'feebler', 'label': 'problem', 'score': 0.5555, 'start': 1356, 'end': 1363}, {'text': 'feeble bronchial respiration', 'label': 'problem', 'score': 0.9608, 'start': 1416, 'end': 1444}, {'text': 'numerous medium moist rales', 'label': 'problem', 'score': 0.9755, 'start': 1475, 'end': 1502}, {'text': 'white cells', 'label': 'test', 'score': 0.9646, 'start': 1632, 'end': 1643}, {'text': 'a needle', 'label': 'treatment', 'score': 0.5475, 'start': 1653, 'end': 1661}, {'text': 'intro', 'label': 'treatment', 'score': 0.4712, 'start': 1666, 'end': 1671}, {'text': 'diseases', 'label': 'problem', 'score': 0.5573, 'start': 1891, 'end': 1899}, {'text': 'bronchial breathing', 'label': 'problem', 'score': 0.8974, 'start': 1903, 'end': 1922}, {'text': 'beard', 'label': 'problem', 'score': 0.9062, 'start': 1929, 'end': 1934}, {'text': 'phthis', 'label': 'problem', 'score': 0.7202, 'start': 1936, 'end': 1944}, {'text': 'pneumonia', 'label': 'problem', 'score': 0.9967, 'start': 1946, 'end': 1955}, {'text': 'ao', 'label': 'problem', 'score': 0.7265, 'start': 1959, 'end': 1961}, {'text': 'pleural efcusion', 'label': 'problem', 'score': 0.99, 'start': 1973, 'end': 1989}, {'text': 'malignant disease', 'label': 'problem', 'score': 0.9981, 'start': 1991, 'end': 2008}, {'text': 'atelectasis', 'label': 'problem', 'score': 0.9837, 'start': 2010, 'end': 2021}, {'text': 'theonic second', 'label': 'problem', 'score': 0.6042, 'start': 2035, 'end': 2054}, {'text': 'the obstruc - tion to the', 'label': 'problem', 'score': 0.9654, 'start': 2090, 'end': 2116}, {'text': 'the disease', 'label': 'problem', 'score': 0.9958, 'start': 2146, 'end': 2157}]","[PROBLEM]:a chill;accentu - ate;ao;atelectasis;beard;bloody expectoration;bronch;bronchial breathing;broncho - vesicular respiration;diminished vocal reso - nance and fremitus;diseases;dull;feeble bronchial respiration;feebler;increased voice and vocal fremitus;malignant disease;murmurs;numerous medium moist rales;phthis;pleural efcusion;pneumonia;previous illness;sharp pain in the lower right chest;short - ness of breath;some cough;strength;the disease;the obstruc - tion to the;theonic second;weight.[TREATMENT]:a needle;hang;intro.[TEST]:percussion;res;respiration;signs;the;the pulse;the respirations;urine;white cells","Solidification of the whole lung, lasting sixteen days and proved by the result of puncture, might be due to tuberculosis, pneumonia (unresolved), or malignant disease. Loss of flesh and color is rare in unresolved pneumonia. Prominency of one chest is not produced by tuberculosis, and so high a leuco- cytosis, without evidences of cavities and purulent sputa, is almost unknown. Malignant disease was found at autopsy three months later. Prognosis: A few months of suffering. Treatment: Symptomatic,","[PROBLEM]:a leuco - cytosis;cavities;loss of flesh and color;malignant disease;pneumonia;prominency of one chest;purulent sputa;suffering;symptomatic;tuberculosis;unresolved pneumonia.[TEST]:autopsy;puncture;solidification of the whole lung"
"16","CASE 16 

A clergyman, 60 yeara o)d, gave the following account of his caae. 
Since he began to preach he has been subject to insomnia, but it is 
under bis control unless he is excited by mental labor, the effects of 
which are most marked when it occupies the evening. Eyes weak for 
forty years, but no worse of late. Though the voice is clear, its use in 
lecturing or preaching is at times, when he is debilitated, somewhat 
painful and requires much exertion. Appetite good, but two to three 
hours after eating he sometimes has a kind of epigastric pain or feeling 
of heat, not dependent on amount or character of food, unless it be 
worse when he eats little. Ice water seems to touch a raw spot. 
Bowels tend to constipation since early childhood. For many years 
haa been troubled, especially when he is debilitated, by a sensation 
over the whole body as if pricked by innumerable needles. 

Four years ago, while much exhausted by mental labor, went to a 
watering place, where he was put on low diet, reducing remedies, and 
frequent baths. At the end of four months, while at. breakfast, was 
attacked with vertigo and began to talk with great volubility but 
incoherently. For three days, which were a blank to him, hie condi- 
tion excited much alarm, but at the end of that time his mind became 
clear and there has been no return of symptoms since. There was 
numbnesa of the hands and feet at time of the attack. 

In the two last yeara has had five attacks of pain in upper abdomen, 
without known cauae, very severe and accompanied by distention and 
general perspiration. One of these came oh after conduetti^ an exam- 
ination four hours long, another after eating hastily. Otherwise no 
cause known. Pain generally began at 9 p.m., and lasted till midnight. 
No other symptoms noticed before, during, or after the attack of pain. 

1. For what should one search especiaUy in making a phyBical examinatloD of this 

patient? The stigmata of hj'ateria, arterio-aclerosis, the signs of tabes or 
dementia paralytica (pupils, knee-jerks, speech-writing, mental condition). 

2. What gastric anomaly do the digestive symptoms suggest? Hyperchlotfaydria. 

3. If his gastric symptoms had appeared for the first time within a year what 

diagnoses should be considered? Gastric cancer, gall-stones, duodenal ulcer. 

4. Nome the most important causes of paroxysmal epigastric pain. Peptic ulcer, 

gall-stones, plumbism, tabes, malaria, urtemia, and pancreatitis, 
6. Diagnosis? Prognoste? Treatment? 

Diagnoffls: Since physical examination was negative and the patient was able 
to work hard despite his many symptoms, the dtagno^ of neurasthenia was 
made; the improvement under treatment suited to that condition confirmed 
the diagnosis. The attack at the watering-place was apparently due to 
cerebral aniemia, the result of wrong treatment. 

Prognosis; Improvement should follow proper and patient treatment. 

Treatment: SmaJI, frequent, low-proteid meals; recreation. No evening work. ","[{'text': 'his caae', 'label': 'problem', 'score': 0.9878, 'start': 67, 'end': 75}, {'text': 'insomnia', 'label': 'problem', 'score': 0.9671, 'start': 126, 'end': 134}, {'text': 'excited', 'label': 'problem', 'score': 0.8657, 'start': 178, 'end': 185}, {'text': 'mental labor', 'label': 'problem', 'score': 0.9964, 'start': 189, 'end': 201}, {'text': 'eyes weak', 'label': 'problem', 'score': 0.98, 'start': 271, 'end': 280}, {'text': 'debilitated', 'label': 'problem', 'score': 0.7923, 'start': 407, 'end': 418}, {'text': 'epigastric pain', 'label': 'problem', 'score': 0.9753, 'start': 545, 'end': 560}, {'text': 'feeling of', 'label': 'problem', 'score': 0.6861, 'start': 564, 'end': 575}, {'text': 'heat', 'label': 'problem', 'score': 0.9794, 'start': 576, 'end': 580}, {'text': 'constipation', 'label': 'problem', 'score': 0.988, 'start': 722, 'end': 734}, {'text': 'deitated', 'label': 'problem', 'score': 0.691, 'start': 815, 'end': 826}, {'text': 'a sensation over the whole body', 'label': 'problem', 'score': 0.9311, 'start': 831, 'end': 863}, {'text': 'innume', 'label': 'problem', 'score': 0.5407, 'start': 881, 'end': 887}, {'text': 'needles', 'label': 'problem', 'score': 0.3923, 'start': 893, 'end': 900}, {'text': 'mental labor', 'label': 'problem', 'score': 0.9933, 'start': 944, 'end': 956}, {'text': 'reducing remedies', 'label': 'treatment', 'score': 0.9285, 'start': 1015, 'end': 1032}, {'text': 'baths', 'label': 'treatment', 'score': 0.5744, 'start': 1048, 'end': 1053}, {'text': 'vertigoubohere', 'label': 'problem', 'score': 0.8377, 'start': 1122, 'end': 1183}, {'text': 'alarm', 'label': 'problem', 'score': 0.6602, 'start': 1262, 'end': 1267}, {'text': 'return of symptoms', 'label': 'problem', 'score': 0.8543, 'start': 1342, 'end': 1360}, {'text': 'numbnesa of the hands and feet', 'label': 'problem', 'score': 0.9956, 'start': 1379, 'end': 1409}, {'text': 'the attack', 'label': 'problem', 'score': 0.99, 'start': 1421, 'end': 1431}, {'text': 'pain in upper abdomen', 'label': 'problem', 'score': 0.989, 'start': 1481, 'end': 1502}, {'text': 'known cauae', 'label': 'problem', 'score': 0.6797, 'start': 1513, 'end': 1524}, {'text': 'very', 'label': 'problem', 'score': 0.5931, 'start': 1526, 'end': 1530}, {'text': 'distention', 'label': 'problem', 'score': 0.9958, 'start': 1557, 'end': 1567}, {'text': 'general perspiration', 'label': 'problem', 'score': 0.9987, 'start': 1573, 'end': 1593}, {'text': 'an exam', 'label': 'test', 'score': 0.973, 'start': 1633, 'end': 1640}, {'text': 'ination', 'label': 'problem', 'score': 0.7585, 'start': 1643, 'end': 1650}, {'text': 'pain', 'label': 'problem', 'score': 0.9969, 'start': 1725, 'end': 1729}, {'text': 'other symptoms', 'label': 'problem', 'score': 0.964, 'start': 1787, 'end': 1801}, {'text': 'the attack of', 'label': 'problem', 'score': 0.8751, 'start': 1835, 'end': 1848}, {'text': 'pain', 'label': 'problem', 'score': 0.8881, 'start': 1849, 'end': 1853}, {'text': 'a phybical examinatl', 'label': 'test', 'score': 0.764, 'start': 1907, 'end': 1927}, {'text': 'the', 'label': 'problem', 'score': 0.891, 'start': 1949, 'end': 1952}, {'text': 'stigmata of', 'label': 'problem', 'score': 0.6634, 'start': 1953, 'end': 1964}, {'text': 'hj', 'label': 'problem', 'score': 0.753, 'start': 1965, 'end': 1967}, {'text': 'ateria', 'label': 'problem', 'score': 0.8524, 'start': 1968, 'end': 1974}, {'text': 'arterio - aclerosis', 'label': 'problem', 'score': 0.9942, 'start': 1976, 'end': 1993}, {'text': 'tabes', 'label': 'problem', 'score': 0.9754, 'start': 2008, 'end': 2013}, {'text': 'dementia paralytica', 'label': 'problem', 'score': 0.9967, 'start': 2018, 'end': 2037}, {'text': 'pupils', 'label': 'problem', 'score': 0.4675, 'start': 2039, 'end': 2045}, {'text': 'knee - jerks', 'label': 'problem', 'score': 0.7466, 'start': 2047, 'end': 2057}, {'text': 'speech - writing', 'label': 'problem', 'score': 0.7603, 'start': 2059, 'end': 2073}, {'text': 'mental condition', 'label': 'problem', 'score': 0.9462, 'start': 2075, 'end': 2091}, {'text': 'gastric anomaly', 'label': 'problem', 'score': 0.9788, 'start': 2104, 'end': 2119}, {'text': 'the digestive symptoms', 'label': 'problem', 'score': 0.9981, 'start': 2123, 'end': 2145}, {'text': 'hyperchlot', 'label': 'problem', 'score': 0.99, 'start': 2155, 'end': 2165}]","[PROBLEM]:a sensation over the whole body;alarm;arterio - aclerosis;ateria;constipation;debilitated;deitated;dementia paralytica;distention;epigastric pain;excited;eyes weak;feeling of;gastric anomaly;general perspiration;heat;his caae;hj;hyperchlot;ination;innume;insomnia;knee - jerks;known cauae;mental condition;mental labor;needles;numbnesa of the hands and feet;other symptoms;pain;pain in upper abdomen;pupils;return of symptoms;speech - writing;stigmata of;tabes;the;the attack;the attack of;the digestive symptoms;vertigoubohere;very.[TREATMENT]:baths;reducing remedies.[TEST]:a phybical examinatl;an exam","Since physical examination was negative and the patient was able to work hard despite his many symptoms, the dtagno^ of neurasthenia was made; the improvement under treatment suited to that condition confirmed the diagnosis. The attack at the watering-place was apparently due to cerebral aniemia, the result of wrong treatment.","[PROBLEM]:cerebral aniemia;his many symptoms;neurasthenia;that condition;the attack.[TREATMENT]:treatment;wrong treatment.[TEST]:physical examination;the dtagno ^"
"17","CASE 17 

A manufacturer, of 64, of good inheritance and habits, is seen in 
October, 1898. In childhood he was laid up for a time with what he 
' thinks was rheumatism, and he ha^ since had pains now and then, not 
laying him up, attributed by him to rheumatism. He has been a very 
active man and has ridden a wheel. Ten years ago he fell on the ice 
while skating, striking the back of his head. He was unconscious for 
a week, and in bed eleven weeks, but full recovery followed. For the 
past year he has been less well and strong. Last winter he went to 
Bermuda, gaining in every way and thirteen pounds in weight. Five 
weeks ago he drove a pair of pulling horses over forty miles. The next 
day he had severe pain in his arms, and this has since been his main 
com|daint. The pain extends from the shoulders to the wrists, is 
worse at night, and often requires morphia to secure sleep. Pain and 
a burning sensation in the fingers comes on suddenly at times, waxes 
and wanes. He has kept the bed for about four weeks, sending for his 
doctor first three weelcs ago. He has lost some fiesh. The bowels are 
constipated. Of late there has been some general abdominal colicky 
pain not attributable to laxatives. Fever has been absent. There is 
no cough or prjecordial pain; he lies indifferently on either side, with 
the head low. He is rather pale, with slight icteric hue of the eonjunc- 
tivffi. The pulse is and has been regular, of fair strength and rather 
low tension, 96. The tongue is clear and moist, the gums and teeth 
in good condition. 

Tactile sensibility is perfect. There is weakness in the arms and 
hands, especially in the extensor muscles. This weakness has increased 
notably in the past week. He can button his undershirt and pick up 
a pn from a smooth surface, though with difficulty. There is no dis- 
tortion of the finger joints. 

The cardiac impulse is in the fifth space one inch to the left of the 
mammary line. Percussion corresponds with palpation and shows slight 
extension of dulness on the right of the sternum. In both the mitral 
and aortic areas soft systolic murmurs are to be heard, one transmitted 
into the axilla, the other into the neck. The second sounds are clear, 
the pulmonic sound slightly accentuated. Visceral examination is 
otherwise negative. (Edema is absent. The knee-jerks are obtained, 
though with difficulty. The urine, 44 ounces in 24 hours, contains 
neither sugar nor albumen. The blood is normal. 



. What discEisea are most often diagnoeed as ""tfaeumatism?"" Osteomyelitis, 

neuritis, arthritis defannana, tabes, gall-stooes, trichiniasis, tuberculous or 
syphilitic osteitis, ao 

2. What connection can. be traced betneen the fall and coma of ten jeaia ago 

and the present eymptomsT In all probabilitj', there is no connection at all. 

3. (a) Common causes of muscular weakness? (b) Of muscular paralysis? (a) 

Malnutrition (due to poverty, Btomach or bowel trouble), diabetes, nephritis, 
anffimia, fevers, or cancer; psychic disturbances (muscular collapse from 
fright or sorrow; neurasthenia, hysteria). The beginning of the lesions men- 
tioned next. (6) Neuritis (traumatic, toxic, infectious), ^>oplex)' (usually 
producing hemiplegia), anterior poliomyelitis, birth palsies, dementia para- 
lytica, myelitis {from pressure or unknown cause), hysteria. 

4. (a) What information might be obtained by testing the power of the supinator 

longus here? (&) Describe the test, (a) Lead neuritis spares the supinator 
longus, while in traumatic neuritis of the arm the supinator is uauaUy para- 
lyzed. (b) Stand before the patient, who bends his arm at the elbow to a 
right angle. Grasp his hand and resist while he tries to draw his hand towards 
his shoulder. If the supinator is sound it will stand out obviously on the 
thumb-side of the arm. 
6. What relations are there between joint troubles and diseases or anomalies of 
the nervous system? In tabes and syringomyelia painless but very destruc- 
tive joint troubles may occur (""Charcot's Joint""). In many chronic joint 
troubles muscular atrophy is exceedingly rapid and the reflexes are in- 

6. What connection might exist between the cardiac and the peripheral symptoms? 

Annmia or toxsmia might be the cause of both. 

7. Diagnosis? Prognosis? Treatment? 

Diagnosis: Pain, muscular weakness (extensors), diminished knee-jerks, and 
colic with no anesthesia or paresthesia suggest neuritis — -especially that due 
to lead. There are no signs suggesting involvement of the brain, cord, or 
muscles (myositis). The cardiac signs are those of a dilated heart, probably 
due to weakness of its muscle. An examination of the urine showed a lai^ 
amount of lead, apparently derived from drinkmg water. The blood showed 
moderate secondary anamia with an unusually large number of normoblasts 
and marked stippling. 

Prognosis: If the source of the lead can be found and the patient protected 
from it, the prc^nosis for ultimat« recovery is good in a case that has pro- 
gressed no further than this, but the cure will take at least a year. 

Treatment: Prevent the ingestion of any more lead. Help the elimination of 
the pioison by giving KI gr. V. t.i.d. for three weeks in every four. Give 
iron and arsenic for the aniemia. Make the hygienic conditions as good as 
poeuble. Keep up the nutrition of the muscles by electricity and massage.","[{'text': 'rheumatism', 'label': 'problem', 'score': 0.9492, 'start': 158, 'end': 168}, {'text': 'pains', 'label': 'problem', 'score': 0.997, 'start': 191, 'end': 196}, {'text': 'rheumatism', 'label': 'problem', 'score': 0.9701, 'start': 252, 'end': 262}, {'text': 'severe pain in his arms', 'label': 'problem', 'score': 0.998, 'start': 711, 'end': 734}, {'text': 'the pain', 'label': 'problem', 'score': 0.9955, 'start': 781, 'end': 789}, {'text': 'mora', 'label': 'treatment', 'score': 0.7632, 'start': 871, 'end': 878}, {'text': 'pain', 'label': 'problem', 'score': 0.997, 'start': 896, 'end': 900}, {'text': 'a burning sensation in the fingers', 'label': 'problem', 'score': 0.996, 'start': 906, 'end': 940}, {'text': 'some fiesh', 'label': 'problem', 'score': 0.9697, 'start': 1089, 'end': 1099}, {'text': 'constipate', 'label': 'problem', 'score': 0.8231, 'start': 1117, 'end': 1127}, {'text': 'some general abdominal colicky pain', 'label': 'problem', 'score': 0.9957, 'start': 1153, 'end': 1189}, {'text': 'laxatives', 'label': 'treatment', 'score': 0.9772, 'start': 1210, 'end': 1219}, {'text': 'fever', 'label': 'problem', 'score': 0.997, 'start': 1221, 'end': 1226}, {'text': 'cough', 'label': 'problem', 'score': 0.9984, 'start': 1257, 'end': 1262}, {'text': 'prjecordial pain', 'label': 'problem', 'score': 0.9095, 'start': 1266, 'end': 1282}, {'text': 'rather', 'label': 'problem', 'score': 0.5249, 'start': 1348, 'end': 1354}, {'text': 'pale', 'label': 'problem', 'score': 0.5581, 'start': 1355, 'end': 1359}, {'text': 'slight icteric hue', 'label': 'problem', 'score': 0.9958, 'start': 1366, 'end': 1384}, {'text': 'the pulse', 'label': 'test', 'score': 0.8179, 'start': 1410, 'end': 1419}, {'text': 'rather low tension', 'label': 'problem', 'score': 0.9559, 'start': 1466, 'end': 1485}, {'text': 'weakness in the arms and hands', 'label': 'problem', 'score': 0.996, 'start': 1604, 'end': 1635}, {'text': 'in the extensor muscles', 'label': 'problem', 'score': 0.8571, 'start': 1648, 'end': 1671}, {'text': 'this weakness', 'label': 'problem', 'score': 0.9873, 'start': 1673, 'end': 1686}, {'text': 'a pn', 'label': 'test', 'score': 0.8219, 'start': 1770, 'end': 1774}, {'text': 'dis - tortion of the finger joints', 'label': 'problem', 'score': 0.9907, 'start': 1834, 'end': 1868}, {'text': 'the cardiac impulse', 'label': 'test', 'score': 0.8962, 'start': 1872, 'end': 1891}, {'text': 'percussion', 'label': 'test', 'score': 0.9794, 'start': 1957, 'end': 1967}, {'text': 'palpation', 'label': 'test', 'score': 0.9232, 'start': 1985, 'end': 1994}, {'text': 'slight extension of dulness', 'label': 'problem', 'score': 0.9592, 'start': 2005, 'end': 2033}, {'text': 'soft systolic murmurs', 'label': 'problem', 'score': 0.9873, 'start': 2100, 'end': 2121}]","[PROBLEM]:a burning sensation in the fingers;constipate;cough;dis - tortion of the finger joints;fever;in the extensor muscles;pain;pains;pale;prjecordial pain;rather;rather low tension;rheumatism;severe pain in his arms;slight extension of dulness;slight icteric hue;soft systolic murmurs;some fiesh;some general abdominal colicky pain;the pain;this weakness;weakness in the arms and hands.[TREATMENT]:laxatives;mora.[TEST]:a pn;palpation;percussion;the cardiac impulse;the pulse","Pain, muscular weakness (extensors), diminished knee-jerks, and colic with no anesthesia or paresthesia suggest neuritis — -especially that due to lead. There are no signs suggesting involvement of the brain, cord, or muscles (myositis). The cardiac signs are those of a dilated heart, probably due to weakness of its muscle. An examination of the urine showed a lai^ amount of lead, apparently derived from drinkmg water. The blood showed moderate secondary anamia with an unusually large number of normoblasts and marked stippling.","[PROBLEM]:a dilated heart;an unusually large number;anesthesia;colic;diminished knee - jerks;involvement of the brain cord or muscles  myositis;lead;marked stippling;moderate secondary anamia;muscular weakness  extensors;neuritis;normoblasts;pain;paresthesia;weakness of its muscle.[TEST]:an examination of the urine;the blood;the cardiac signs"
"18","CASE 18 

Mrs, J., 65, an active, spare, energetic woman. Always well. For 
two years has noticed some dyspncea on exertion. Two weeks ago had 
an attack of dyspepsia with dizziness. This evening she ate a hearty sup- 
per of chopped codfish and potatoes warmed up in pork fat . Immediately 
afterwards she started out for a walk. After walking about a quarter of 
a mile she noticed dj'spncea, which rapidly increased to great distress. 
On reaching a friend's house she had barely strength to. enter. 

When seen twenty-five minutes later, the patient was sitting up. 
propped by pillows. Respiration was from 30-40 times per minute, 
and accompanied by a loud rattle in the throat. The larynx moved 
violently up and down. No pain anywhere. The face was drawn and 
blue, nose pinched, hands and fingers purple, skin cold and clammy. 
The carotids were throbbing strongly, the heart beating tempestuously 
— 140 times per minute. The lungs were full of coarse, medium, and fine 
rales up to the second rib on each side. Owing to the noisy breathing 
no definite information could be obtained regarding the cardiac valves. 

1. Significance of the rattle in the throat? Tracheal rales occur whenever in- 

Qammatory or dropsical fluid accumulateo in the tmcbea, owing to coma or 
to weakneBB which tenders the patient unable to r^ae and expectarat« or 
Bwaltow the fluid. It ia a bad sign, because it means either very deep (and 

therefore serious) coma, or very Severe prostration, 

2. Significance (a) of throbbing carotids; (b) of other cervical pulsations? (a) Throb- 

bing carotids mean violent heart action, low arterial tension, or both. They 
are seen in cardiac hypertrophy from any cause, especially in aortic regurg^ta- 
tion, in nervous persons, 'and in marked annmia. (b) Aneurism, a normal 
subclavian artery crossing a cervical rib, the normal (diastolic) undulation of 
cervical veins, and the systolic venous pulse of tricuspid leakage should be 
remembered. 

3. What further data should be obtained at once? The strength and rhythm of 

the pulse (far more important than its rate), the temperature, the urine. 

4. How is the prognosis influenced by the mode of onset here? Such symptoms 

arising without assignable cause are more serious than their appearance after 
(probable) indigestion and exertion as here. 

6. Evidence against pneumonia here? The onset without chill or pain; the cardiac 
origin of symptoms; the absence of fever, and of signs of solidified lung. 

6, Diagnosis? Prognosis? Treatment? 

Diagnosis: The lung signs are those of pulmonary cedema due to weak heart 
action, such as is often brought on by slight indigestion and exertion is an 
elderly person whose myocardium is weak. Bronchial asthma might produce 
similar pulmonary signs, but practically never occurs at the age of 65 in a 
person previously well. Renal asthma rarely has so sudden an onset without 
previous evidences of unemia, dropsy, or cardiac weakness. 
Prc^oais; Dubious. Death may occur within a tew hours. She will probably 

get over this attack and succumb later to increasing heart weakness. 
Treatment: Absolute rest; vigorous subcutaneous cardiac stimulation (musk, 
strychnia, nitroglycerine); encouragement.","[{'text': 'some dyspncea', 'label': 'problem', 'score': 0.9075, 'start': 98, 'end': 111}, {'text': 'an', 'label': 'problem', 'score': 0.7249, 'start': 144, 'end': 146}, {'text': 'dyspepsia', 'label': 'problem', 'score': 0.9402, 'start': 157, 'end': 166}, {'text': 'dizziness', 'label': 'problem', 'score': 0.9947, 'start': 172, 'end': 181}, {'text': 'codfish', 'label': 'treatment', 'score': 0.8207, 'start': 234, 'end': 241}, {'text': 'fat', 'label': 'treatment', 'score': 0.9141, 'start': 273, 'end': 276}, {'text': 'dj', 'label': 'problem', 'score': 0.9241, 'start': 384, 'end': 386}, {'text': 'great distress', 'label': 'problem', 'score': 0.8582, 'start': 422, 'end': 436}, {'text': 'res', 'label': 'test', 'score': 0.5994, 'start': 591, 'end': 594}, {'text': 'a loud rattle in the throat', 'label': 'problem', 'score': 0.9955, 'start': 656, 'end': 683}, {'text': 'pain', 'label': 'problem', 'score': 0.9916, 'start': 729, 'end': 733}, {'text': 'nose', 'label': 'problem', 'score': 0.9519, 'start': 774, 'end': 778}, {'text': 'hands and fingers purple', 'label': 'problem', 'score': 0.8463, 'start': 788, 'end': 812}, {'text': 'cold', 'label': 'problem', 'score': 0.8012, 'start': 819, 'end': 823}, {'text': 'clammy', 'label': 'problem', 'score': 0.816, 'start': 828, 'end': 834}, {'text': 'tempest', 'label': 'problem', 'score': 0.4673, 'start': 893, 'end': 900}, {'text': 'coarse medium and fine rales', 'label': 'problem', 'score': 0.9884, 'start': 955, 'end': 986}, {'text': 'the noisy breathing', 'label': 'problem', 'score': 0.9964, 'start': 1031, 'end': 1050}, {'text': 'the rattle in the throat', 'label': 'problem', 'score': 0.9931, 'start': 1145, 'end': 1169}, {'text': 'tracheal ralesory', 'label': 'problem', 'score': 0.8153, 'start': 1171, 'end': 1216}, {'text': 'dropsical fluid', 'label': 'problem', 'score': 0.9021, 'start': 1220, 'end': 1235}, {'text': 'coma', 'label': 'problem', 'score': 0.9981, 'start': 1272, 'end': 1276}, {'text': 'weaknebb', 'label': 'problem', 'score': 0.9934, 'start': 1284, 'end': 1292}, {'text': 'fluid', 'label': 'problem', 'score': 0.576, 'start': 1366, 'end': 1371}, {'text': 'very deep  and therefore serious  coma', 'label': 'problem', 'score': 0.9946, 'start': 1415, 'end': 1455}, {'text': 'very severe prostration', 'label': 'problem', 'score': 0.9958, 'start': 1460, 'end': 1483}, {'text': 'throbbing carotids', 'label': 'problem', 'score': 0.9977, 'start': 1510, 'end': 1528}, {'text': 'other cervical pulsations', 'label': 'problem', 'score': 0.9984, 'start': 1537, 'end': 1562}, {'text': 'throb', 'label': 'problem', 'score': 0.6907, 'start': 1568, 'end': 1573}, {'text': 'bing carotids', 'label': 'problem', 'score': 0.8057, 'start': 1577, 'end': 1590}, {'text': 'violent heart action', 'label': 'problem', 'score': 0.9959, 'start': 1596, 'end': 1616}, {'text': 'low arterial tension', 'label': 'problem', 'score': 0.998, 'start': 1618, 'end': 1638}, {'text': 'cardiac hypertrophyrti', 'label': 'problem', 'score': 0.7762, 'start': 1667, 'end': 1722}, {'text': 'reg', 'label': 'problem', 'score': 0.8959, 'start': 1724, 'end': 1727}, {'text': 'marked annmia', 'label': 'problem', 'score': 0.9964, 'start': 1770, 'end': 1783}, {'text': 'aneurism', 'label': 'problem', 'score': 0.9951, 'start': 1789, 'end': 1797}, {'text': 'subclavian artery', 'label': 'problem', 'score': 0.8395, 'start': 1809, 'end': 1826}, {'text': 'sylic venous pulse', 'label': 'test', 'score': 0.8471, 'start': 1914, 'end': 1935}, {'text': 'tricuspid leakage', 'label': 'problem', 'score': 0.9884, 'start': 1939, 'end': 1956}, {'text': 'pulse', 'label': 'test', 'score': 0.8853, 'start': 2064, 'end': 2069}, {'text': 'temperature', 'label': 'test', 'score': 0.5505, 'start': 2110, 'end': 2121}, {'text': 'urine', 'label': 'test', 'score': 0.8633, 'start': 2127, 'end': 2132}]","[PROBLEM]:a loud rattle in the throat;an;aneurism;bing carotids;cardiac hypertrophyrti;clammy;coarse medium and fine rales;cold;coma;dizziness;dj;dropsical fluid;dyspepsia;fluid;great distress;hands and fingers purple;low arterial tension;marked annmia;nose;other cervical pulsations;pain;reg;some dyspncea;subclavian artery;tempest;the noisy breathing;the rattle in the throat;throb;throbbing carotids;tracheal ralesory;tricuspid leakage;very deep  and therefore serious  coma;very severe prostration;violent heart action;weaknebb.[TREATMENT]:codfish;fat.[TEST]:pulse;res;sylic venous pulse;temperature;urine","The lung signs are those of pulmonary cedema due to weak heart action, such as is often brought on by slight indigestion and exertion is an elderly person whose myocardium is weak. Bronchial asthma might produce similar pulmonary signs, but practically never occurs at the age of 65 in a person previously well. Renal asthma rarely has so sudden an onset without previous evidences of unemia, dropsy, or cardiac weakness. Prc^oais; Dubious. Death may occur within a tew hours. She will probably","[PROBLEM]:bronchial asthma;cardiac weakness;dropsy;myocardium;pulmonary cedema;pulmonary signs;renal asthma;slight indigestion;unemia;weak;weak heart action.[TEST]:prc;the lung signs"
"19","CASE 19 

A middle-aged man was Been writhing in intense pain referred to 
the epigastrium. Vomiting .of greenish fluid took place; there were 
loose discharges from the bowels, small in amount. This state of things 
lasted, with only short remisaiona, for two days, until a small dose of 
morphia (which, for special reasons had been hitherto withheld, though 
asked for) was administered, after which there was complete relief for 
many days. The pupils were dilated, the pulse regular and of normal 
character. Nothing special had been eaten or drunk to cause irritation 
of the stomach. The abdominal walls were neither distended nor 
retracted, no intra-abdominal tumor wa^ detected, nor was there 
excessive tenderness on pressure. It was afterwards learned that he 
had had several such a^cks, that for many months or years his legs 
had been weak, that he^d had neuralgia and numbness in them. 

1. What further examiimtioiu ehould be made? Pupillaiy reactions, knee-jerks, 

temperature, heart, lunga, blood, and urine are the most important. 

2. If you had seen such a. case for the first time, what treatment of the acute ejrmp- 

toms should you advise? Morphia aubcutaneously. 

3. Significance of the vomiting of greenish fluid? Violent or prolonged vomiting 

from any cause, e,?., from aea^ckneas, squeezes bile into the duodenum whence 
it regurgitates into the stomach and is vomited. 

4. Diagnosis? Pn^piosis? Treatment? 

Diagnosis: The epigastric pain is probably not in^mmolon/ in origin (peritonitis), 
since there is no excessive tendemess or rigidity, ajid a small dose of morphia 
^ves relief for many days. Lead colic is not often associated with diarriioea, 
while the pulse usually shows increased tension. Evidences of plumbism and 
the possible sources of lead should be searched for. Biliary colic cannot be 
excluded without further evidence. A history of jaundice and of radiation 
of pain to right scapular r^on should be sought for. 

The weakness, pain, and numbness of the legs suggest either neuritis (perhaps 
due to lead) or tabes. Examination of the pupils showed no reaction to light, 
although the reaction to distance was normal. The knee-jerks were absent and 
Romberg's symptom present. The acute epigastric pain was explicable as 
a gastric crisis in tabee dorsalis. Morphia had been withheld because the 
patient had in previous years narrowly escaped the habit. No evidence of 
lead or of gall-stones could be obtained. Other causes of epigastric pain of less 
severity than that here described are gastric xilcer and kypercM^kydria (in 
which the pain has more obvious relation to food than in this case), malaria 
(periodic pain with fever), gastro-enteritia, in which the shifting of the pam 
and its relation to food and to bowel movements are usually obvious. 

Prognosis: Most cases of tabes live many years and gradually get worse. Arrest 
is possible but rare ; cure is impossible. 

Treatment: Fotassic iodide and mercury should be given, though they are 
rarely of service. By re-education (Frtenkel) the patient's muscles may be 
again brought under control to a remarkable extent after ataxia appears. 
Hot baths and analgesic drugs are used for the crises and pains.","[{'text': 'intense pain', 'label': 'problem', 'score': 0.9896, 'start': 49, 'end': 61}, {'text': 'vomiting', 'label': 'problem', 'score': 0.9938, 'start': 92, 'end': 100}, {'text': 'greenish fluid', 'label': 'problem', 'score': 0.8826, 'start': 105, 'end': 119}, {'text': 'loose discharges from the bowels', 'label': 'problem', 'score': 0.9512, 'start': 144, 'end': 176}, {'text': 'small', 'label': 'problem', 'score': 0.6511, 'start': 178, 'end': 183}, {'text': 'amount', 'label': 'problem', 'score': 0.6174, 'start': 187, 'end': 193}, {'text': 'short remisaiona', 'label': 'problem', 'score': 0.7491, 'start': 235, 'end': 251}, {'text': 'morphia', 'label': 'treatment', 'score': 0.8347, 'start': 290, 'end': 297}, {'text': 'dilated', 'label': 'problem', 'score': 0.9836, 'start': 461, 'end': 468}, {'text': 'irritation of the stomach', 'label': 'problem', 'score': 0.9975, 'start': 563, 'end': 589}, {'text': 'distended', 'label': 'problem', 'score': 0.8575, 'start': 624, 'end': 633}, {'text': 'retracted', 'label': 'problem', 'score': 0.5742, 'start': 639, 'end': 648}, {'text': 'intra -', 'label': 'problem', 'score': 0.9862, 'start': 653, 'end': 659}, {'text': 'abdominal tumor wa', 'label': 'problem', 'score': 0.9442, 'start': 659, 'end': 677}, {'text': 'excessive tenderness', 'label': 'problem', 'score': 0.9973, 'start': 704, 'end': 724}, {'text': 'pressure', 'label': 'test', 'score': 0.351, 'start': 728, 'end': 736}, {'text': 'several', 'label': 'problem', 'score': 0.8209, 'start': 781, 'end': 788}, {'text': 'such a ^ cks', 'label': 'problem', 'score': 0.8749, 'start': 789, 'end': 799}, {'text': 'legs', 'label': 'problem', 'score': 0.9719, 'start': 835, 'end': 839}, {'text': 'weak', 'label': 'problem', 'score': 0.9479, 'start': 850, 'end': 854}, {'text': 'neuralgia', 'label': 'problem', 'score': 0.9963, 'start': 870, 'end': 879}, {'text': 'numbness in them', 'label': 'problem', 'score': 0.884, 'start': 884, 'end': 900}, {'text': 'further', 'label': 'problem', 'score': 0.6162, 'start': 912, 'end': 919}, {'text': 'exam', 'label': 'test', 'score': 0.8154, 'start': 920, 'end': 924}, {'text': 'pupillaiy reactions', 'label': 'problem', 'score': 0.9939, 'start': 949, 'end': 968}, {'text': 'knee - jerks', 'label': 'test', 'score': 0.9344, 'start': 970, 'end': 980}, {'text': 'temperature', 'label': 'test', 'score': 0.9849, 'start': 984, 'end': 995}, {'text': 'heart lunga blood and urine', 'label': 'test', 'score': 0.751, 'start': 997, 'end': 1027}, {'text': 'case', 'label': 'problem', 'score': 0.5683, 'start': 1081, 'end': 1085}, {'text': 'the acute ej', 'label': 'problem', 'score': 0.8164, 'start': 1124, 'end': 1136}, {'text': 'toms', 'label': 'problem', 'score': 0.6431, 'start': 1143, 'end': 1147}, {'text': 'morabcutaneo', 'label': 'problem', 'score': 0.4915, 'start': 1167, 'end': 1185}, {'text': 'the vomiting of greenish fluid', 'label': 'problem', 'score': 0.9675, 'start': 1212, 'end': 1242}, {'text': 'violent or prolonged vomiting', 'label': 'problem', 'score': 0.9957, 'start': 1244, 'end': 1273}, {'text': 'pn', 'label': 'problem', 'score': 0.8552, 'start': 1420, 'end': 1422}, {'text': 'piosis', 'label': 'problem', 'score': 0.827, 'start': 1423, 'end': 1429}, {'text': 'treatment', 'label': 'treatment', 'score': 0.7795, 'start': 1431, 'end': 1440}, {'text': 'the epigastric pain', 'label': 'problem', 'score': 0.9974, 'start': 1455, 'end': 1474}, {'text': 'mmolon', 'label': 'treatment', 'score': 0.9001, 'start': 1494, 'end': 1500}, {'text': 'peritonitis', 'label': 'problem', 'score': 0.9195, 'start': 1513, 'end': 1524}, {'text': 'excessive tendemess', 'label': 'problem', 'score': 0.9967, 'start': 1546, 'end': 1565}, {'text': 'rigidity', 'label': 'problem', 'score': 0.8639, 'start': 1569, 'end': 1577}, {'text': 'morphia', 'label': 'problem', 'score': 0.761, 'start': 1600, 'end': 1607}, {'text': 'ves relief', 'label': 'problem', 'score': 0.7977, 'start': 1610, 'end': 1620}, {'text': 'lead colic', 'label': 'problem', 'score': 0.996, 'start': 1636, 'end': 1646}, {'text': 'diarriioea', 'label': 'problem', 'score': 0.995, 'start': 1676, 'end': 1686}, {'text': 'the pulse', 'label': 'test', 'score': 0.9112, 'start': 1695, 'end': 1704}, {'text': 'increased tension', 'label': 'problem', 'score': 0.9967, 'start': 1719, 'end': 1736}, {'text': 'plumbism', 'label': 'problem', 'score': 0.9924, 'start': 1751, 'end': 1759}, {'text': 'lead', 'label': 'problem', 'score': 0.9207, 'start': 1789, 'end': 1793}, {'text': 'biliary colic', 'label': 'problem', 'score': 0.9975, 'start': 1818, 'end': 1831}, {'text': 'jaundice', 'label': 'problem', 'score': 0.9093, 'start': 1891, 'end': 1899}, {'text': 'radiation of pain to right scapular r', 'label': 'problem', 'score': 0.9541, 'start': 1907, 'end': 1945}, {'text': 'the weakness', 'label': 'problem', 'score': 0.9895, 'start': 1973, 'end': 1985}, {'text': 'pain', 'label': 'problem', 'score': 0.534, 'start': 1987, 'end': 1991}, {'text': 'numbness of the legs', 'label': 'problem', 'score': 0.9805, 'start': 1997, 'end': 2017}, {'text': 'neuritis', 'label': 'problem', 'score': 0.8871, 'start': 2033, 'end': 2041}, {'text': 'lead', 'label': 'problem', 'score': 0.9803, 'start': 2059, 'end': 2063}, {'text': 'tabes', 'label': 'problem', 'score': 0.9473, 'start': 2068, 'end': 2073}, {'text': 'examination of the pupils', 'label': 'test', 'score': 0.9942, 'start': 2075, 'end': 2100}, {'text': 'reaction', 'label': 'problem', 'score': 0.9785, 'start': 2111, 'end': 2119}, {'text': 'the reaction', 'label': 'problem', 'score': 0.9616, 'start': 2140, 'end': 2152}]","[PROBLEM]:abdominal tumor wa;amount;biliary colic;case;diarriioea;dilated;distended;excessive tendemess;excessive tenderness;further;greenish fluid;increased tension;intense pain;intra -;irritation of the stomach;jaundice;lead;lead colic;legs;loose discharges from the bowels;morabcutaneo;morphia;neuralgia;neuritis;numbness in them;numbness of the legs;pain;peritonitis;piosis;plumbism;pn;pupillaiy reactions;radiation of pain to right scapular r;reaction;retracted;rigidity;several;short remisaiona;small;such a ^ cks;tabes;the acute ej;the epigastric pain;the reaction;the vomiting of greenish fluid;the weakness;toms;ves relief;violent or prolonged vomiting;vomiting;weak.[TREATMENT]:mmolon;morphia;treatment.[TEST]:exam;examination of the pupils;heart lunga blood and urine;knee - jerks;pressure;temperature;the pulse","The epigastric pain is probably not in^mmolon/ in origin (peritonitis), since there is no excessive tendemess or rigidity, ajid a small dose of morphia ^ves relief for many days. Lead colic is not often associated with diarriioea, while the pulse usually shows increased tension. Evidences of plumbism and the possible sources of lead should be searched for. Biliary colic cannot be excluded without further evidence. A history of jaundice and of radiation of pain to right scapular r^on should be sought for.","[PROBLEM]:biliary colic;diarriioea;excessive tendemess;increased tension;jaundice;lead;lead colic;peritonitis;plumbism;radiation of pain to right scapular;rigidity;the epigastric pain.[TREATMENT]:mmolon;morphia ^ ves relief.[TEST]:the pulse"
"20","CASE 20 

A married womac, aged 27, is seen June 7. Both parents died of 
consumption. She has always been well except for an attack of 
rheumatic fever three years ago. Has had four healthy children, the 
youngest six months old. Her oldest child was taken with convulsions 
on the night of June 2 and died twelve hours later. After his death 
she seemed dazed and became delirious, but had intervals of apparent 
consciousness up to 6 p.m., when she complained of pain in the back 
of her neck and began to vomit. Vomiting was frequent and persistent 
until the following evening. She has remained unconscious since the 
evening of the 3d. Yesterday morning her hands and feet appeared 
swollen and inflamed. Her temperature has varied between 101° and 
102.5° and has been irregular. Her pulse is 120, respirations 30. She 
is delirious, and does not appear to realize her surroundings. Both 
knee and ankles, the back of the left hand and the metacarpo-phalan- 
geal joint of the right index finger are red, swollen, and tender. There 
is redness over both patellfe. The muscles of the calves and thighs 
are tender. The neck is somewhat stiff, the pupils dilated, and there 
is divergent strabismus. The knee-jerks are not obtained. Except 
for a few moist rales at the bases of the lungs physical examination 
otherwise negative. The white cells number 29,400. Urine, sp. gr. 
1030, acid, albumen very slight trace, sugar a trace. Sediment 
contains occasional hyaline and fine granular casts and a rare abnor- 
mal blood globule. The amount is 500 c.c. 

1. What dionges mi^t be reveaJed by^ ophthaJmoacopic examinaticm? Optic 

neutitiB, choroid tubercles (veiy rare). 

2. IKscuBS the urinary anomalies in this c«ae7 Passive coagestion and the acut« 

degeneration resulting from any infectious fever are the commooest causes 
of such urine. The glycosuria is probably due to cerebral irritation. 

3. What are the most important types and causes of ari^lmtis7 (See above, Case 3.) 

4. Name three causes of strabismus? Congenital, tuberculous meningitis, syphilis. 

5. What t«sts would simplify the diagnosis? Spinal puncture, ophthalmoscopy. 
(1. How is the vomiting to be explained in tbte case? The onset of an infectious 

disease. Other causes of vomiting may here be discussed. 
7. Diagnods? Prognosis? Treatment? 

Diagnous: At autopsy tuberculous meninigitia aQd general miliary tuberculosis 
were found. The family history, the sudden onset of fever, coma, delirium, 
retraction of the neck and strabismus, maiie this diagnosis obvious. The pains 
in the peripheral joints and muscles are to be explained as a part of the 
general infectious process, though in all probabilty no gross tuberculous lesions 
were present there. The type of meningitis would be revealed by spinal 

Prognosis: Probably early death. Recovery is practically impossible here. 
Treatmenti To prevent bed-sores, maintain nutrition, and relieve headache 
(should it occur) l^ lumbar puncture and morphia, are the chief indications. ","[{'text': 'consumption', 'label': 'problem', 'score': 0.7788, 'start': 74, 'end': 85}, {'text': 'rheumatic fever', 'label': 'problem', 'score': 0.9795, 'start': 137, 'end': 152}, {'text': 'convulsions', 'label': 'problem', 'score': 0.9625, 'start': 263, 'end': 274}, {'text': 'dazed', 'label': 'problem', 'score': 0.9841, 'start': 356, 'end': 361}, {'text': 'delirious', 'label': 'problem', 'score': 0.9897, 'start': 373, 'end': 382}, {'text': 'apparent consciousness', 'label': 'problem', 'score': 0.7769, 'start': 405, 'end': 428}, {'text': 'pain in the back of her neck', 'label': 'problem', 'score': 0.997, 'start': 466, 'end': 495}, {'text': 'vomit', 'label': 'problem', 'score': 0.7014, 'start': 509, 'end': 514}, {'text': 'vomiting', 'label': 'problem', 'score': 0.996, 'start': 516, 'end': 524}, {'text': 'swollen', 'label': 'problem', 'score': 0.9872, 'start': 689, 'end': 696}, {'text': 'inflamed', 'label': 'problem', 'score': 0.9008, 'start': 701, 'end': 709}, {'text': 'her temperature', 'label': 'test', 'score': 0.9364, 'start': 711, 'end': 726}, {'text': 'her pulse', 'label': 'test', 'score': 0.9818, 'start': 787, 'end': 796}, {'text': 'respirations', 'label': 'test', 'score': 0.9544, 'start': 805, 'end': 817}, {'text': 'delirious', 'label': 'problem', 'score': 0.9514, 'start': 830, 'end': 839}, {'text': 'red', 'label': 'problem', 'score': 0.9822, 'start': 1007, 'end': 1010}, {'text': 'swollen', 'label': 'problem', 'score': 0.8043, 'start': 1012, 'end': 1019}, {'text': 'tender', 'label': 'problem', 'score': 0.7307, 'start': 1025, 'end': 1031}, {'text': 'redness over both patellfe', 'label': 'problem', 'score': 0.9735, 'start': 1043, 'end': 1069}, {'text': 'tender', 'label': 'problem', 'score': 0.8833, 'start': 1113, 'end': 1119}, {'text': 'somewhat stiff', 'label': 'problem', 'score': 0.9316, 'start': 1133, 'end': 1147}, {'text': 'pupils dilated', 'label': 'problem', 'score': 0.9917, 'start': 1153, 'end': 1167}, {'text': 'divergent strabismus', 'label': 'problem', 'score': 0.9984, 'start': 1183, 'end': 1203}, {'text': 'the knee - jerks', 'label': 'test', 'score': 0.8149, 'start': 1205, 'end': 1219}, {'text': 'a few moist rales at', 'label': 'problem', 'score': 0.8842, 'start': 1250, 'end': 1270}, {'text': 'lungs', 'label': 'problem', 'score': 0.6066, 'start': 1288, 'end': 1293}, {'text': 'physical examination', 'label': 'test', 'score': 0.894, 'start': 1294, 'end': 1314}, {'text': 'the white cells', 'label': 'test', 'score': 0.9532, 'start': 1336, 'end': 1351}, {'text': 'urine', 'label': 'test', 'score': 0.9673, 'start': 1367, 'end': 1372}, {'text': 'acid', 'label': 'test', 'score': 0.5227, 'start': 1389, 'end': 1393}, {'text': 'albumen very slight trace', 'label': 'problem', 'score': 0.7879, 'start': 1395, 'end': 1420}, {'text': 'sugar', 'label': 'test', 'score': 0.9889, 'start': 1422, 'end': 1427}, {'text': 'occasional hyaline and fine granular casts', 'label': 'problem', 'score': 0.975, 'start': 1456, 'end': 1498}, {'text': 'a rare abnor - mal blood globule', 'label': 'problem', 'score': 0.9963, 'start': 1503, 'end': 1535}, {'text': 'ophthajmoacopic examinaticm', 'label': 'test', 'score': 0.4441, 'start': 1599, 'end': 1626}, {'text': 'optic neutitib', 'label': 'problem', 'score': 0.9593, 'start': 1628, 'end': 1644}, {'text': 'choroid tubercles', 'label': 'problem', 'score': 0.9963, 'start': 1646, 'end': 1663}, {'text': 'ik', 'label': 'problem', 'score': 0.5027, 'start': 1682, 'end': 1684}, {'text': 'the urinary anomalies', 'label': 'problem', 'score': 0.9426, 'start': 1690, 'end': 1711}, {'text': 'this c', 'label': 'problem', 'score': 0.442, 'start': 1715, 'end': 1721}, {'text': 'ae', 'label': 'treatment', 'score': 0.3002, 'start': 1722, 'end': 1724}, {'text': 'passive coagestion', 'label': 'treatment', 'score': 0.6708, 'start': 1726, 'end': 1744}, {'text': 'the acut « degeneration', 'label': 'problem', 'score': 0.9729, 'start': 1749, 'end': 1773}, {'text': 'any infectious fever', 'label': 'problem', 'score': 0.9927, 'start': 1789, 'end': 1809}, {'text': 'such urine', 'label': 'problem', 'score': 0.9933, 'start': 1839, 'end': 1849}, {'text': 'the glycosuria', 'label': 'problem', 'score': 0.9946, 'start': 1851, 'end': 1865}, {'text': 'cerebral irritation', 'label': 'problem', 'score': 0.9977, 'start': 1885, 'end': 1904}, {'text': 'ari', 'label': 'problem', 'score': 0.9575, 'start': 1959, 'end': 1962}, {'text': 'lmt', 'label': 'problem', 'score': 0.6038, 'start': 1963, 'end': 1966}, {'text': 'strabismus', 'label': 'problem', 'score': 0.9887, 'start': 2017, 'end': 2027}, {'text': 'congenital', 'label': 'problem', 'score': 0.9948, 'start': 2029, 'end': 2039}, {'text': 'tuberculous meningitis', 'label': 'problem', 'score': 0.9501, 'start': 2041, 'end': 2063}, {'text': 'syphilis', 'label': 'problem', 'score': 0.9869, 'start': 2065, 'end': 2073}]","[PROBLEM]:a few moist rales at;a rare abnor - mal blood globule;albumen very slight trace;any infectious fever;apparent consciousness;ari;cerebral irritation;choroid tubercles;congenital;consumption;convulsions;dazed;delirious;divergent strabismus;ik;inflamed;lmt;lungs;occasional hyaline and fine granular casts;optic neutitib;pain in the back of her neck;pupils dilated;red;redness over both patellfe;rheumatic fever;somewhat stiff;strabismus;such urine;swollen;syphilis;tender;the acut « degeneration;the glycosuria;the urinary anomalies;this c;tuberculous meningitis;vomit;vomiting.[TREATMENT]:ae;passive coagestion.[TEST]:acid;her pulse;her temperature;ophthajmoacopic examinaticm;physical examination;respirations;sugar;the knee - jerks;the white cells;urine","At autopsy tuberculous meninigitia aQd general miliary tuberculosis were found. The family history, the sudden onset of fever, coma, delirium, retraction of the neck and strabismus, maiie this diagnosis obvious. The pains in the peripheral joints and muscles are to be explained as a part of the general infectious process, though in all probabilty no gross tuberculous lesions were present there. The type of meningitis would be revealed by spinal","[PROBLEM]:coma;delirium;fever;general miliary tuberculosis;gross tuberculous lesions;meningitis;retraction of the neck;strabismus;the general infectious process;the pains in the peripheral joints and muscles;tuberculous meninigitia.[TEST]:autopsy"
"21","CASE 21 

A painter, 23 years old. Family history negative. General health 
always good. Clap eight months ago, a slight mucopurulent dischai^e 
etill persisting. Seven months ago had an attack of colic, lasting three 
or four days, similar to his present trouble, but less severe. Bowels 
move once daily without medicine. Seven days ago began to have 
cramps which have grown rapidly worse since and have been only 
partially relieved by large doses of morphia and atropine. The abdo- 
men at first was generally tender, especially just to the right of the 
navel. The bowels have been constipated from the start, in spite of 
repeated doses of salts and enemata. Very little gas passes per rectum. 
Has vomited three times, the vomitus containing nothing of note. 

Physical examination shows a poorly nourished man, suffering 
acutely from general colicky, pains in abdomen. Expression pinched, 
anxious. No jaundice. Faint blue line on gums. Radial arteries 
slightly thickened. Heart and lungs normal.' Abdomen distended, 
and tympanitic. Between the attacks of pain no marked tenderness 
is elicited even on fairly deep pressure. The distended, moving coils 
of intestine are visible through the thin walls, which are somewhat 
rigid everywhere. The finger high up in rectum strikes a tender point 
a little to the right of the median line. The pulse is small, 120, and 
has been steadily rising. The temperature, taken only during the past 
five days, has never gone above 99°. Urine scanty, high colored, acid, 
sp. gr. 1026, No sugar, no albumen. Sediment negative. Leucocytes 
five days ago 35,000, now 19,000. 

1. Commoa cauaeB of oligurisi? ObatructiOD (proatatic, cancerous, or calculous), 

nephritis, infectious fevera, starvation (including pyloric obstruction with 
gastric dilatation), vomiting, diarrhiEa, sweating, low prot«id diet, hysteria. 

2. How does the temperature record influence our diagnowa here? By itaelf it 

would incline us to believe that no inflammatory process is going on. 

3. Significance of the leucocytosis here present? Uncomplicated plumbiam never 

produces such a leucocytosis; intestinal obstruction rarely if ever raises the 
count to 35,000. A focus of inflammation is probably indicated. 

4. Have the thickened radials uiy connection with the other symptoms of this 

case? Lead poisoning the patient certainly has. Lead is said to produce 
thickening of the arterial walls. 
6. What organs and tissues are injured in plumbism? The gums, the blood, the 
nerves supplying the extensors, the brain, the arteries, the kidneys, the gastro- 
intestinal tract (colic, constipation). 
6. Diagnosis? Prognosis? Treatment? 

Diagnosis: Operation showed genend peritonitis due to appendicitis. The 
purgation probably did great harm. The obvious presence of plumbism 
led to a disastrous mistake in diagnosis. 

PrognoBis; Very grave, in view of the absence of any evidence of localization. 

Treatment; Immediate surgical interference. ","[{'text': 'a slight mucopurulent dischai ^ e etill', 'label': 'problem', 'score': 0.9437, 'start': 112, 'end': 150}, {'text': 'an attack of', 'label': 'problem', 'score': 0.8527, 'start': 184, 'end': 196}, {'text': 'colic', 'label': 'problem', 'score': 0.8542, 'start': 197, 'end': 202}, {'text': 'his present trouble', 'label': 'problem', 'score': 0.9909, 'start': 244, 'end': 263}, {'text': 'medicine', 'label': 'treatment', 'score': 0.8712, 'start': 314, 'end': 322}, {'text': 'cramps', 'label': 'problem', 'score': 0.9976, 'start': 354, 'end': 360}, {'text': 'morphia', 'label': 'treatment', 'score': 0.9477, 'start': 455, 'end': 462}, {'text': 'atropine', 'label': 'treatment', 'score': 0.9402, 'start': 467, 'end': 475}, {'text': 'tender', 'label': 'problem', 'score': 0.9502, 'start': 515, 'end': 521}, {'text': 'salts', 'label': 'treatment', 'score': 0.9962, 'start': 647, 'end': 652}, {'text': 'enemata', 'label': 'treatment', 'score': 0.9042, 'start': 657, 'end': 664}, {'text': 'physical examination', 'label': 'test', 'score': 0.9903, 'start': 769, 'end': 789}, {'text': 'general colicky', 'label': 'problem', 'score': 0.9958, 'start': 844, 'end': 859}, {'text': 'pains in abdomen', 'label': 'problem', 'score': 0.9984, 'start': 861, 'end': 877}, {'text': 'expression', 'label': 'problem', 'score': 0.8848, 'start': 879, 'end': 889}, {'text': 'pinched', 'label': 'problem', 'score': 0.8711, 'start': 890, 'end': 897}, {'text': 'anxious', 'label': 'problem', 'score': 0.992, 'start': 900, 'end': 907}, {'text': 'jaundice', 'label': 'problem', 'score': 0.9609, 'start': 912, 'end': 920}, {'text': 'faint blue line on gums', 'label': 'problem', 'score': 0.9634, 'start': 922, 'end': 945}, {'text': 'radial arteries slightly thickened', 'label': 'problem', 'score': 0.9324, 'start': 947, 'end': 982}, {'text': 'abdomen distended', 'label': 'problem', 'score': 0.9767, 'start': 1009, 'end': 1026}, {'text': 'tympanitic', 'label': 'problem', 'score': 0.9478, 'start': 1033, 'end': 1043}, {'text': 'the attacks of', 'label': 'problem', 'score': 0.7551, 'start': 1053, 'end': 1067}, {'text': 'pain', 'label': 'problem', 'score': 0.9687, 'start': 1068, 'end': 1072}, {'text': 'marked tenderness', 'label': 'problem', 'score': 0.9924, 'start': 1076, 'end': 1093}, {'text': 'the distended moving coils of intestine', 'label': 'problem', 'score': 0.8842, 'start': 1137, 'end': 1178}, {'text': 'rigid', 'label': 'problem', 'score': 0.79, 'start': 1235, 'end': 1240}, {'text': 'the pulse', 'label': 'test', 'score': 0.9463, 'start': 1348, 'end': 1357}, {'text': 'the temperature', 'label': 'test', 'score': 0.7774, 'start': 1404, 'end': 1419}, {'text': 'urine scanty', 'label': 'problem', 'score': 0.9699, 'start': 1486, 'end': 1498}, {'text': 'high colored', 'label': 'problem', 'score': 0.985, 'start': 1500, 'end': 1512}, {'text': 'acid', 'label': 'problem', 'score': 0.9159, 'start': 1514, 'end': 1518}, {'text': 'sugar', 'label': 'problem', 'score': 0.9303, 'start': 1538, 'end': 1543}, {'text': 'albumen', 'label': 'problem', 'score': 0.9891, 'start': 1548, 'end': 1555}, {'text': 'sediment', 'label': 'test', 'score': 0.8972, 'start': 1557, 'end': 1565}, {'text': 'leucocytes', 'label': 'test', 'score': 0.7074, 'start': 1576, 'end': 1586}, {'text': 'oligurisi', 'label': 'problem', 'score': 0.9468, 'start': 1644, 'end': 1653}, {'text': 'obatructiod', 'label': 'problem', 'score': 0.5699, 'start': 1655, 'end': 1666}, {'text': 'protic', 'label': 'problem', 'score': 0.9399, 'start': 1668, 'end': 1677}, {'text': 'cancerous', 'label': 'problem', 'score': 0.9728, 'start': 1679, 'end': 1688}, {'text': 'calculous', 'label': 'problem', 'score': 0.7674, 'start': 1693, 'end': 1702}, {'text': 'nephritis', 'label': 'problem', 'score': 0.9068, 'start': 1707, 'end': 1716}, {'text': 'infectious fevera', 'label': 'problem', 'score': 0.9965, 'start': 1718, 'end': 1735}, {'text': 'starvation', 'label': 'problem', 'score': 0.9973, 'start': 1737, 'end': 1747}, {'text': 'pyloric obstruction', 'label': 'problem', 'score': 0.894, 'start': 1759, 'end': 1778}, {'text': 'gastric dilatation', 'label': 'problem', 'score': 0.8207, 'start': 1785, 'end': 1803}, {'text': 'vomiting', 'label': 'problem', 'score': 0.9975, 'start': 1806, 'end': 1814}, {'text': 'diarrhiea', 'label': 'problem', 'score': 0.9559, 'start': 1816, 'end': 1825}, {'text': 'sweating', 'label': 'problem', 'score': 0.9967, 'start': 1827, 'end': 1835}, {'text': 'low prot', 'label': 'problem', 'score': 0.9514, 'start': 1837, 'end': 1845}, {'text': 'hysteria', 'label': 'problem', 'score': 0.9931, 'start': 1855, 'end': 1863}, {'text': 'the', 'label': 'test', 'score': 0.6289, 'start': 1879, 'end': 1882}, {'text': 'record', 'label': 'test', 'score': 0.8532, 'start': 1895, 'end': 1901}, {'text': 'inflammatory process', 'label': 'problem', 'score': 0.9969, 'start': 1982, 'end': 2002}, {'text': 'the leucocytosis', 'label': 'problem', 'score': 0.9972, 'start': 2037, 'end': 2053}, {'text': 'un', 'label': 'problem', 'score': 0.7142, 'start': 2068, 'end': 2070}, {'text': 'plumbiam', 'label': 'problem', 'score': 0.589, 'start': 2082, 'end': 2090}, {'text': 'such a leucocytosis', 'label': 'problem', 'score': 0.9826, 'start': 2108, 'end': 2127}, {'text': 'int', 'label': 'problem', 'score': 0.9383, 'start': 2129, 'end': 2132}]","[PROBLEM]:a slight mucopurulent dischai ^ e etill;abdomen distended;acid;albumen;an attack of;anxious;calculous;cancerous;colic;cramps;diarrhiea;expression;faint blue line on gums;gastric dilatation;general colicky;high colored;his present trouble;hysteria;infectious fevera;inflammatory process;int;jaundice;low prot;marked tenderness;nephritis;obatructiod;oligurisi;pain;pains in abdomen;pinched;plumbiam;protic;pyloric obstruction;radial arteries slightly thickened;rigid;starvation;such a leucocytosis;sugar;sweating;tender;the attacks of;the distended moving coils of intestine;the leucocytosis;tympanitic;un;urine scanty;vomiting.[TREATMENT]:atropine;enemata;medicine;morphia;salts.[TEST]:leucocytes;physical examination;record;sediment;the;the pulse;the temperature","Operation showed genend peritonitis due to appendicitis. The purgation probably did great harm. The obvious presence of plumbism led to a disastrous mistake in diagnosis.","[PROBLEM]:a disastrous mistake;appendicitis;genend peritonitis;plumbism;the purgation.[TEST]:operation"
"22","CASE 22 

A lawyer, aged 68, has always worited hard, and for the past three 
years had great anxieties and no vacation. He had typhoid fever 
twenty years ago and obstinate sciatica two years ago, since which 
time he thinks he has lost weight. He smokes a good deal and drinks 
wine in moderation. He now complains of dyspepsia (without vomit- 
ing), constipation, dyspncea, impaired vision, and pain in the right 
shoulder. For at least ten years he haa looked pale. Now he looks 
very pale, and sallow. The tongue is clean, the pulse soft and regular. 
At the apex, which is in the fifth space in the nipple line, there is a 
faint systolic murmur, transmitted a short distance to the left. The 
pulmonic second sound ia accented. No enlai^ement to the right. At 
the base of the lungs, posteriorly, moist rales are heard on full inspira- 
tion. The liver is not enlarged. There is moderate tenderness in the 
left epigastrium. On bimanual examination, a rounded mass can 
be felt, moving with respiration, about three inches below the right 
costal border. 

The urine contains about -^ per cent albumen and a tew hyaline 
and granular casts, some of which display a little fat and crystals of 
uric acid. The total amount in twenty-four hours is one quart, with 
a specific gravity of 1015. The blood shows no leucocytosis. Red 
cells very much reduced in number. The painful shoulder presents no 
objective peculiarities. 

1. Significance of rales? Hales mean fluid in tbe bronchioles. Tbey are due to 

bronchitis (""simple"" or tuberculous), asthma, pneumoaia, atelectasis (inflam- 
matory or dropucal), and cedema of the lung. 

2. What further information about the rounded mass is desirable? Size, shape, 

surface, consistency, tenderness, dulness, relation to liver, relation to in- 
flated stomach and colon, general mobility. 

3. What other portions of the examination are insufficiently described? The blood, 

lungs, eyes, and urine. 

4. How do you interpret the presence of urie acid crystals in the urine? They 

have no known Ngnificance unless massed to form calculi. 

5. Diagnosis? Prognosis? Treatment? 

Diagnosis: The objective signs are an abdominal tumor, anemia, and lenal 
irritation. Cancer of the stomach or gut, chronic nephritis, and pernicious 
anfemia are the possibilities most deserving further study. The mass mi^t 
be a distended gall-bladder. It showed, however, when palpated in a warm 
bath (discuss its use), all the characteristics of a displaced normal kidney. 
The blood showed 1,000,000 ted cells, a low white count and high color index, 
with abundant megaloblasts. The aortic second sound was never accentuated 
and the urine never presented the full picture of any type of nephritis. 
The rales in the lungs were doubtless due to cedema; the heart murmur was 
""hfemic."" Retinal examination showed hemorrhages. The diagnosis of per- 
nicious aniemia was later confinned at autopsy. 

For Prognogia and Treatment, see above. Case 4.","[{'text': 'typhoid fever', 'label': 'problem', 'score': 0.9103, 'start': 128, 'end': 141}, {'text': 'obstinate sciatica', 'label': 'problem', 'score': 0.9857, 'start': 164, 'end': 182}, {'text': 'weight', 'label': 'problem', 'score': 0.3996, 'start': 238, 'end': 244}, {'text': 'dyspepsia', 'label': 'problem', 'score': 0.9749, 'start': 320, 'end': 329}, {'text': 'vomit', 'label': 'problem', 'score': 0.988, 'start': 339, 'end': 344}, {'text': 'ing', 'label': 'problem', 'score': 0.49, 'start': 347, 'end': 350}, {'text': 'constipation', 'label': 'problem', 'score': 0.9668, 'start': 353, 'end': 365}, {'text': 'dyspncea', 'label': 'problem', 'score': 0.9637, 'start': 367, 'end': 375}, {'text': 'impaired vision', 'label': 'problem', 'score': 0.9985, 'start': 377, 'end': 392}, {'text': 'pain in the right shoulder', 'label': 'problem', 'score': 0.9986, 'start': 398, 'end': 425}, {'text': 'pale', 'label': 'problem', 'score': 0.7652, 'start': 464, 'end': 468}, {'text': 'sal', 'label': 'problem', 'score': 0.8945, 'start': 499, 'end': 502}, {'text': 'a faint systolic murmur', 'label': 'problem', 'score': 0.9973, 'start': 627, 'end': 651}, {'text': 'enlai', 'label': 'problem', 'score': 0.9306, 'start': 738, 'end': 743}, {'text': 'em', 'label': 'problem', 'score': 0.7989, 'start': 744, 'end': 746}, {'text': 'moist rales', 'label': 'problem', 'score': 0.8205, 'start': 804, 'end': 815}, {'text': 'enlarged', 'label': 'problem', 'score': 0.7949, 'start': 867, 'end': 875}, {'text': 'moderate tenderness in the left epigastrium', 'label': 'problem', 'score': 0.9965, 'start': 886, 'end': 930}, {'text': 'bimanual examination', 'label': 'test', 'score': 0.9562, 'start': 935, 'end': 955}, {'text': 'a rounded mass', 'label': 'problem', 'score': 0.9928, 'start': 957, 'end': 971}, {'text': 'the urine', 'label': 'test', 'score': 0.9224, 'start': 1064, 'end': 1073}, {'text': 'about', 'label': 'problem', 'score': 0.7187, 'start': 1083, 'end': 1088}, {'text': 'per cent albumen', 'label': 'problem', 'score': 0.9033, 'start': 1092, 'end': 1108}, {'text': 'a tew hyaline and granular casts', 'label': 'problem', 'score': 0.7006, 'start': 1113, 'end': 1146}, {'text': 'a little fat', 'label': 'problem', 'score': 0.9548, 'start': 1170, 'end': 1182}, {'text': 'of uric acid', 'label': 'problem', 'score': 0.809, 'start': 1196, 'end': 1209}, {'text': 'gravity', 'label': 'test', 'score': 0.6427, 'start': 1280, 'end': 1287}, {'text': 'the blood', 'label': 'test', 'score': 0.9028, 'start': 1297, 'end': 1306}, {'text': 'leucocytosis', 'label': 'problem', 'score': 0.9933, 'start': 1316, 'end': 1328}, {'text': 'red cells', 'label': 'problem', 'score': 0.9128, 'start': 1330, 'end': 1340}, {'text': 'much reduced in number', 'label': 'problem', 'score': 0.8646, 'start': 1346, 'end': 1368}, {'text': 'the painful shoulder', 'label': 'problem', 'score': 0.9884, 'start': 1370, 'end': 1390}, {'text': 'objective peculiarities', 'label': 'problem', 'score': 0.9112, 'start': 1404, 'end': 1427}, {'text': 'rales', 'label': 'problem', 'score': 0.9488, 'start': 1450, 'end': 1455}, {'text': 'fluid in', 'label': 'problem', 'score': 0.6957, 'start': 1468, 'end': 1476}, {'text': 'tbe bronchioles', 'label': 'problem', 'score': 0.8803, 'start': 1477, 'end': 1492}, {'text': 'bronchitis', 'label': 'problem', 'score': 0.8996, 'start': 1512, 'end': 1522}, {'text': 'tuberculous', 'label': 'problem', 'score': 0.7314, 'start': 1536, 'end': 1547}, {'text': 'asthma', 'label': 'problem', 'score': 0.9983, 'start': 1550, 'end': 1556}, {'text': 'pneumoaia', 'label': 'problem', 'score': 0.9137, 'start': 1558, 'end': 1567}, {'text': 'atelectasisam', 'label': 'problem', 'score': 0.8502, 'start': 1569, 'end': 1588}, {'text': 'matory', 'label': 'problem', 'score': 0.8514, 'start': 1591, 'end': 1597}, {'text': 'dropucal', 'label': 'problem', 'score': 0.7499, 'start': 1601, 'end': 1609}, {'text': 'cedema of the lung', 'label': 'problem', 'score': 0.869, 'start': 1616, 'end': 1634}, {'text': 'the rounded mass', 'label': 'problem', 'score': 0.9845, 'start': 1672, 'end': 1688}, {'text': 'duess', 'label': 'problem', 'score': 0.8137, 'start': 1752, 'end': 1759}, {'text': 'in', 'label': 'problem', 'score': 0.6103, 'start': 1792, 'end': 1794}, {'text': 'flated stomach and colon', 'label': 'problem', 'score': 0.7143, 'start': 1797, 'end': 1821}, {'text': 'the examination', 'label': 'test', 'score': 0.9943, 'start': 1869, 'end': 1884}, {'text': 'urie acid crystals in the urine', 'label': 'problem', 'score': 0.9627, 'start': 1994, 'end': 2025}, {'text': 'known ngnifican', 'label': 'problem', 'score': 0.9847, 'start': 2042, 'end': 2057}]","[PROBLEM]:a faint systolic murmur;a little fat;a rounded mass;a tew hyaline and granular casts;about;asthma;atelectasisam;bronchitis;cedema of the lung;constipation;dropucal;duess;dyspepsia;dyspncea;em;enlai;enlarged;flated stomach and colon;fluid in;impaired vision;in;ing;known ngnifican;leucocytosis;matory;moderate tenderness in the left epigastrium;moist rales;much reduced in number;objective peculiarities;obstinate sciatica;of uric acid;pain in the right shoulder;pale;per cent albumen;pneumoaia;rales;red cells;sal;tbe bronchioles;the painful shoulder;the rounded mass;tuberculous;typhoid fever;urie acid crystals in the urine;vomit;weight.[TEST]:bimanual examination;gravity;the blood;the examination;the urine","The objective signs are an abdominal tumor, anemia, and lenal irritation. Cancer of the stomach or gut, chronic nephritis, and pernicious anfemia are the possibilities most deserving further study. The mass mi^t be a distended gall-bladder. It showed, however, when palpated in a warm bath (discuss its use), all the characteristics of a displaced normal kidney. The blood showed 1,000,000 ted cells, a low white count and high color index, with abundant megaloblasts. The aortic second sound was never accentuated and the urine never presented the full picture of any type of nephritis. The rales in the lungs were doubtless due to cedema; the heart murmur was ""hfemic."" Retinal examination showed hemorrhages. The diagnosis of per- nicious aniemia was later confinned at autopsy.","[PROBLEM]:a distended gall - bladder;a low white count;abundant megaloblasts;an abdominal tumor;anemia;cancer of the stomach or gut;cedema;chronic nephritis;hemorrhages;hfemic;high color;kidney;lenal irritation;per - nicious aniemia;pernicious anfemia;the heart murmur;the mass mi;the rales;type of nephritis.[TREATMENT]:a warm bath.[TEST]:autopsy;index;retinal examination;ted cells;the blood;the urine"
"23","CASE 23 

Man, 50 years old, a hard drinker, except during the past year. 
No family history obtained. For two or three years he has had pain 
after taking food, occasional vomiting and progressive loss of flesh and 
strength. For the past eight or ten weeks he has complained of fre- 
quent and severe pain qi a. ""stretching"" character in the right hypo- 
chondrium, without much tenderness there. For the last two weeks 
he has been deeply jaundiced. For a week he has been confined to 
bed and is emaciated and prostrated. His nights are disturbed by 
pain. The liver is greatly enlarged, hard, irregular, and nodulated, 
the lower edge reaching to the anterior spine of the ilium; it abo 
extends to the left of the median line about two inches. It is 
slightly tender. There is little or no ascites. Pulse 92; temperature 
98.5°. Urine rather scanty and very dark. No itching of skin. 

1. What diaeasee can produce emadation with jaundice? Gall-etones and their 

results, cancer obetnicting the biliaty passages, syphilis of the liver, cirrhosis, 
septicemia (toxemic jaundice). 

2. Common causee of hepatic enlargement? Passive congeation, biliary obetruc- 

tion from any cause, fat, cirrhoeis, cancer, rickets; rarer causes are abscess, 
leucsmia and peeudaleucemia, cholangitis, amyloid, and hydatid disease. 

3. What importance would there have been in a good famify history? None in 

this case. (The diseases in which the family bistoiy m of value may here be 
emphasized.) 

4. Diagnosis? Pn^nows? Treatment? 

Diagnosis: Gaatric symptoms, nodular hepatic enlargement with severe pain, 
enuiciation and jaundice, and without evidence of portal stasia (ascites, etc.), 
point strongly to cancer of the liver, probably secondary to gastric cancer. 
The history of alcoholism and the hepatic enlargement suggest cirrhasit, but 
there is rarely if ever so much pain in cirrhosis (or indeed in any liver disease 
except cancer), and the ""hobnails"" of cirrhosis are not large enough to make 
the liver feel ""irregular and nodular"" throu^ the abdominal wall. The 
absence of ascites ia alao againat cirrhoais. Syphilid of the liver might produce 
all the signs described and can only be finally eliminated by the therapeutic 
t«st, but the amount of pain here present is almost unknown in syphilis and 
the amount of hepatic enlargement ia very unusual. 

Prognosis: Hepatic cancer usually kills within a year of the discovery of its 
presence. 

Treatment: 'Hie relief of symptoms as they arise is all that can be hoped for if 
the diagnows is correct, but in all cases of hepatic cancer KI should be ^ven 
in doses of 10 to 30 grains daily \mtil it is proved to be valueless. I have 
known a patient die of hepatic syphilis untreated, because her physician was 
sure that it was cancer and had given up hope. The same is true of cirrhosis. 
All cases should be given KI and the benefit of the doubt whether our diag- 
nouB ia con«ct. The itching which may torture the patient in such cases 
should be treated by alkaline baths or washes, dilute carbolic washes, or vase- 
line.","[{'text': 'pain', 'label': 'problem', 'score': 0.9974, 'start': 137, 'end': 141}, {'text': 'occasional vomiting', 'label': 'problem', 'score': 0.6342, 'start': 162, 'end': 181}, {'text': 'progressive loss of flesh and strength', 'label': 'problem', 'score': 0.9984, 'start': 186, 'end': 225}, {'text': 'fre - quent', 'label': 'problem', 'score': 0.9504, 'start': 280, 'end': 291}, {'text': 'severe pain', 'label': 'problem', 'score': 0.9734, 'start': 296, 'end': 307}, {'text': 'stretching', 'label': 'problem', 'score': 0.8103, 'start': 315, 'end': 326}, {'text': 'much tenderness', 'label': 'problem', 'score': 0.6623, 'start': 376, 'end': 391}, {'text': 'deeply jaundiced', 'label': 'problem', 'score': 0.9884, 'start': 435, 'end': 451}, {'text': 'emaciated', 'label': 'problem', 'score': 0.6286, 'start': 500, 'end': 509}, {'text': 'pain', 'label': 'problem', 'score': 0.996, 'start': 555, 'end': 559}, {'text': 'greatly enlarged', 'label': 'problem', 'score': 0.9621, 'start': 574, 'end': 590}, {'text': 'hard', 'label': 'problem', 'score': 0.8272, 'start': 592, 'end': 596}, {'text': 'irregular', 'label': 'problem', 'score': 0.9, 'start': 598, 'end': 607}, {'text': 'nodulated', 'label': 'problem', 'score': 0.9126, 'start': 613, 'end': 622}, {'text': 'slightly tender', 'label': 'problem', 'score': 0.9741, 'start': 757, 'end': 772}, {'text': 'ascites', 'label': 'problem', 'score': 0.9072, 'start': 796, 'end': 803}, {'text': 'pulse', 'label': 'test', 'score': 0.991, 'start': 805, 'end': 810}, {'text': 'temperature', 'label': 'test', 'score': 0.9926, 'start': 815, 'end': 826}, {'text': 'urine', 'label': 'test', 'score': 0.9719, 'start': 835, 'end': 840}, {'text': 'scanty', 'label': 'problem', 'score': 0.8524, 'start': 848, 'end': 854}, {'text': 'very dark', 'label': 'problem', 'score': 0.7234, 'start': 859, 'end': 868}, {'text': 'itching of skinease', 'label': 'problem', 'score': 0.8101, 'start': 873, 'end': 907}, {'text': 'emadation', 'label': 'problem', 'score': 0.8906, 'start': 921, 'end': 930}, {'text': 'jaundice', 'label': 'problem', 'score': 0.9861, 'start': 936, 'end': 944}, {'text': 'gall - etones', 'label': 'problem', 'score': 0.881, 'start': 946, 'end': 957}, {'text': 'results', 'label': 'problem', 'score': 0.7495, 'start': 970, 'end': 977}, {'text': 'cancer obetnicting the biliaty passages', 'label': 'problem', 'score': 0.9325, 'start': 979, 'end': 1018}, {'text': 'syphilis of the liver', 'label': 'problem', 'score': 0.994, 'start': 1020, 'end': 1041}, {'text': 'cirrhosis', 'label': 'problem', 'score': 0.9884, 'start': 1043, 'end': 1052}, {'text': 'septicemia  toxemic jaundice', 'label': 'problem', 'score': 0.9564, 'start': 1055, 'end': 1084}, {'text': 'hepatic enlargement', 'label': 'problem', 'score': 0.9963, 'start': 1108, 'end': 1127}, {'text': 'passive congeation', 'label': 'problem', 'score': 0.9952, 'start': 1129, 'end': 1147}, {'text': 'biliary obetruc - tion', 'label': 'problem', 'score': 0.9603, 'start': 1149, 'end': 1172}, {'text': 'cause', 'label': 'problem', 'score': 0.767, 'start': 1182, 'end': 1187}, {'text': 'fat', 'label': 'problem', 'score': 0.9968, 'start': 1189, 'end': 1192}, {'text': 'cirrhoeis', 'label': 'problem', 'score': 0.9682, 'start': 1194, 'end': 1203}, {'text': 'cancer', 'label': 'problem', 'score': 0.997, 'start': 1205, 'end': 1211}, {'text': 'rickets', 'label': 'problem', 'score': 0.996, 'start': 1213, 'end': 1220}, {'text': 'rare', 'label': 'problem', 'score': 0.5243, 'start': 1222, 'end': 1226}, {'text': 'causes', 'label': 'problem', 'score': 0.5879, 'start': 1228, 'end': 1234}, {'text': 'abscess', 'label': 'problem', 'score': 0.9917, 'start': 1239, 'end': 1246}, {'text': 'leucsmia', 'label': 'problem', 'score': 0.9695, 'start': 1249, 'end': 1257}, {'text': 'peeudaleucemia', 'label': 'problem', 'score': 0.9941, 'start': 1262, 'end': 1276}, {'text': 'cholangitis', 'label': 'problem', 'score': 0.9935, 'start': 1278, 'end': 1289}, {'text': 'amyloid and', 'label': 'problem', 'score': 0.8739, 'start': 1291, 'end': 1303}, {'text': 'hydatid disease', 'label': 'problem', 'score': 0.9652, 'start': 1304, 'end': 1319}, {'text': 'diseasestoiy', 'label': 'problem', 'score': 0.7936, 'start': 1416, 'end': 1452}, {'text': 'pn', 'label': 'problem', 'score': 0.8045, 'start': 1506, 'end': 1508}, {'text': 'treatment', 'label': 'treatment', 'score': 0.8757, 'start': 1515, 'end': 1524}, {'text': 'gaatric symptoms', 'label': 'problem', 'score': 0.9957, 'start': 1539, 'end': 1555}, {'text': 'nodular hepatic enlargement', 'label': 'problem', 'score': 0.9953, 'start': 1557, 'end': 1584}, {'text': 'severe pain', 'label': 'problem', 'score': 0.9969, 'start': 1590, 'end': 1601}, {'text': 'enuiciation', 'label': 'problem', 'score': 0.8918, 'start': 1604, 'end': 1615}, {'text': 'jaundice', 'label': 'problem', 'score': 0.9599, 'start': 1620, 'end': 1628}, {'text': 'portal stasia', 'label': 'problem', 'score': 0.9983, 'start': 1654, 'end': 1667}, {'text': 'ascites', 'label': 'problem', 'score': 0.9838, 'start': 1669, 'end': 1676}, {'text': 'cancer of the liver', 'label': 'problem', 'score': 0.9987, 'start': 1704, 'end': 1723}, {'text': 'gastric cancer', 'label': 'problem', 'score': 0.9962, 'start': 1747, 'end': 1761}, {'text': 'alcoholism', 'label': 'problem', 'score': 0.9938, 'start': 1779, 'end': 1789}, {'text': 'the hepatic enlargement', 'label': 'problem', 'score': 0.997, 'start': 1794, 'end': 1817}, {'text': 'cirrhasit', 'label': 'problem', 'score': 0.9625, 'start': 1826, 'end': 1835}, {'text': 'pain', 'label': 'problem', 'score': 0.9014, 'start': 1874, 'end': 1878}, {'text': 'cirrhosis', 'label': 'problem', 'score': 0.8082, 'start': 1882, 'end': 1891}, {'text': 'any liver disease', 'label': 'problem', 'score': 0.8927, 'start': 1906, 'end': 1923}, {'text': 'cancer', 'label': 'problem', 'score': 0.8592, 'start': 1932, 'end': 1938}, {'text': 'the  hobnails', 'label': 'test', 'score': 0.7384, 'start': 1945, 'end': 1958}, {'text': 'cirrhosis', 'label': 'problem', 'score': 0.9604, 'start': 1963, 'end': 1972}]","[PROBLEM]:abscess;alcoholism;amyloid and;any liver disease;ascites;biliary obetruc - tion;cancer;cancer obetnicting the biliaty passages;cancer of the liver;cause;causes;cholangitis;cirrhasit;cirrhoeis;cirrhosis;deeply jaundiced;diseasestoiy;emaciated;emadation;enuiciation;fat;fre - quent;gaatric symptoms;gall - etones;gastric cancer;greatly enlarged;hard;hepatic enlargement;hydatid disease;irregular;itching of skinease;jaundice;leucsmia;much tenderness;nodular hepatic enlargement;nodulated;occasional vomiting;pain;passive congeation;peeudaleucemia;pn;portal stasia;progressive loss of flesh and strength;rare;results;rickets;scanty;septicemia  toxemic jaundice;severe pain;slightly tender;stretching;syphilis of the liver;the hepatic enlargement;very dark.[TREATMENT]:treatment.[TEST]:pulse;temperature;the  hobnails;urine","Gaatric symptoms, nodular hepatic enlargement with severe pain, enuiciation and jaundice, and without evidence of portal stasia (ascites, etc.), point strongly to cancer of the liver, probably secondary to gastric cancer. The history of alcoholism and the hepatic enlargement suggest cirrhasit, but there is rarely if ever so much pain in cirrhosis (or indeed in any liver disease except cancer), and the ""hobnails"" of cirrhosis are not large enough to make the liver feel ""irregular and nodular"" throu^ the abdominal wall. The absence of ascites ia alao againat cirrhoais. Syphilid of the liver might produce all the signs described and can only be finally eliminated by the therapeutic t«st, but the amount of pain here present is almost unknown in syphilis and the amount of hepatic enlargement ia very unusual.","[PROBLEM]:alcoholism;any liver disease;ascites;cancer;cancer of the liver;cihoais;cirrhasit;cirrhosis;enuiciation;gaatric symptoms;gastric cancer;hepatic enlargement;irregular and nodular;jaundice;nodular hepatic enlargement;pain;portal stasia;severe pain;sylis;syphilid of the liver;the hepatic enlargement;thes.[TREATMENT]:the therapeutic"
"24","CASE 24

A tall boy of 19 is brought to the physician's office by his mother, 
who states that for ten years he has had trouble with his head and with 
his bladder. Usually he has to pass water every two hours in the day- 
time. This summer while he was in the country the intervals were 
longer, three or four hours, and his headache did not trouble him, 
but since the autumn the headache has returned. It is in various 
parts of the head, and goes and comes. 

The urine is sometimes turbid, but never hurts him during micturi- 
tion. Masturbation was rather frequent six years ago, but has not been 
practised since, he says. Hia father's sister and his father's aunt died 
of ""softening of the brain,"" and his mother is anxious about his mental 
condition. Appetite, digestion, and sleep good. Bowels regular. 

Examination shows a rather shame-faced, neurotic boy, very tall 
for his age. Visceral examination is negative. Blood normal. Urine 
1026, slightly high colored, very acid, no shreds. No albumen, no sugar. 

1. What are the bad effecta of masturbaition? In many cases there are no demoo- 

frtr&ble Ul-efFeota whatever. In a few casee the youth aeema to be debilitated 
by it. That it ever produces biaiii disease is very unlikely. It is a symptom, 
not a cause of mental enfeeblement. In niany boys a neurosis is produced 
by the shame and remorse associated with it and by fear of its terrible con- 
sequences as they are (quite falsely) delineated in quack newspaper adver- 
tisements or by friends and parents. This neuroeis entails insomnia, anorexia, 
constipation, emaciation, and may thus bring about a pitiable condition. 

2. Common cauBSB of frequent micturition in youth? Nervousness (especially in 

giris), hyperacid urine, the irritation of a phimotic foreskin or of retained 
smegma, gonorrhcea, cystitis, diabetes (either type). 

3. Diagnosis? Prognosis? Treatment? 

Diaguoris: When a headache recurs in the autunm (when school begins) after 
disappearing in summer, eye-strain should be suspected and looked for. In 
this case it was found and under proper treatment greatly improved. Mater- 
nal anxiety doubtless contributed considerably to the boy's symptoms in 
this as in so many other cases, and by reassuring her a good effect was pro- 
duced upon the boy. The urinary trouble seemed to be due to hyperacidity; 
at any rate it improved rapidly under the administration of sodic bicarbon- 
ate 3 Bs t.i.d. None of the other causes of frequent micturition mentioned 
above were found in this case. 

Eye-strain, hyperacid urine, and an overanxious mother were apparently the 
causes of his trouble. 

I^Y>gnosis: With removal of these hindrances to normal development the Ixiy 
should rapidly regain his health. No doubt he has outgrown his strength 
and owing to this fact he will need some years to att^ vigor. 

Treatment: The essentials have been mentioned already. Beside correcting 
bis eye troubles, modifying the acidity of his urine, and reassuring his 
mother, one should encourage him to outdoor life, early hours, and nutri- ' 
tious food. No drugs seem indicat«d. ","[{'text': 'trouble with his head and with his bladder', 'label': 'problem', 'score': 0.9387, 'start': 120, 'end': 163}, {'text': 'his headache', 'label': 'problem', 'score': 0.9967, 'start': 322, 'end': 334}, {'text': 'the headache', 'label': 'problem', 'score': 0.9721, 'start': 378, 'end': 390}, {'text': 'the', 'label': 'problem', 'score': 0.4929, 'start': 464, 'end': 467}, {'text': 'urine', 'label': 'test', 'score': 0.8154, 'start': 468, 'end': 473}, {'text': 'tuid', 'label': 'problem', 'score': 0.797, 'start': 487, 'end': 493}, {'text': 'masturbation', 'label': 'problem', 'score': 0.8627, 'start': 538, 'end': 550}, {'text': 'softening of the brain', 'label': 'problem', 'score': 0.9295, 'start': 682, 'end': 704}, {'text': 'mental conditionion', 'label': 'problem', 'score': 0.9316, 'start': 743, 'end': 781}, {'text': 'examination', 'label': 'test', 'score': 0.967, 'start': 817, 'end': 828}, {'text': 'rather shame - faced', 'label': 'problem', 'score': 0.8453, 'start': 837, 'end': 855}, {'text': 'neurotic', 'label': 'problem', 'score': 0.931, 'start': 857, 'end': 865}, {'text': 'visceral examination', 'label': 'test', 'score': 0.9349, 'start': 895, 'end': 915}, {'text': 'urine', 'label': 'test', 'score': 0.9727, 'start': 943, 'end': 948}, {'text': 'slightly high colored', 'label': 'problem', 'score': 0.994, 'start': 956, 'end': 977}, {'text': 'very acid', 'label': 'problem', 'score': 0.9783, 'start': 979, 'end': 988}, {'text': 'shreds', 'label': 'problem', 'score': 0.9811, 'start': 993, 'end': 999}, {'text': 'albumen', 'label': 'problem', 'score': 0.939, 'start': 1004, 'end': 1011}, {'text': 'sugar', 'label': 'problem', 'score': 0.9075, 'start': 1016, 'end': 1021}, {'text': 'effecta', 'label': 'problem', 'score': 0.8076, 'start': 1045, 'end': 1052}, {'text': 'masturbaition', 'label': 'problem', 'score': 0.9907, 'start': 1056, 'end': 1069}, {'text': 'demoo - frtr & ble ul - effeota', 'label': 'problem', 'score': 0.8198, 'start': 1098, 'end': 1126}, {'text': 'the youth aeema', 'label': 'problem', 'score': 0.9943, 'start': 1152, 'end': 1167}, {'text': 'biaiii disease', 'label': 'problem', 'score': 0.9756, 'start': 1216, 'end': 1230}, {'text': 'mental enfeeblement', 'label': 'problem', 'score': 0.9974, 'start': 1282, 'end': 1301}, {'text': 'a neurosis', 'label': 'problem', 'score': 0.9947, 'start': 1317, 'end': 1327}, {'text': 'the shame', 'label': 'problem', 'score': 0.8737, 'start': 1344, 'end': 1353}, {'text': 'remorse', 'label': 'problem', 'score': 0.6236, 'start': 1358, 'end': 1365}, {'text': 'its terrible con - sequences', 'label': 'problem', 'score': 0.9642, 'start': 1400, 'end': 1428}, {'text': 'this neuroeis', 'label': 'problem', 'score': 0.862, 'start': 1532, 'end': 1545}, {'text': 'insomnia', 'label': 'problem', 'score': 0.95, 'start': 1554, 'end': 1562}, {'text': 'anorexia', 'label': 'problem', 'score': 0.8398, 'start': 1564, 'end': 1572}, {'text': 'constipation', 'label': 'problem', 'score': 0.9482, 'start': 1575, 'end': 1587}, {'text': 'emaciation', 'label': 'problem', 'score': 0.9937, 'start': 1589, 'end': 1599}, {'text': 'a pitiable condition', 'label': 'problem', 'score': 0.9967, 'start': 1626, 'end': 1646}, {'text': 'common ca', 'label': 'problem', 'score': 0.851, 'start': 1653, 'end': 1662}, {'text': 'frequent micturition', 'label': 'problem', 'score': 0.9874, 'start': 1670, 'end': 1690}, {'text': 'nervousness', 'label': 'problem', 'score': 0.8288, 'start': 1701, 'end': 1712}, {'text': 'hyperacid urine', 'label': 'problem', 'score': 0.9986, 'start': 1738, 'end': 1753}, {'text': 'the irritation of a phimotic foreskin', 'label': 'problem', 'score': 0.9783, 'start': 1755, 'end': 1792}, {'text': 'retained smegma', 'label': 'problem', 'score': 0.9959, 'start': 1799, 'end': 1815}, {'text': 'gonorrhcea', 'label': 'problem', 'score': 0.9552, 'start': 1817, 'end': 1827}, {'text': 'cystitis', 'label': 'problem', 'score': 0.8334, 'start': 1829, 'end': 1837}, {'text': 'diabetes', 'label': 'problem', 'score': 0.993, 'start': 1839, 'end': 1847}, {'text': 'treatment', 'label': 'treatment', 'score': 0.9078, 'start': 1890, 'end': 1899}, {'text': 'diaguoris', 'label': 'problem', 'score': 0.8267, 'start': 1903, 'end': 1912}, {'text': 'a headache', 'label': 'problem', 'score': 0.9968, 'start': 1919, 'end': 1929}, {'text': 'eye - strain', 'label': 'problem', 'score': 0.997, 'start': 2003, 'end': 2013}]","[PROBLEM]:a headache;a neurosis;a pitiable condition;albumen;anorexia;biaiii disease;common ca;constipation;cystitis;demoo - frtr & ble ul - effeota;diabetes;diaguoris;effecta;emaciation;eye - strain;frequent micturition;gonorrhcea;his headache;hyperacid urine;insomnia;its terrible con - sequences;masturbaition;masturbation;mental conditionion;mental enfeeblement;nervousness;neurotic;rather shame - faced;remorse;retained smegma;shreds;slightly high colored;softening of the brain;sugar;the;the headache;the irritation of a phimotic foreskin;the shame;the youth aeema;this neuroeis;trouble with his head and with his bladder;tuid;very acid.[TREATMENT]:treatment.[TEST]:examination;urine;visceral examination","When a headache recurs in the autunm (when school begins) after disappearing in summer, eye-strain should be suspected and looked for. In this case it was found and under proper treatment greatly improved. Mater- nal anxiety doubtless contributed considerably to the boy's symptoms in this as in so many other cases, and by reassuring her a good effect was pro- duced upon the boy. The urinary trouble seemed to be due to hyperacidity; at any rate it improved rapidly under the administration of sodic bicarbon- ate 3 Bs t.i.d. None of the other causes of frequent micturition mentioned above were found in this case.","[PROBLEM]:a headache;eye - strain;frequent micturition;hyperacidity;mater - nal anxiety;the boy  s symptoms;the urinary trouble.[TREATMENT]:ate;proper treatment;sodic bicarbon"
"25","CASE 25 

A lawyer of 47, of good family history, and previous health, had 
for many years complained of dyspepsia. He had been noticed to be 
losing flesh for three or four months and to have grown pale. Fre- 
quent headaches, weakness, and shortness of breath on exertion, have 
troubled him. An oculist whom he consulted referred him to his family 
physician, who found pallor, diminished eyesight, fulness of eyelids, in- 
creased pulsation in the neck, dyspncea, and exaggerated heart action. 

The apex was in the sixth interspace, mammary line. The heart- 
sounds were loud, and the valvular sounds at the base were accentuated ; 
respiratory sounds at the base of the right chest behind were lessened, 
and numerous fine moist rales could be heard in lower portions and in 
the anterior margin of each lung. Abdomen negative. There was 
swelling of feet and ankles, and the patient stated that at times his 
hands seemed lai^er than usual. Urine 1011; pale. Albumen, a trace. 
Granular and hyaline casts, and fatty elements were found in consider- 
able number. The patient also mentioned cough, with thin, frothy ex- 
pectoration, and that of late micturition at night had annoyed him, and 
that the quantity of urine voided in twenty-four hours was increased. 

Within three months there was gradual change for the worse, and 
after a day of considerable exposure he had a chill, severe headache 
and oliguria. He was found in bed unconscious, on the third day 
after the chill, and died on the following afternoon. 

1. What wtkB the condttioQ m the lungsT (Edema of both; right hydrothorax. 

2. CauBee of diminiahed respiration below the right scapula? Effuaion (inflam- 

matory or dropsical), thickened pleura, solidification (pneumonic, tubercu- 
loua, cancerous), atelectasis, enlargement or upvrard displacement of the liver. 

3. CauBCfl of painless swelling of both hands? Nephritis, hot weather, trichiniasis, 

obstruction to the superior cava. 

4. Significance of frequent nocturnal micturition? Prostatic obstruction, chronic 

nephritis, nervousness (in women). 
6. (a) Causee for accentuation of the aortic second sound? Art^rio-sclerosis, 

aneurism, high tension in the peripheral arteries (nephritis; excitement). 

(&) of the pulmonic second? Obstruction in the lungs due to mitral disease, 

pneumonia, any chronic lung trouble, pleurisy, and thoracic defonniiies. 
6. Diagnosis? Prognosis? Treatment? 

Diagnosis: Autopsy showed chronic intenrtitial nephritis, cardiac hypertrophy 

and dilatation, general cedema. Death from uremia. Retinal hemoirliages 

had been found by the oculist. 
Prognosis: After retinal hemorrhages are found patients seldom live a year. 

Otherwise the duration of life is difficult to predict. It depends on the 

patient's ability and willingness to undergo proper treatment, the response 

of his organs to such treatment, and the occurrence of complications. 
Treatment: Good hygiene with the avoidance of strain and worry; dry warm 

dimate, such as Egypt; sweating and pui^tion each once or twice a week; 

restriction of liquids and replacement of table salt by sodium bromide.","[{'text': 'dyspepsia', 'label': 'problem', 'score': 0.9801, 'start': 105, 'end': 114}, {'text': 'losing', 'label': 'problem', 'score': 0.5667, 'start': 143, 'end': 149}, {'text': 'pale', 'label': 'problem', 'score': 0.9631, 'start': 199, 'end': 203}, {'text': 'fre - quent headaches', 'label': 'problem', 'score': 0.9372, 'start': 205, 'end': 226}, {'text': 'weakness', 'label': 'problem', 'score': 0.9981, 'start': 228, 'end': 236}, {'text': 'shortness of breath', 'label': 'problem', 'score': 0.9974, 'start': 242, 'end': 261}, {'text': 'pallor', 'label': 'problem', 'score': 0.9977, 'start': 373, 'end': 379}, {'text': 'diminished eyesight', 'label': 'problem', 'score': 0.9988, 'start': 381, 'end': 400}, {'text': 'fulness of eyelids', 'label': 'problem', 'score': 0.9969, 'start': 402, 'end': 420}, {'text': 'in - creased pulsation in the neck', 'label': 'problem', 'score': 0.9966, 'start': 422, 'end': 456}, {'text': 'dyspncea', 'label': 'problem', 'score': 0.9783, 'start': 458, 'end': 466}, {'text': 'exaggerated heart action', 'label': 'problem', 'score': 0.9955, 'start': 472, 'end': 496}, {'text': 'ma', 'label': 'problem', 'score': 0.4881, 'start': 538, 'end': 540}, {'text': 'respiratory sounds', 'label': 'test', 'score': 0.76, 'start': 638, 'end': 656}, {'text': 'numerous fine moist rales', 'label': 'problem', 'score': 0.983, 'start': 715, 'end': 740}, {'text': 'swelling of feet and ankles', 'label': 'problem', 'score': 0.9981, 'start': 845, 'end': 872}, {'text': 'lai ^ er', 'label': 'problem', 'score': 0.7506, 'start': 929, 'end': 935}, {'text': 'urine', 'label': 'test', 'score': 0.9223, 'start': 948, 'end': 953}, {'text': 'pale', 'label': 'problem', 'score': 0.7911, 'start': 960, 'end': 965}, {'text': 'albumen', 'label': 'problem', 'score': 0.8953, 'start': 966, 'end': 973}, {'text': 'a trace', 'label': 'problem', 'score': 0.9711, 'start': 975, 'end': 982}, {'text': 'granular and hyaline casts', 'label': 'problem', 'score': 0.988, 'start': 985, 'end': 1011}, {'text': 'fatty elements', 'label': 'problem', 'score': 0.9826, 'start': 1017, 'end': 1031}, {'text': 'cough', 'label': 'problem', 'score': 0.9978, 'start': 1097, 'end': 1102}, {'text': 'thin frothy ex - pectoration', 'label': 'problem', 'score': 0.9961, 'start': 1109, 'end': 1138}, {'text': 'late micturition', 'label': 'problem', 'score': 0.9874, 'start': 1152, 'end': 1168}, {'text': 'urine', 'label': 'problem', 'score': 0.6977, 'start': 1221, 'end': 1226}, {'text': 'gradual change', 'label': 'problem', 'score': 0.8283, 'start': 1302, 'end': 1316}, {'text': 'considerable exposure', 'label': 'problem', 'score': 0.9959, 'start': 1352, 'end': 1373}, {'text': 'a chill', 'label': 'problem', 'score': 0.997, 'start': 1381, 'end': 1388}, {'text': 'severe headache', 'label': 'problem', 'score': 0.9984, 'start': 1390, 'end': 1405}, {'text': 'oliguria', 'label': 'problem', 'score': 0.9961, 'start': 1411, 'end': 1419}, {'text': 'the chill', 'label': 'problem', 'score': 0.9753, 'start': 1478, 'end': 1487}, {'text': 'thet', 'label': 'problem', 'score': 0.6022, 'start': 1557, 'end': 1567}, {'text': 'edema', 'label': 'problem', 'score': 0.8689, 'start': 1569, 'end': 1574}, {'text': 'both', 'label': 'problem', 'score': 0.8309, 'start': 1578, 'end': 1582}, {'text': 'right hydrothorax', 'label': 'problem', 'score': 0.951, 'start': 1584, 'end': 1601}, {'text': 'diminiahed respiration below the right scapula', 'label': 'problem', 'score': 0.996, 'start': 1618, 'end': 1664}, {'text': 'effuaion  inflam - matory or dropsical', 'label': 'problem', 'score': 0.8873, 'start': 1666, 'end': 1706}, {'text': 'thickened pleura', 'label': 'problem', 'score': 0.9924, 'start': 1708, 'end': 1724}, {'text': 'solidification', 'label': 'problem', 'score': 0.7554, 'start': 1726, 'end': 1740}, {'text': 'pneumonic', 'label': 'problem', 'score': 0.8844, 'start': 1742, 'end': 1751}, {'text': 'tubercu - loua', 'label': 'problem', 'score': 0.9906, 'start': 1753, 'end': 1767}, {'text': 'cancerous', 'label': 'problem', 'score': 0.9839, 'start': 1769, 'end': 1779}, {'text': 'atelectasis', 'label': 'problem', 'score': 0.9862, 'start': 1781, 'end': 1792}, {'text': 'enlargement', 'label': 'problem', 'score': 0.9971, 'start': 1794, 'end': 1805}, {'text': 'upvrard displacement of the liver', 'label': 'problem', 'score': 0.9959, 'start': 1809, 'end': 1842}, {'text': 'caubcfl of', 'label': 'problem', 'score': 0.9045, 'start': 1849, 'end': 1859}, {'text': 'painless swelling of both hands', 'label': 'problem', 'score': 0.9889, 'start': 1860, 'end': 1891}, {'text': 'neritis', 'label': 'problem', 'score': 0.7504, 'start': 1893, 'end': 1902}, {'text': 'hot weather', 'label': 'problem', 'score': 0.9602, 'start': 1904, 'end': 1915}, {'text': 'trichiniasis', 'label': 'problem', 'score': 0.9965, 'start': 1917, 'end': 1929}, {'text': 'obstruction to the superior cava', 'label': 'problem', 'score': 0.998, 'start': 1933, 'end': 1965}, {'text': 'frequent nocturnal micturition', 'label': 'problem', 'score': 0.9957, 'start': 1988, 'end': 2018}, {'text': 'prostatic obstruction', 'label': 'problem', 'score': 0.9946, 'start': 2020, 'end': 2041}, {'text': 'chronic nephritis', 'label': 'problem', 'score': 0.9985, 'start': 2043, 'end': 2062}, {'text': 'nervousness', 'label': 'problem', 'score': 0.995, 'start': 2064, 'end': 2075}]","[PROBLEM]:a chill;a trace;albumen;atelectasis;both;cancerous;caubcfl of;chronic nephritis;considerable exposure;cough;diminiahed respiration below the right scapula;diminished eyesight;dyspepsia;dyspncea;edema;effuaion  inflam - matory or dropsical;enlargement;exaggerated heart action;fatty elements;fre - quent headaches;frequent nocturnal micturition;fulness of eyelids;gradual change;granular and hyaline casts;hot weather;in - creased pulsation in the neck;lai ^ er;late micturition;losing;ma;neritis;nervousness;numerous fine moist rales;obstruction to the superior cava;oliguria;painless swelling of both hands;pale;pallor;pneumonic;prostatic obstruction;right hydrothorax;severe headache;shortness of breath;solidification;swelling of feet and ankles;the chill;thet;thickened pleura;thin frothy ex - pectoration;trichiniasis;tubercu - loua;upvrard displacement of the liver;urine;weakness.[TEST]:respiratory sounds;urine","Autopsy showed chronic intenrtitial nephritis, cardiac hypertrophy","[PROBLEM]:cardiac hypertrophy;chronic intenrtitial nephritis.[TEST]:autopsy"
"26","CASE 26 

A boy, 14 years old, of gouty family history, complains for a year 
of frontal headache, not very severe but persistent and wearing. Appe- 
tite excellent, but digestion not as good as it has been. Has grown 
suddenly very irritable, having been previously sweet-tempered. He 
has lost fiesh during the year and seems listless and weak. Sleeps well. 
Bowels somewhat costive. Getting pale. Heart, lungs, and abdomen 
negative. Knee-jerks not easily obtained, but gait shows only weak- 
ness. Urine normal color, acid, 1028, no albumen. Sediment negative. 
Temperature 98°, pulse 96. No oedema. ■ Blood negative. 

1. What po68ible cauaee for the change in disposition? Masturbation, psychosis 

of puberty, bnun tumor, diabetes. 

2. Causes of frontal headache commonest at fourteen? Eye-strain, adenoids, 

frontal sinus disease, malaria, pubescence. 

3. Significance of pallor both in general and in this case? Pallor may mean ancemia, 

but often does not. Deficient skin circulation, congenital or acquired (stokers, 
tewdents in the tropics), is a more frequent cause. Many consumptives tmd 
many neurasthenics aie pate, but few are ansmic. Nausea and faintness 
produce local aiuemia, and of course without blood change. No diagnosis 
of anemia is justified until the physician has seen the color of a drop of blood 
on filter paper (Talquist scale) or on a handkerchief. In this case no amemia 
was present. 

4. IMagnaeis? Prognosis? Treatment? 

Diagnosis: The careful student of this case will notice first of aU tho loss of 
fieek despite good appetite. This, with the persistent headache and diminished 
knee-jerks, are the obvious physical signs. Eye-strain, adenoids, malaria, 
masturbation, were easily excluded by examination and watching. Further 
questions revealed the fact that micturition was frequent and copious. This, 
with the loss of flesh despite good appetite, suggested diabetes, and the urine 
was found on exammation to contain sugar — (a point omitted in the examina- 
tion of the attending physician and therefore omitted in the above description 
of the case). As the glycosuria proved persistent, the diagnosis of diabetes 
mellitus was made. No acetone or diacetic acid was found in the urine at 
this time. The sugar was 5% ; urine, three quarts in twenty-four hours. 

Prognosis: In a thin boy of 14, a few years of life is all that can be ex- 
pected. The response to diet, the presence or absence of acetone bodies in 
the urine, the weight-curve, are the important factors in prognosis. When 
weight is lost and glycosuria persists despite careful regulation of diet, the 
outlook is ominous. Whenever acetone bodies are present in the urine 
coma is threatened. 

Treatment: A diet of fat and proteid sufficient in calory value, and excluding 
at first all carbohydrates, is the indication. If this banishes sugar from the 
urine it should be persisted in for two or three weeks, provided no acetone 
appears and provided weight is maintiuned or increased. At the end of that 
time, if all goes well (or sooner if it doesn't), one or another carbohydrate 
(bread, oatmeal) in measured quantity should be pven, noting the effect on 
the glycosuria, the acidity, and the weight. A small amount of milk and fruit
may be tried either before or after this if all goes well, and fallowing th« 
three indications above mentioned we cautioualy experiment with different 
amounts of carliohydrate food — resting the sugar-burning function from time 
to time by a day of complete starvation (in bed with bouillon only) or a few 
weeks of fat-proteid diet. To increase fats (butter, cream, cheese, salad-oil, 
bacon) is aa important as to exclude carbohydrat«s. No food — not even 
meat — is to t« allowed in unlimited quantity. Saccharine replaces sugar aa 
a sweet. If appetite fails, give fruit mitil it returns. Moderate exercise 
distinctly beneficial even in severe cases. In adults small quantities of alcohol 
may be used to increase the calory-value of the blood and help the digestion 
of fats. Drugs (except for constipation, insomnia, etc.) are valueless. In 
fat old patients all the above rules are to be applied in a modified form. A 
restriction of carbohydrates often suffices.","[{'text': 'go', 'label': 'problem', 'score': 0.9461, 'start': 34, 'end': 36}, {'text': 'family history', 'label': 'problem', 'score': 0.7299, 'start': 40, 'end': 54}, {'text': 'frontal headache', 'label': 'problem', 'score': 0.9978, 'start': 81, 'end': 97}, {'text': 'app', 'label': 'test', 'score': 0.4982, 'start': 143, 'end': 146}, {'text': 'digest', 'label': 'test', 'score': 0.5161, 'start': 170, 'end': 176}, {'text': 'suddenly', 'label': 'problem', 'score': 0.5295, 'start': 219, 'end': 227}, {'text': 'very irritableesh', 'label': 'problem', 'score': 0.8874, 'start': 228, 'end': 301}, {'text': 'listless', 'label': 'problem', 'score': 0.9015, 'start': 328, 'end': 336}, {'text': 'weak', 'label': 'problem', 'score': 0.9236, 'start': 341, 'end': 345}, {'text': 'somewhat costive', 'label': 'problem', 'score': 0.8416, 'start': 368, 'end': 384}, {'text': 'pale', 'label': 'problem', 'score': 0.6773, 'start': 394, 'end': 398}, {'text': 'lungs', 'label': 'test', 'score': 0.548, 'start': 405, 'end': 412}, {'text': 'and abdomen', 'label': 'test', 'score': 0.5846, 'start': 414, 'end': 425}, {'text': 'knee - jerks', 'label': 'test', 'score': 0.8639, 'start': 437, 'end': 447}, {'text': 'weak - ness', 'label': 'problem', 'score': 0.9791, 'start': 489, 'end': 500}, {'text': 'urine', 'label': 'test', 'score': 0.7172, 'start': 502, 'end': 507}, {'text': 'acid', 'label': 'test', 'score': 0.97, 'start': 522, 'end': 526}, {'text': 'albumen', 'label': 'problem', 'score': 0.9915, 'start': 537, 'end': 544}, {'text': 'sediment', 'label': 'test', 'score': 0.9691, 'start': 546, 'end': 554}, {'text': 'temperature', 'label': 'test', 'score': 0.9823, 'start': 566, 'end': 577}, {'text': 'pulse', 'label': 'test', 'score': 0.9745, 'start': 583, 'end': 588}, {'text': 'oedema', 'label': 'problem', 'score': 0.9375, 'start': 596, 'end': 602}, {'text': 'blood', 'label': 'test', 'score': 0.9126, 'start': 606, 'end': 611}, {'text': 'the change in disposition', 'label': 'problem', 'score': 0.9947, 'start': 652, 'end': 677}, {'text': 'masturbation', 'label': 'problem', 'score': 0.9718, 'start': 679, 'end': 691}, {'text': 'psychosis of puberty', 'label': 'problem', 'score': 0.8442, 'start': 693, 'end': 715}, {'text': 'bnun tumor', 'label': 'problem', 'score': 0.9073, 'start': 717, 'end': 727}, {'text': 'diabetes', 'label': 'problem', 'score': 0.993, 'start': 729, 'end': 737}, {'text': 'frontal headache', 'label': 'problem', 'score': 0.9966, 'start': 754, 'end': 770}, {'text': 'eye - strain', 'label': 'problem', 'score': 0.9949, 'start': 794, 'end': 804}, {'text': 'adenoids', 'label': 'problem', 'score': 0.9906, 'start': 806, 'end': 814}, {'text': 'frontal sinus disease', 'label': 'problem', 'score': 0.9979, 'start': 818, 'end': 839}, {'text': 'malaria', 'label': 'problem', 'score': 0.9947, 'start': 841, 'end': 848}, {'text': 'pubescence', 'label': 'problem', 'score': 0.9446, 'start': 850, 'end': 860}, {'text': 'pallor', 'label': 'problem', 'score': 0.9771, 'start': 883, 'end': 889}, {'text': 'pallor', 'label': 'problem', 'score': 0.979, 'start': 924, 'end': 930}, {'text': 'ancemia', 'label': 'problem', 'score': 0.7467, 'start': 940, 'end': 947}, {'text': 'deficient skin circulation', 'label': 'problem', 'score': 0.998, 'start': 971, 'end': 997}, {'text': 'stokers', 'label': 'problem', 'score': 0.7451, 'start': 1023, 'end': 1030}, {'text': 'tewdents in the trops', 'label': 'problem', 'score': 0.6546, 'start': 1033, 'end': 1102}, {'text': 'many neurasthenics', 'label': 'problem', 'score': 0.9775, 'start': 1108, 'end': 1126}, {'text': 'ansmic', 'label': 'problem', 'score': 0.9345, 'start': 1149, 'end': 1155}, {'text': 'nausea', 'label': 'problem', 'score': 0.9983, 'start': 1157, 'end': 1163}, {'text': 'faintness', 'label': 'problem', 'score': 0.9848, 'start': 1168, 'end': 1177}, {'text': 'local aiuemia', 'label': 'problem', 'score': 0.9983, 'start': 1187, 'end': 1200}, {'text': 'blood change', 'label': 'problem', 'score': 0.9961, 'start': 1224, 'end': 1236}, {'text': 'anemia', 'label': 'problem', 'score': 0.9938, 'start': 1255, 'end': 1261}, {'text': 'a drop of blood', 'label': 'problem', 'score': 0.8967, 'start': 1317, 'end': 1332}, {'text': 'filter paper', 'label': 'treatment', 'score': 0.6419, 'start': 1337, 'end': 1349}, {'text': 'talquist scale', 'label': 'test', 'score': 0.7404, 'start': 1351, 'end': 1365}, {'text': 'amemia', 'label': 'problem', 'score': 0.8875, 'start': 1405, 'end': 1411}, {'text': 'imagnaeis', 'label': 'problem', 'score': 0.9938, 'start': 1431, 'end': 1440}, {'text': 'au tho loss of fieek', 'label': 'problem', 'score': 0.9707, 'start': 1531, 'end': 1552}, {'text': 'the persistent headache', 'label': 'problem', 'score': 0.9846, 'start': 1587, 'end': 1610}, {'text': 'diminished knee - jerks', 'label': 'problem', 'score': 0.9945, 'start': 1615, 'end': 1637}, {'text': 'eye - strain', 'label': 'problem', 'score': 0.9415, 'start': 1671, 'end': 1681}, {'text': 'adenoids', 'label': 'problem', 'score': 0.9942, 'start': 1683, 'end': 1691}, {'text': 'malaria', 'label': 'problem', 'score': 0.9956, 'start': 1693, 'end': 1700}, {'text': 'masturbation', 'label': 'problem', 'score': 0.8898, 'start': 1703, 'end': 1715}, {'text': 'examination', 'label': 'test', 'score': 0.9709, 'start': 1741, 'end': 1752}, {'text': 'watching', 'label': 'test', 'score': 0.939, 'start': 1757, 'end': 1765}, {'text': 'micturition', 'label': 'problem', 'score': 0.9581, 'start': 1809, 'end': 1820}, {'text': 'frequent', 'label': 'problem', 'score': 0.6482, 'start': 1825, 'end': 1833}, {'text': 'copious', 'label': 'problem', 'score': 0.6326, 'start': 1838, 'end': 1845}, {'text': 'the loss of flesh', 'label': 'problem', 'score': 0.9831, 'start': 1859, 'end': 1876}, {'text': 'diabetes', 'label': 'problem', 'score': 0.9935, 'start': 1910, 'end': 1918}, {'text': 'the urine', 'label': 'test', 'score': 0.8146, 'start': 1924, 'end': 1933}, {'text': 'exammation', 'label': 'test', 'score': 0.9899, 'start': 1948, 'end': 1958}, {'text': 'sugar —', 'label': 'problem', 'score': 0.7731, 'start': 1970, 'end': 1977}, {'text': 'examon', 'label': 'test', 'score': 0.7275, 'start': 2002, 'end': 2016}, {'text': 'the glycosuria', 'label': 'problem', 'score': 0.9958, 'start': 2109, 'end': 2123}, {'text': 'diabetes mellitus', 'label': 'problem', 'score': 0.9974, 'start': 2160, 'end': 2178}]","[PROBLEM]:a drop of blood;adenoids;albumen;amemia;ancemia;anemia;ansmic;au tho loss of fieek;blood change;bnun tumor;copious;deficient skin circulation;diabetes;diabetes mellitus;diminished knee - jerks;eye - strain;faintness;family history;frequent;frontal headache;frontal sinus disease;go;imagnaeis;listless;local aiuemia;malaria;many neurasthenics;masturbation;micturition;nausea;oedema;pale;pallor;psychosis of puberty;pubescence;somewhat costive;stokers;suddenly;sugar —;tewdents in the trops;the change in disposition;the glycosuria;the loss of flesh;the persistent headache;very irritableesh;weak;weak - ness.[TREATMENT]:filter paper.[TEST]:acid;and abdomen;app;blood;digest;examination;exammation;examon;knee - jerks;lungs;pulse;sediment;talquist scale;temperature;the urine;urine;watching","The careful student of this case will notice first of aU tho loss of fieek despite good appetite. This, with the persistent headache and diminished knee-jerks, are the obvious physical signs. Eye-strain, adenoids, malaria, masturbation, were easily excluded by examination and watching. Further questions revealed the fact that micturition was frequent and copious. This, with the loss of flesh despite good appetite, suggested diabetes, and the urine was found on exammation to contain sugar — (a point omitted in the examina- tion of the attending physician and therefore omitted in the above description of the case). As the glycosuria proved persistent, the diagnosis of diabetes mellitus was made. No acetone or diacetic acid was found in the urine at this time. The sugar was 5% ; urine, three quarts in twenty-four hours.","[PROBLEM]:acetone;adenoids;au tho loss of fieek;diabetes;diabetes mellitus;diacetic acid;diminished knee - jerks;eye - strain;malaria;masturbation;micturitionious;sugar —;the glycosuria;the loss of flesh;the persistent headache.[TEST]:examination;exammation;the sugar;the urine;urine;watching"
"27","CASE 27 

Young salesman, always well till present illnesa. Family history 
good. Worked hard last winter and worried. Frequent beadachee, 
indigestion, insomnia. Feeling poorly for several weeks, especially at 
end of day, but has worked until week ago; since then, on sofa and in 
bed. Chief complaints, weakness and pain in left chest. Two chills 
this week; slight, dry cough; no nosebleed. Bowels constipated and 
appetite poor. 

Physical examination: Fairly nourished, tongue coated, expression 
bright, no enlarged glands. Heart shows musical systolic murmur at 
apex, heard in axilla and back; action slightly irregular; no enlargement. 
Pulmonic second sound normal. Lungs negative, except over seat 
of pain in side, where was heard a harsh sound synchronous with respira- 
tion for a few breaths and then not heard again. Abdomen shows 
dulness in both flanks, which, however, shows but little shift with 
change of position. Liver dulness from sixth rib to rib-margin. The 
spleen is not palpable, splenic area tympanitic; knee-jerks lively. 
Temperature 99-102°, swinging up in the afternoon. Pulse 100-110. 
No sputa; urine negative. 

Blood examination: Reds, 3,200,000; whites, 4000; Hb., 40%. 

1. When ft patient's chief complaint is weakness, what diagnosea Bbould be con- 

eidered? Anieniia, bad hygiene, typhoid, nephritis, endocarditig, myxcedema, 
tuberculoais. 

2. Name five CDinmon causes of pain in the left axilla. Dyspepsia, pleuri^ 

(""simple,"" pneumonic, tutwrculous), intercostal neuralgia, muHcular pain, 
hypertrophic spondylitis. 

3. How should the cardiac murmur be interpreted in this case? Musical murmurs, 

widely transmitted, usually mean endocarditis (acute or chronic), but in the 
absence of any demonstrable cardiac enlargeDient or accentuation of the 
pulmonic second sound, the murmur may possibly be ""functional."" Suspend 
judgment. 

4. What adventitious thoracic sounds are most likely to be fugitive, as in this 

case? Rales, especially musical rales, friction sounds, pleural or pericardial. 

5. Significance of the leucocyte count in this case? It makes septic endocarditis 

or any other form of sepsis very unlikely. 

6. General significance of normal or subnormal leucocyte counts? Their presence 

in typhoid and malaria makes them very valuable in cases where either of 
these diagnoses is being balanced against a possible pneumonia, meningitis, 
or septiceemia. Primary anKmias have normal or subnormal leucocyte counts; 
some secondary anemias show leucocytosis. Most cases of abscess (appendix, 
liver, etc.) raise the leucocyl« count. Most cases of cancer and uncomplicated 
tuberculosis do not. 

7. Diagnosis? Prognosis? Treatment? 

Diagnosis: Continued fever with chills, amemia, signs suggesting endocarditis 
and dry pleurisy, possibly fluid in the peritoneum, and a low leucocyte count
are the essentials of this case, lyphoid, malignant endocarditis (with or 
mtbout a primary focus elsen-here), malaria and tuberculosis (pleural, peri* 
toneal) are especially to be considered. The question of Toalaria can be 
settled b^ tdood examination. Neither malaria nor typhoid will account 
for the physical wgns in the chest or abdomen. The Widal reaction should be 
tried. Against septic endocarditis is the leucocyte count and the absence of 
embolic phenomena. Blood cultures should be made. In favor of tuber- 
culous are the phyucal signs (apparently) of dry pleurisy and of Suid in the 
belly (perhaps prevented by adheaons from shifting). This diagnosis was 
further supported by the negative blood cultures, the absence of a Widal 
reaction, and of malarial parasites. Operation showed it to be correct. 

Prognosis: About one half the recognized cases recover in the course of many 
months, with or without operation. 

Treatment: If, under treatment similar to that i^ven in phthisis, the patient 
does not improve, surgical intervention is advisable and often proves cura- 
tive. It should not, however, be advised in every case until the failure o£ 
a measures is proven.","[{'text': 'ill', 'label': 'problem', 'score': 0.7132, 'start': 51, 'end': 54}, {'text': 'frequent', 'label': 'problem', 'score': 0.5498, 'start': 119, 'end': 127}, {'text': 'beachee', 'label': 'problem', 'score': 0.3523, 'start': 128, 'end': 137}, {'text': 'indigestion', 'label': 'problem', 'score': 0.9101, 'start': 140, 'end': 151}, {'text': 'insomnia', 'label': 'problem', 'score': 0.9351, 'start': 153, 'end': 161}, {'text': 'poorly', 'label': 'problem', 'score': 0.9032, 'start': 171, 'end': 177}, {'text': 'chief complaints', 'label': 'problem', 'score': 0.6645, 'start': 288, 'end': 304}, {'text': 'weakness', 'label': 'problem', 'score': 0.9982, 'start': 306, 'end': 314}, {'text': 'pain in left chest', 'label': 'problem', 'score': 0.9985, 'start': 319, 'end': 337}, {'text': 'chill', 'label': 'problem', 'score': 0.7701, 'start': 343, 'end': 348}, {'text': 'slight dry cough', 'label': 'problem', 'score': 0.9889, 'start': 362, 'end': 379}, {'text': 'nosebleed', 'label': 'problem', 'score': 0.9715, 'start': 384, 'end': 393}, {'text': 'bowels constipate', 'label': 'problem', 'score': 0.9831, 'start': 395, 'end': 412}, {'text': 'appetite poor', 'label': 'problem', 'score': 0.913, 'start': 419, 'end': 432}, {'text': 'tongue coated', 'label': 'problem', 'score': 0.626, 'start': 476, 'end': 489}, {'text': 'enlarged glands', 'label': 'problem', 'score': 0.9977, 'start': 514, 'end': 529}, {'text': 'musical systolic murmur at apex', 'label': 'problem', 'score': 0.9957, 'start': 543, 'end': 575}, {'text': 'irregular', 'label': 'problem', 'score': 0.913, 'start': 619, 'end': 628}, {'text': 'enlargement', 'label': 'problem', 'score': 0.7355, 'start': 633, 'end': 644}, {'text': 'pu', 'label': 'problem', 'score': 0.4841, 'start': 647, 'end': 649}, {'text': 'pain in side', 'label': 'problem', 'score': 0.8864, 'start': 714, 'end': 726}, {'text': 'a harsh sound', 'label': 'problem', 'score': 0.8953, 'start': 744, 'end': 757}, {'text': 'reson', 'label': 'test', 'score': 0.5203, 'start': 775, 'end': 789}, {'text': 'dulness in both flanks', 'label': 'problem', 'score': 0.9791, 'start': 849, 'end': 871}, {'text': 'of', 'label': 'problem', 'score': 0.6971, 'start': 925, 'end': 927}, {'text': 'liver dulness', 'label': 'problem', 'score': 0.9607, 'start': 938, 'end': 951}, {'text': 'splenic area tympanitic', 'label': 'problem', 'score': 0.8948, 'start': 1011, 'end': 1034}, {'text': 'knee', 'label': 'test', 'score': 0.8165, 'start': 1036, 'end': 1040}, {'text': '- jerks', 'label': 'problem', 'score': 0.5869, 'start': 1040, 'end': 1046}, {'text': 'temperature', 'label': 'test', 'score': 0.9851, 'start': 1056, 'end': 1067}, {'text': 'pulse', 'label': 'test', 'score': 0.9869, 'start': 1107, 'end': 1112}, {'text': 'sputa', 'label': 'problem', 'score': 0.9954, 'start': 1126, 'end': 1131}, {'text': 'urine', 'label': 'test', 'score': 0.9896, 'start': 1133, 'end': 1138}, {'text': 'blood examination', 'label': 'test', 'score': 0.995, 'start': 1151, 'end': 1168}, {'text': 'reds', 'label': 'test', 'score': 0.9814, 'start': 1170, 'end': 1174}, {'text': 'whites', 'label': 'test', 'score': 0.9706, 'start': 1187, 'end': 1193}, {'text': 'hb', 'label': 'test', 'score': 0.706, 'start': 1201, 'end': 1204}, {'text': 'weakness', 'label': 'problem', 'score': 0.998, 'start': 1253, 'end': 1261}, {'text': 'anieniia', 'label': 'problem', 'score': 0.9855, 'start': 1304, 'end': 1312}, {'text': 'bad hygiene', 'label': 'problem', 'score': 0.9852, 'start': 1314, 'end': 1325}, {'text': 'typhoid', 'label': 'problem', 'score': 0.9189, 'start': 1327, 'end': 1334}, {'text': 'nephritis', 'label': 'problem', 'score': 0.9403, 'start': 1336, 'end': 1345}, {'text': 'endocarditig', 'label': 'problem', 'score': 0.9559, 'start': 1347, 'end': 1359}, {'text': 'myxcedema', 'label': 'problem', 'score': 0.9689, 'start': 1361, 'end': 1370}, {'text': 'tuberculoais', 'label': 'problem', 'score': 0.9451, 'start': 1373, 'end': 1385}, {'text': 'cdinmon', 'label': 'problem', 'score': 0.6541, 'start': 1402, 'end': 1409}, {'text': 'pain in the left axilla', 'label': 'problem', 'score': 0.9977, 'start': 1420, 'end': 1443}, {'text': 'dyspepsia', 'label': 'problem', 'score': 0.9509, 'start': 1445, 'end': 1454}, {'text': 'pleuri', 'label': 'problem', 'score': 0.9198, 'start': 1456, 'end': 1462}, {'text': 'pneumonic', 'label': 'problem', 'score': 0.8454, 'start': 1477, 'end': 1486}, {'text': 'tutwrculous', 'label': 'problem', 'score': 0.7399, 'start': 1488, 'end': 1499}, {'text': 'intercostal neuralgia', 'label': 'problem', 'score': 0.9921, 'start': 1502, 'end': 1523}, {'text': 'muhcular pain', 'label': 'problem', 'score': 0.9937, 'start': 1525, 'end': 1538}, {'text': 'hypertrophic spondylitis', 'label': 'problem', 'score': 0.9879, 'start': 1541, 'end': 1565}, {'text': 'the cardiac murmur', 'label': 'problem', 'score': 0.9936, 'start': 1583, 'end': 1601}, {'text': 'musical murmurs', 'label': 'problem', 'score': 0.9978, 'start': 1631, 'end': 1646}, {'text': 'endocarditis', 'label': 'problem', 'score': 0.9978, 'start': 1683, 'end': 1695}, {'text': 'acute', 'label': 'problem', 'score': 0.6102, 'start': 1697, 'end': 1702}, {'text': 'chronic', 'label': 'problem', 'score': 0.8096, 'start': 1706, 'end': 1713}, {'text': 'any demonsble cardiac enlargedient', 'label': 'problem', 'score': 0.8343, 'start': 1739, 'end': 1776}, {'text': 'accent', 'label': 'problem', 'score': 0.4605, 'start': 1780, 'end': 1786}, {'text': 'the murmuritious thoracic sounds', 'label': 'problem', 'score': 0.8643, 'start': 1824, 'end': 1922}, {'text': 'fugitive', 'label': 'problem', 'score': 0.8092, 'start': 1945, 'end': 1953}, {'text': 'rales', 'label': 'problem', 'score': 0.9123, 'start': 1974, 'end': 1979}, {'text': 'musical ra', 'label': 'problem', 'score': 0.8026, 'start': 1992, 'end': 2002}]","[PROBLEM]:- jerks;a harsh sound;accent;acute;anieniia;any demonsble cardiac enlargedient;appetite poor;bad hygiene;beachee;bowels constipate;cdinmon;chief complaints;chill;chronic;dulness in both flanks;dyspepsia;endocarditig;endocarditis;enlarged glands;enlargement;frequent;fugitive;hypertrophic spondylitis;ill;indigestion;insomnia;intercostal neuralgia;irregular;liver dulness;muhcular pain;musical murmurs;musical ra;musical systolic murmur at apex;myxcedema;nephritis;nosebleed;of;pain in left chest;pain in side;pain in the left axilla;pleuri;pneumonic;poorly;pu;rales;slight dry cough;splenic area tympanitic;sputa;the cardiac murmur;the murmuritious thoracic sounds;tongue coated;tuberculoais;tutwrculous;typhoid;weakness.[TEST]:blood examination;hb;knee;pulse;reds;reson;temperature;urine;whites","Continued fever with chills, amemia, signs suggesting endocarditis and dry pleurisy, possibly fluid in the peritoneum, and a low leucocyte count are the essentials of this case, lyphoid, malignant endocarditis (with or mtbout a primary focus elsen-here), malaria and tuberculosis (pleural, peri* toneal) are especially to be considered. The question of Toalaria can be settled b^ tdood examination. Neither malaria nor typhoid will account for the physical wgns in the chest or abdomen. The Widal reaction should be tried. Against septic endocarditis is the leucocyte count and the absence of embolic phenomena. Blood cultures should be made. In favor of tuber- culous are the phyucal signs (apparently) of dry pleurisy and of Suid in the belly (perhaps prevented by adheaons from shifting). This diagnosis was further supported by the negative blood cultures, the absence of a Widal reaction, and of malarial parasites. Operation showed it to be correct.","[PROBLEM]:a low leucocyte count;a widal reaction;amemia;chills;continued;dry pleurisy;embolic phenomena;endocarditis;fever;fluid in the peritoneum;lyphoid;malaria;malarial parasites;malignant endocarditis;physical wgns in the chest or abdomen;pleural peri;septic endocarditis;suid in the belly;the;the widal reaction;toalaria;toneal;tuber - culous;tuberculosis;typhoid.[TREATMENT]:mt.[TEST]:adheaons;blood cultures;operation;tdood examination;the leucocyte count"
"28","CASE 28 

A broker of 26, moderately alcoholic, but with no venereal history. 
. Has always been well. Been under a surgeon's care for last three dajrs 
for ""grippe"" and taken whiskey and ammonol. On the third day, 
Saturday, he took two whiskies and went to ride. The horse shied 
and threw him. His head struck on a rock, just above and in front 
of the right parietal eminence. Coma for ten minutes; after being 
carried home he vomited and complained of pain in the occiput and 
numbness of the right hand. Temperature 104°, the pulse 90. Next 
morning it was 103°, next evening 103.8°. Monday it was 102°, 
pulse 85. The bowels have not moved. Patient has regained con- 
sciousness, but is still dazed. There is no evidence of fracture or 
suppuration anjnvhere, but there is numbness along the ulnar side 
of the right hand. 

Seen Tuesday; very bright, sat up strongly in bed to shake hands. 
Laughed and talked, wants to get up, but temperature still 102°. 

1. What are the objections to giving ammonol in thia case? It is a nostrum. 

2. What should you expect to find in this patient's urineT High color and specilic 

gravity, small amount, albumen a trace, a few hyaline and granular casts. 

3. What facts justify the statement: ""There is no evidence of suppuration any- 

where?"" That the classical signs of inflammation (redness, heat, sweUing, 
tenderness, and pain) are absent; that leucocytosis is absent. 

4. Diagnosis? Prognosis? Treatment? 

Diagnosis: The coma, the occipital pain later on, the vomiting and numbness 
along the ulnar side of the right hand, suggest intracranial trauma; but we 
note that the peripheral numbness is on the same side as the (supposed) 
bnun injury. By amlrecoup it is possible to injure the left side of the brain, 
but hardly possible to injure the cortical area corresponding to the small 
patch of peripheral ajuesthesia. The absence of lasting coma, paralysis, or 
obvious injury to the skull make brain injuiy unlikely; but injury to the 
exposed ulnar nerve is natural in such an accident. Fever due to the ""shak- 
ing up"" of the accident would be unlikely to reach 102° four days after. 
""Grippe"" should show local lesions (of the respiratory tract or elsewhere), and 
rarely causes a fever reachii^ 102° on the seventh day. This continued fever, 
without obvious local leaions, should naturally surest (as it did here) a Widal 
test. This proved positive and the patient went through an attack of typhoid 
typical except for tbe absence of cerebral symptoms or marked prostration. 

Prognosis: The mortality is about 10% ; the duration, four weeks fever, and six 
to twelve months t)efore complete vigor is regained. After that the individual 
is often stronger than before tbe fever. 

Treatment: Bed, hydrotherapy, diet according to digestive power, enemata 
every second day when constipation' is present. Those who believe that the 
heart can be stimulated in typhoid give alcohol, strychnia, and digitalis when 
the pulse becomes rapid, weak and irregular. If hemorrhage occur, food 
should be greatly restricted. Infusion of salt solution may lie i 
For perforation immediate laparotomy is usually advised.","[{'text': 'grippe', 'label': 'treatment', 'score': 0.891, 'start': 158, 'end': 164}, {'text': 'ammonol', 'label': 'treatment', 'score': 0.8239, 'start': 188, 'end': 195}, {'text': 'coma', 'label': 'problem', 'score': 0.9806, 'start': 381, 'end': 385}, {'text': 'pain in the occiput', 'label': 'problem', 'score': 0.997, 'start': 458, 'end': 477}, {'text': 'numbness of the right hand', 'label': 'problem', 'score': 0.9167, 'start': 483, 'end': 509}, {'text': 'temperature', 'label': 'test', 'score': 0.885, 'start': 511, 'end': 522}, {'text': 'the pulse', 'label': 'test', 'score': 0.8156, 'start': 529, 'end': 538}, {'text': 'pulse', 'label': 'test', 'score': 0.9561, 'start': 612, 'end': 617}, {'text': 'sci', 'label': 'problem', 'score': 0.6988, 'start': 676, 'end': 679}, {'text': 'dazed', 'label': 'problem', 'score': 0.9759, 'start': 701, 'end': 706}, {'text': 'fracture', 'label': 'problem', 'score': 0.997, 'start': 732, 'end': 740}, {'text': 'suuration anjnv', 'label': 'problem', 'score': 0.8226, 'start': 745, 'end': 762}, {'text': 'numbness along the ulnar side', 'label': 'problem', 'score': 0.8734, 'start': 781, 'end': 810}, {'text': 'the right hand', 'label': 'problem', 'score': 0.9098, 'start': 815, 'end': 829}, {'text': 'temperature', 'label': 'test', 'score': 0.7886, 'start': 941, 'end': 952}, {'text': 'ammonol', 'label': 'treatment', 'score': 0.8342, 'start': 1004, 'end': 1011}, {'text': 'a nostrum', 'label': 'problem', 'score': 0.9895, 'start': 1032, 'end': 1041}, {'text': 'urine', 'label': 'test', 'score': 0.6223, 'start': 1097, 'end': 1102}, {'text': 'color', 'label': 'problem', 'score': 0.7031, 'start': 1109, 'end': 1114}, {'text': 'specilic gravity', 'label': 'problem', 'score': 0.6269, 'start': 1119, 'end': 1137}, {'text': 'small amount', 'label': 'problem', 'score': 0.833, 'start': 1139, 'end': 1151}, {'text': 'albumen a trace', 'label': 'problem', 'score': 0.7763, 'start': 1153, 'end': 1168}, {'text': 'a few hyaline and granular casts', 'label': 'problem', 'score': 0.9549, 'start': 1170, 'end': 1202}, {'text': 'suppuration', 'label': 'problem', 'score': 0.9511, 'start': 1268, 'end': 1279}, {'text': 'inflammation', 'label': 'problem', 'score': 0.9906, 'start': 1323, 'end': 1335}, {'text': 'redness', 'label': 'problem', 'score': 0.9148, 'start': 1337, 'end': 1344}, {'text': 'heat', 'label': 'problem', 'score': 0.9864, 'start': 1346, 'end': 1350}, {'text': 'sweuing', 'label': 'problem', 'score': 0.8823, 'start': 1352, 'end': 1359}, {'text': 'tenderness', 'label': 'problem', 'score': 0.9824, 'start': 1362, 'end': 1372}, {'text': 'pain', 'label': 'problem', 'score': 0.9765, 'start': 1378, 'end': 1382}, {'text': 'leucocytosis', 'label': 'problem', 'score': 0.9924, 'start': 1401, 'end': 1413}, {'text': 'the coma', 'label': 'problem', 'score': 0.9851, 'start': 1476, 'end': 1484}, {'text': 'the occipital pain', 'label': 'problem', 'score': 0.9869, 'start': 1486, 'end': 1504}, {'text': 'the vomiting', 'label': 'problem', 'score': 0.8838, 'start': 1515, 'end': 1527}, {'text': 'numbness along the ulnar side', 'label': 'problem', 'score': 0.8897, 'start': 1532, 'end': 1562}, {'text': 'the right hand', 'label': 'problem', 'score': 0.9159, 'start': 1566, 'end': 1580}, {'text': 'intracranial trauma', 'label': 'problem', 'score': 0.994, 'start': 1590, 'end': 1609}, {'text': 'the peripheral numbness', 'label': 'problem', 'score': 0.9877, 'start': 1629, 'end': 1652}, {'text': 'the', 'label': 'problem', 'score': 0.9318, 'start': 1676, 'end': 1679}, {'text': 'bnun injury', 'label': 'problem', 'score': 0.9061, 'start': 1692, 'end': 1703}, {'text': 'peripheral ajuesthesia', 'label': 'problem', 'score': 0.9804, 'start': 1857, 'end': 1879}, {'text': 'lasting coma', 'label': 'problem', 'score': 0.9972, 'start': 1896, 'end': 1908}, {'text': 'paralysis', 'label': 'problem', 'score': 0.9958, 'start': 1910, 'end': 1919}, {'text': 'obvious injury to the skull', 'label': 'problem', 'score': 0.9958, 'start': 1925, 'end': 1952}, {'text': 'brain iniy', 'label': 'problem', 'score': 0.9635, 'start': 1958, 'end': 1970}, {'text': 'injury to the exposed ulnar nerve', 'label': 'problem', 'score': 0.9964, 'start': 1985, 'end': 2019}, {'text': 'fever', 'label': 'problem', 'score': 0.9941, 'start': 2052, 'end': 2057}, {'text': 'the  sha', 'label': 'problem', 'score': 0.7231, 'start': 2065, 'end': 2073}]","[PROBLEM]:a few hyaline and granular casts;a nostrum;albumen a trace;bnun injury;brain iniy;color;coma;dazed;fever;fracture;heat;inflammation;injury to the exposed ulnar nerve;intracranial trauma;lasting coma;leucocytosis;numbness along the ulnar side;numbness of the right hand;obvious injury to the skull;pain;pain in the occiput;paralysis;peripheral ajuesthesia;redness;sci;small amount;specilic gravity;suppuration;suuration anjnv;sweuing;tenderness;the;the  sha;the coma;the occipital pain;the peripheral numbness;the right hand;the vomiting.[TREATMENT]:ammonol;grippe.[TEST]:pulse;temperature;the pulse;urine","The coma, the occipital pain later on, the vomiting and numbness along the ulnar side of the right hand, suggest intracranial trauma; but we note that the peripheral numbness is on the same side as the (supposed) bnun injury. By amlrecoup it is possible to injure the left side of the brain, but hardly possible to injure the cortical area corresponding to the small patch of peripheral ajuesthesia. The absence of lasting coma, paralysis, or obvious injury to the skull make brain injuiy unlikely; but injury to the exposed ulnar nerve is natural in such an accident. Fever due to the ""shak- ing up"" of the accident would be unlikely to reach 102° four days after. ""Grippe"" should show local lesions (of the respiratory tract or elsewhere), and rarely causes a fever reachii^ 102° on the seventh day. This continued fever, without obvious local leaions, should naturally surest (as it did here) a Widal test. This proved positive and the patient went through an attack of typhoid typical except for tbe absence of cerebral symptoms or marked prostration.","[PROBLEM]:a fever;an attack of typhoid;bnun injury;brain injuiy;cerebral symptoms;fever;injury to the exposed ulnar nerve;intracranial trauma;lasting coma;local lesions;marked prostration;numbness;obvious injury to the skull;obvious local leaions;of the respiratory tract;paralysis;peripheral ajuesthesia;tb;the;the  shak - ing up;the coma;the occipital pain;the peripheral numbness;the vomiting;this continued fever.[TEST]:a widal test;grippe"
"29","CASE 29 

Patient a man 55 years old; rather fat; subject to frequent attacks 
of winter cough, with aathmatic tendency. For seven years the heart 
had been noticeably weak and irregular. Puke SO; first sound valvu- 
lar. Apex beat art inch and a half directly below left nipple; no 
murmurs. No previous rheumatism. Several years ago there was 
sudden and complete loss of memory, the same questions being re- 
peated as soon as answered. The expression was at the time rather 
vacant; the pupils were equal and responded to light; there was no 
motor paralysis. The amnesia lasted all day, disappearing the follow- 
ing morning. The pulse remained 50 for two days. The patient had 
been previously very anffimic, and had had much fatigue and anxiety, 
with digestive disturbance. The urine always remained normal. In 
the following years there were occasional attacks of transient numbness 
in the left arm and leg, and sometimes faint turns with pallor and 
irregular, feeble pusle. Headache was a frequent symptom; dyspncea 
on exertion, impaired appetite, and insomnia were constant. There 
was no apparent loss of flesh. In 1897 life was endangered for two 
weeks by cedema of both lungs, supervening on an attack of bronchitis. 
In the subsequent years the condition improved somewhat, so that the 
patient could walk half a mile or more and was able to attend to con- 
siderable business. In autumn of 1904, be had several attacks of bron- 
chitis, and, finally, an attack of complete hemiplegia resulted fatally 
in twenty-four hours without recovery of consciousness. Respiration 
was of the Cheyne-Stokes type, and later stertorous. 

1. Significajice of etertoroiu reepiratioD? Any deep coma (even deep, healthy 

sleep) may produce it. 

2. What is meant by an aathmatic tendency — t'.e., on what physical signs should 

such a diagnosis be based? Squeaking and groaning rales present on slight 
exertion or excitement, with or without typical asthmatic paroxysms at long 
intervaJs. 

3. What are the relations ot bronchitis and other pulmonary lesions to disease of the 

heart? (a) Chronic bronchitis may lead to emphysema, and this to hyper- 
trophy, dilatation and weakening of the right ventricle with tricuspid leakage. 
(j>} Mitral disease may favor the occurrence of bronchitis and pneumonia of 
various types. Intracardiac thrombosis, occurring in weakened conditions 
of the heart from valvular or myocardial disease, may result in pulmonary 
embolism. Septic or bland emboli are occasionally washed into the lungs 
from vegetations on the tricuspid valve. The rare lesions of the puhnonary 
valves involve malnutrition of the lungs and (in one case known to me) fre- 
quent attacks of pneumonia. Phthisis and endocarditis rarely coexist. 

4. Diagnosis and Treatment? 

Diagnosis: The brain and heart seem to be the organs chiefly affected. In a man 
of 65, weak, irregular heart and pulse, with dyspncea on exertion, but 
without murmuis, are usually expUiued as reeulta of coronair sclerosia and 
mjrocarditis. The ""aathmatic tendency,"" obetructii^ the puhnaiiBii7 circu- 
lation and so increasing the work of the right ventricle, probably contribut«d 
to weaken the heart. The acme of cardiac weakness (Miused the pulmonary 
oedema in 1897. The amneaia with bradycardia, the hemipartestheuie and faint 
turns, and the tenninal coma of hemipl^pa, are results of cerebral arterio- 
sclerosis with final hemorrhage. No other diagnosis is plausible, provided 
the urine remained normal and provided syphilis can tie excluded. 
Treatment: The advance of arterio-sclerosis can perhaps be checked if life is 
lived at a slower pace, avoiding strains of all kinds and following strictly the 
laws of hygiene. Small doses of KI and of nitroglycerine are pven by most 
good piuctititners for long periods.","[{'text': 'rather', 'label': 'problem', 'score': 0.572, 'start': 38, 'end': 44}, {'text': 'frequent attacks', 'label': 'problem', 'score': 0.7842, 'start': 61, 'end': 77}, {'text': 'winter cough', 'label': 'problem', 'score': 0.9824, 'start': 82, 'end': 94}, {'text': 'aathmatic tendency', 'label': 'problem', 'score': 0.7937, 'start': 101, 'end': 119}, {'text': 'noticeably weak', 'label': 'problem', 'score': 0.9663, 'start': 157, 'end': 172}, {'text': 'irregular', 'label': 'problem', 'score': 0.9474, 'start': 177, 'end': 186}, {'text': 'la', 'label': 'test', 'score': 0.3025, 'start': 217, 'end': 219}, {'text': 'murmurs', 'label': 'problem', 'score': 0.9963, 'start': 284, 'end': 291}, {'text': 'previous rheumatism', 'label': 'problem', 'score': 0.9984, 'start': 296, 'end': 315}, {'text': 'sudden and complete loss of memory', 'label': 'problem', 'score': 0.9925, 'start': 346, 'end': 380}, {'text': 'motor paralysis', 'label': 'problem', 'score': 0.997, 'start': 547, 'end': 562}, {'text': 'the amnesia', 'label': 'problem', 'score': 0.9911, 'start': 564, 'end': 575}, {'text': 'the pulse', 'label': 'test', 'score': 0.6672, 'start': 631, 'end': 640}, {'text': 'very anffimic', 'label': 'problem', 'score': 0.9874, 'start': 700, 'end': 713}, {'text': 'much fatigue', 'label': 'problem', 'score': 0.9442, 'start': 727, 'end': 739}, {'text': 'anxiety', 'label': 'problem', 'score': 0.9894, 'start': 744, 'end': 751}, {'text': 'digestive disturbance', 'label': 'problem', 'score': 0.9972, 'start': 759, 'end': 780}, {'text': 'urine', 'label': 'test', 'score': 0.6731, 'start': 786, 'end': 791}, {'text': 'transient numbness in the left arm and leg', 'label': 'problem', 'score': 0.9983, 'start': 873, 'end': 916}, {'text': 'faint turns with', 'label': 'problem', 'score': 0.9168, 'start': 932, 'end': 948}, {'text': 'pallor', 'label': 'problem', 'score': 0.8807, 'start': 949, 'end': 955}, {'text': 'irregular feeble pusle', 'label': 'problem', 'score': 0.9939, 'start': 961, 'end': 984}, {'text': 'headachemptom', 'label': 'problem', 'score': 0.8148, 'start': 986, 'end': 1017}, {'text': 'dyspncea', 'label': 'problem', 'score': 0.9114, 'start': 1019, 'end': 1027}, {'text': 'impaired appetite', 'label': 'problem', 'score': 0.9973, 'start': 1042, 'end': 1059}, {'text': 'insomnia', 'label': 'problem', 'score': 0.8575, 'start': 1065, 'end': 1073}, {'text': 'apparent loss of flesh', 'label': 'problem', 'score': 0.9926, 'start': 1103, 'end': 1125}, {'text': 'cedema of both lungs', 'label': 'problem', 'score': 0.8696, 'start': 1173, 'end': 1193}, {'text': 'bronchitis', 'label': 'problem', 'score': 0.9405, 'start': 1223, 'end': 1233}, {'text': 'the condition', 'label': 'problem', 'score': 0.9326, 'start': 1260, 'end': 1273}, {'text': 'bron - chitis', 'label': 'problem', 'score': 0.9936, 'start': 1442, 'end': 1455}, {'text': 'an attack', 'label': 'problem', 'score': 0.9098, 'start': 1471, 'end': 1480}, {'text': 'complete hemiplegia', 'label': 'problem', 'score': 0.9457, 'start': 1484, 'end': 1503}, {'text': 'respiration', 'label': 'test', 'score': 0.7029, 'start': 1578, 'end': 1589}, {'text': 'sign', 'label': 'problem', 'score': 0.5082, 'start': 1649, 'end': 1653}, {'text': 'etertoroiu reepirati', 'label': 'treatment', 'score': 0.5651, 'start': 1666, 'end': 1686}, {'text': 'any', 'label': 'problem', 'score': 0.6842, 'start': 1690, 'end': 1693}, {'text': 'deep coma', 'label': 'problem', 'score': 0.8386, 'start': 1694, 'end': 1703}, {'text': 'an aathmatic tendency', 'label': 'problem', 'score': 0.9372, 'start': 1771, 'end': 1792}, {'text': 'squeaking and groaning rales', 'label': 'problem', 'score': 0.9576, 'start': 1861, 'end': 1889}, {'text': 'typical asthmatic paroxysms at', 'label': 'problem', 'score': 0.9371, 'start': 1949, 'end': 1979}, {'text': 'long intervajs', 'label': 'problem', 'score': 0.8497, 'start': 1980, 'end': 1995}, {'text': 'ot bronchitis', 'label': 'problem', 'score': 0.8756, 'start': 2025, 'end': 2038}, {'text': 'other pulmonary lesions', 'label': 'problem', 'score': 0.9944, 'start': 2043, 'end': 2066}, {'text': 'disease of the heart', 'label': 'problem', 'score': 0.996, 'start': 2070, 'end': 2092}, {'text': 'chronic bronchitis', 'label': 'problem', 'score': 0.9984, 'start': 2098, 'end': 2116}, {'text': 'emphysema', 'label': 'problem', 'score': 0.9945, 'start': 2129, 'end': 2138}, {'text': 'hyper - trophy', 'label': 'problem', 'score': 0.9969, 'start': 2152, 'end': 2166}, {'text': 'dilatation', 'label': 'problem', 'score': 0.9729, 'start': 2168, 'end': 2178}, {'text': 'weakening of the right ventricle', 'label': 'problem', 'score': 0.9466, 'start': 2183, 'end': 2215}, {'text': 'tricuspid leakage', 'label': 'problem', 'score': 0.9981, 'start': 2221, 'end': 2238}]","[PROBLEM]:aathmatic tendency;an aathmatic tendency;an attack;anxiety;any;apparent loss of flesh;bron - chitis;bronchitis;cedema of both lungs;chronic bronchitis;complete hemiplegia;deep coma;digestive disturbance;dilatation;disease of the heart;dyspncea;emphysema;faint turns with;frequent attacks;headachemptom;hyper - trophy;impaired appetite;insomnia;irregular;irregular feeble pusle;long intervajs;motor paralysis;much fatigue;murmurs;noticeably weak;ot bronchitis;other pulmonary lesions;pallor;previous rheumatism;rather;sign;squeaking and groaning rales;sudden and complete loss of memory;the amnesia;the condition;transient numbness in the left arm and leg;tricuspid leakage;typical asthmatic paroxysms at;very anffimic;weakening of the right ventricle;winter cough.[TREATMENT]:etertoroiu reepirati.[TEST]:la;respiration;the pulse;urine","The brain and heart seem to be the organs chiefly affected. In a man of 65, weak, irregular heart and pulse, with dyspncea on exertion, but without murmuis, are usually expUiued as reeulta of coronair sclerosia and mjrocarditis. The ""aathmatic tendency,"" obetructii^ the puhnaiiBii7 circu- lation and so increasing the work of the right ventricle, probably contribut«d to weaken the heart. The acme of cardiac weakness (Miused the pulmonary oedema in 1897. The amneaia with bradycardia, the hemipartestheuie and faint turns, and the tenninal coma of hemipl^pa, are results of cerebral arterio- sclerosis with final hemorrhage. No other diagnosis is plausible, provided the urine remained normal and provided syphilis can tie excluded. Treatment: The advance of arterio-sclerosis can perhaps be checked if life is lived at a slower pace, avoiding strains of all kinds and following strictly the laws of hygiene. Small doses of KI and of nitroglycerine are pven by most good piuctititners for long periods.","[PROBLEM]:all kinds;arterio - sclerosis;bradycardia;cardiac weakness;cerebral arterio - sclerosis;coronair sclerosia;dyspncea;final hemorrhage;mjrocarditis;mu;strains;syphilis;the  aathmatic tendency;the amneaia;the hemipartestheuie and faint turns;the pulmonary oedema;the tenninal coma of hemipl ^ pa;weak irregular heart and pulse.[TREATMENT]:ki;nitroglycerine;obe.[TEST]:the urine"
"30","CASE 30 

A. R,, aged 50, waa seen June 3, He had always been troubled with 
constipation, his bowels moving only once or twice a week. For five 
weeks he had had epigastric [lain, which for three days had been 
severe. He had had no movement of the bowels, no chills or fever. 

Physical examination showed a thin, wom-Iooking man. The pulse 
and temperature were normal, the tongue clean and moist. Hia chest 
showed diminished breathing throughout the left chest, broncho-vesi- 
cular respiration and dulness at the right apex, and numerous rales 
throughout this side. The abdomen was distended. There was dul- 
nees in the left hypochondrium, with marked tenderness and muscular 
spasm. Elsewhere there was tympany. 

A high enema relieved him of large masses of scybalce and made 
him more comfortable, but on June 10 there was stUl a tender mass 
in the left hypochondrium. Temperature 99,6°, pulse 90. 

1. In what way and to what extent should the patknt'e age and the condition of 

hie chest influence our decision as to an operation? The signs are strong 
suggeetive of phthisis; if this is CMifiimed by sputum examination, the risks 
of operation, eq^ecially in a man of 50, are considerable. Nevertheless, the 
risk of Tiot operattTtg may be greater. 

2. What is a high enema? How and with what materials should it be given? 

A high enema is one which reaches above the rectum for a greater or smaller 
distance. It should be given with soft rubber tube passed up as high as it 
will go, ""with the patient on his left ^de and the hips laised. Warm suds pre- 
ceded by warm oil may be used. 

3. Importance of the temperature and pulse here? If they remain low and with- 

out leucocytoeis, the danger of spreading peritonitis or of active abecess is 
not great, 

4. What other data should be known? The condition of the sputa, blood, urine, 

arteries, and heart. 

5. Diagnoua? Prognosis? Treatment? 

Diagnons: Phthisis was proved by the sputum examination. Duhiess, tender- 
ness, 3nd muscular spasm in left hypochondrium unrelieved by high enemata, 
point to a localized peritonitis. This might be excited by ulcer or cancer 
of the stomach or colon, or by abscess of the spleen (very rare). The intestinal 
sjTnptoma are not as marked as they are apt to be when ulcer or cancer of 
the colon have passed their long period of latency and make themselves felt. 
The stomach seems likely to be the source of the peritonitis, but further 
than this we cannot go. Ulcer is more apt to perforate than cancer, but can- 
cer is commoner at this age. Operation showed a perforation of the anterior 
wall of the stomach near the cardia, with adhesions to the abdominal wall. 
No pus or general peritonitis. 

Prognosis: It is hard to see how such a case could recover without operation. 
With operation, the majority of such coses do recover, though little is yet 
known about the permanency of their relief. ' 

Treatment: The ulcer was infolded and a posterior gastro-enterostomy done. 
The patient lived six months and his death was due apparently to phthisis.","[{'text': 'troubled', 'label': 'problem', 'score': 0.6363, 'start': 62, 'end': 70}, {'text': 'constipation', 'label': 'problem', 'score': 0.8757, 'start': 77, 'end': 89}, {'text': 'epigastric  lain', 'label': 'problem', 'score': 0.986, 'start': 163, 'end': 179}, {'text': 'chills', 'label': 'problem', 'score': 0.9883, 'start': 261, 'end': 267}, {'text': 'fever', 'label': 'problem', 'score': 0.9979, 'start': 271, 'end': 276}, {'text': 'physical examination', 'label': 'test', 'score': 0.9888, 'start': 280, 'end': 300}, {'text': 'diminished breathing throughout the left chest', 'label': 'problem', 'score': 0.972, 'start': 419, 'end': 465}, {'text': 'broncho - vesi - cular respiration', 'label': 'problem', 'score': 0.8772, 'start': 467, 'end': 499}, {'text': 'dulness at the', 'label': 'problem', 'score': 0.8697, 'start': 504, 'end': 518}, {'text': 'numerous rales', 'label': 'problem', 'score': 0.9907, 'start': 535, 'end': 549}, {'text': 'distended', 'label': 'problem', 'score': 0.8076, 'start': 589, 'end': 598}, {'text': 'dul - nees in the left hypochondrium', 'label': 'problem', 'score': 0.892, 'start': 610, 'end': 646}, {'text': 'marked tenderness', 'label': 'problem', 'score': 0.991, 'start': 653, 'end': 670}, {'text': 'muscular spasm', 'label': 'problem', 'score': 0.9982, 'start': 675, 'end': 690}, {'text': 'tympany', 'label': 'problem', 'score': 0.7836, 'start': 712, 'end': 719}, {'text': 'a high enema', 'label': 'problem', 'score': 0.993, 'start': 723, 'end': 735}, {'text': 'large masses of scybalce', 'label': 'problem', 'score': 0.9294, 'start': 752, 'end': 776}, {'text': 'stul a tender mass in the left hypochondrium', 'label': 'problem', 'score': 0.9815, 'start': 834, 'end': 879}, {'text': 'temperature', 'label': 'test', 'score': 0.9707, 'start': 881, 'end': 892}, {'text': 'pulse', 'label': 'test', 'score': 0.9827, 'start': 900, 'end': 905}, {'text': 'the patknt', 'label': 'problem', 'score': 0.8914, 'start': 953, 'end': 963}, {'text': 'e age', 'label': 'problem', 'score': 0.9698, 'start': 964, 'end': 969}, {'text': 'hie chest', 'label': 'problem', 'score': 0.8465, 'start': 993, 'end': 1002}, {'text': 'an operation', 'label': 'treatment', 'score': 0.9682, 'start': 1032, 'end': 1044}, {'text': 'phthisis', 'label': 'problem', 'score': 0.9937, 'start': 1082, 'end': 1090}, {'text': 'sputum examination', 'label': 'test', 'score': 0.9645, 'start': 1116, 'end': 1134}, {'text': 'operation', 'label': 'treatment', 'score': 0.9628, 'start': 1150, 'end': 1159}, {'text': 'tiot', 'label': 'test', 'score': 0.4449, 'start': 1233, 'end': 1237}, {'text': 'opera', 'label': 'treatment', 'score': 0.3432, 'start': 1238, 'end': 1243}, {'text': 'a high enema', 'label': 'problem', 'score': 0.9958, 'start': 1278, 'end': 1290}, {'text': 'a high enema', 'label': 'problem', 'score': 0.9977, 'start': 1342, 'end': 1354}, {'text': 'soft rubber tube', 'label': 'treatment', 'score': 0.9804, 'start': 1453, 'end': 1469}, {'text': 'warm suds', 'label': 'problem', 'score': 0.921, 'start': 1559, 'end': 1568}, {'text': 'warm oil', 'label': 'treatment', 'score': 0.9002, 'start': 1584, 'end': 1592}, {'text': 'temperature', 'label': 'problem', 'score': 0.3803, 'start': 1629, 'end': 1640}, {'text': 'leucocytoeis', 'label': 'problem', 'score': 0.9138, 'start': 1692, 'end': 1704}, {'text': 'spreading peritonitis', 'label': 'problem', 'score': 0.9973, 'start': 1720, 'end': 1741}, {'text': 'active abecess', 'label': 'problem', 'score': 0.998, 'start': 1748, 'end': 1762}, {'text': 'the sputa', 'label': 'problem', 'score': 0.9889, 'start': 1833, 'end': 1842}, {'text': 'blood', 'label': 'test', 'score': 0.4683, 'start': 1844, 'end': 1849}, {'text': 'dia', 'label': 'problem', 'score': 0.6039, 'start': 1886, 'end': 1889}, {'text': 'treatment', 'label': 'treatment', 'score': 0.5474, 'start': 1907, 'end': 1916}, {'text': 'diagnon', 'label': 'problem', 'score': 0.8743, 'start': 1920, 'end': 1927}, {'text': 'phthisis', 'label': 'problem', 'score': 0.8949, 'start': 1930, 'end': 1938}, {'text': 'the sputum examination', 'label': 'test', 'score': 0.9971, 'start': 1953, 'end': 1975}, {'text': 'duess', 'label': 'problem', 'score': 0.7105, 'start': 1977, 'end': 1984}, {'text': 'tender - ness', 'label': 'problem', 'score': 0.7974, 'start': 1986, 'end': 1999}]","[PROBLEM]:a high enema;active abecess;broncho - vesi - cular respiration;chills;constipation;dia;diagnon;diminished breathing throughout the left chest;distended;duess;dul - nees in the left hypochondrium;dulness at the;e age;epigastric  lain;fever;hie chest;large masses of scybalce;leucocytoeis;marked tenderness;muscular spasm;numerous rales;phthisis;spreading peritonitis;stul a tender mass in the left hypochondrium;temperature;tender - ness;the patknt;the sputa;troubled;tympany;warm suds.[TREATMENT]:an operation;opera;operation;soft rubber tube;treatment;warm oil.[TEST]:blood;physical examination;pulse;sputum examination;temperature;the sputum examination;tiot","Phthisis was proved by the sputum examination. Duhiess, tender- ness, 3nd muscular spasm in left hypochondrium unrelieved by high enemata, point to a localized peritonitis. This might be excited by ulcer or cancer of the stomach or colon, or by abscess of the spleen (very rare). The intestinal sjTnptoma are not as marked as they are apt to be when ulcer or cancer of the colon have passed their long period of latency and make themselves felt. The stomach seems likely to be the source of the peritonitis, but further than this we cannot go. Ulcer is more apt to perforate than cancer, but can- cer is commoner at this age. Operation showed a perforation of the anterior wall of the stomach near the cardia, with adhesions to the abdominal wall. No pus or general peritonitis.","[PROBLEM]:3nd muscular spasm in left hypochondrium;a localized peritonitis;a perforation of the anterior wall of the stomach;abscess of the spleen;adhesions to the abdominal wall;cancer;cancer of the colon;cancer of the stomach or colon;general peritonitis;high enemata;phthisis;pus;tender - ness;the intestinal sa;the peritonitis;ulcer.[TREATMENT]:cer;operation.[TEST]:can;the sputum examination"
"31","CASE 31 

Mrs. A., a Jewess of 36, has been suffering for six months with pain 
in her left side. At the beginning of the period a small lump appeared 
in the left breast. It was pronounced cancer by a competent sur- 
geon and immediate removal was advised, but in three da3rs it had com- 
pletely disappeared and has not been seen since. From that time to 
the present she has had pain of gradually increasing severity throughout 
the left side of her body and in the back of the head. When the attacks 
of pain come she feels flushed but looks pale {sometimes with red spots 
on the face), and has ""electric feelings"" in the chest which are some- 
what relieved (as is the pain) by pressure with the hand. 

The pain is most apt to come on at night and sometimes keeps her 
awake or checks speech. There is a constant sense of pressure at the 
root of the nose and a beating in the head. 

Her appetite is poor and there is often ""bloating"" after meals. 
The bowels are costive and she is nervous. 

In the past three months, since a vacation in the country, with a 
good deal of exercise, she has decidedly improved, and now has the pain 
not more than an hour or two a day. The day after a good night sweat 
(which she has occasionally) she feels much better. She thinks she has 
lost about six pounds in weight. 

Physical examination (including blood and urine) is negative. 

IKagnods : The dictum of the competent hut^cod had impressed itself with such 
force upon the mind of this neurotic Jewess that she could not rid herself 
of the idea of cancer, somewhere, internal it not external. The wide area 
over which pain is felt (head, chest, leg), the vaso-motor symptoms and par- 
Eeetbeeiie, the relief by vacation in the country with relativelj' good hygiene, 
and the improvement after sweating, all point to a jear-newomx as the chief 
cause of her symptoms. No doubt the constipation and dyspepsia play a 
considerable part in her sufferings. Of course the negative results of phj^cal 
examination are most important as eonfirroatory evidence of the neurotic 
baas of the symptoms, 

Prognoda; No complete cure is often accomplished in a neurotic Jew, but con- 
udeiable improvement should result from effective reassurance and good 
hygiene. Life and useful activity should not in any case be considerably 
curtailed. 

Treatment: After a thorou|^ examination one should do one's beat effectively 
and convincingly to reassure the patient. This will proiiably take many 
sittings but can probably be accomplished, and is the sine qua non of any 
considerable relief. In this case it gave great relief. The digestive symptoms 
should next receive attention, and taking a hint from the relief in the pre- 
vious summer vacation we should try to secure something tike the same con- 
ditions. Massage, hydrotherapy, and proper exercise, with fresh air, regular 
nutritious meals, and encouragement, will help much. Enemata may be 
needed for the bowels from time to time.","[{'text': 'pain in her left side', 'label': 'problem', 'score': 0.998, 'start': 74, 'end': 96}, {'text': 'a small lump', 'label': 'problem', 'score': 0.9935, 'start': 129, 'end': 141}, {'text': 'pronounced', 'label': 'problem', 'score': 0.5061, 'start': 179, 'end': 189}, {'text': 'cancer', 'label': 'problem', 'score': 0.819, 'start': 190, 'end': 196}, {'text': 'immediate removal', 'label': 'treatment', 'score': 0.9054, 'start': 227, 'end': 244}, {'text': 'pain', 'label': 'problem', 'score': 0.9969, 'start': 382, 'end': 386}, {'text': 'the attacks', 'label': 'problem', 'score': 0.8772, 'start': 492, 'end': 503}, {'text': 'pain', 'label': 'problem', 'score': 0.959, 'start': 508, 'end': 512}, {'text': 'flushed', 'label': 'problem', 'score': 0.9904, 'start': 528, 'end': 535}, {'text': 'pale', 'label': 'problem', 'score': 0.8417, 'start': 546, 'end': 550}, {'text': 'red spots on the face', 'label': 'problem', 'score': 0.9051, 'start': 567, 'end': 589}, {'text': 'electric feelings', 'label': 'problem', 'score': 0.979, 'start': 601, 'end': 618}, {'text': 'in the chest', 'label': 'problem', 'score': 0.8907, 'start': 620, 'end': 632}, {'text': 'the pain', 'label': 'problem', 'score': 0.9712, 'start': 671, 'end': 679}, {'text': 'pressure', 'label': 'test', 'score': 0.6857, 'start': 684, 'end': 692}, {'text': 'the', 'label': 'treatment', 'score': 0.3064, 'start': 698, 'end': 701}, {'text': 'the pain', 'label': 'problem', 'score': 0.9941, 'start': 710, 'end': 718}, {'text': 'pressure at the root of the nose', 'label': 'problem', 'score': 0.9521, 'start': 829, 'end': 862}, {'text': 'a beating in the head', 'label': 'problem', 'score': 0.9576, 'start': 867, 'end': 888}, {'text': 'poor', 'label': 'problem', 'score': 0.5797, 'start': 908, 'end': 912}, {'text': 'bloating', 'label': 'problem', 'score': 0.8238, 'start': 933, 'end': 941}, {'text': 'cost', 'label': 'problem', 'score': 0.739, 'start': 972, 'end': 976}, {'text': 'nervous', 'label': 'problem', 'score': 0.9868, 'start': 991, 'end': 998}, {'text': 'the pain', 'label': 'problem', 'score': 0.9967, 'start': 1132, 'end': 1140}, {'text': 'physical examination', 'label': 'test', 'score': 0.996, 'start': 1319, 'end': 1339}, {'text': 'blood and urine', 'label': 'test', 'score': 0.9338, 'start': 1351, 'end': 1366}, {'text': 'ik', 'label': 'treatment', 'score': 0.3986, 'start': 1383, 'end': 1385}, {'text': 'cancer', 'label': 'problem', 'score': 0.9955, 'start': 1553, 'end': 1559}, {'text': 'pain', 'label': 'problem', 'score': 0.9942, 'start': 1624, 'end': 1628}, {'text': 'the vaso - motor symptoms', 'label': 'problem', 'score': 0.986, 'start': 1657, 'end': 1680}, {'text': 'sweating', 'label': 'problem', 'score': 0.6215, 'start': 1799, 'end': 1807}, {'text': 'a jear', 'label': 'problem', 'score': 0.7136, 'start': 1822, 'end': 1828}, {'text': 'newomx', 'label': 'problem', 'score': 0.7146, 'start': 1829, 'end': 1835}, {'text': 'her symptoms', 'label': 'problem', 'score': 0.9949, 'start': 1859, 'end': 1871}, {'text': 'the constipation', 'label': 'problem', 'score': 0.9884, 'start': 1882, 'end': 1898}, {'text': 'dyspepsia', 'label': 'problem', 'score': 0.9225, 'start': 1903, 'end': 1912}, {'text': 'her suffering', 'label': 'problem', 'score': 0.9263, 'start': 1942, 'end': 1955}, {'text': 'phj ^ cal examination', 'label': 'test', 'score': 0.9508, 'start': 1992, 'end': 2012}, {'text': 'the neurotic baas', 'label': 'problem', 'score': 0.7024, 'start': 2061, 'end': 2079}, {'text': 'the symptoms', 'label': 'problem', 'score': 0.9959, 'start': 2083, 'end': 2095}, {'text': 'effective reassurance', 'label': 'treatment', 'score': 0.7961, 'start': 2217, 'end': 2238}]","[PROBLEM]:a beating in the head;a jear;a small lump;bloating;cancer;cost;dyspepsia;electric feelings;flushed;her suffering;her symptoms;in the chest;nervous;newomx;pain;pain in her left side;pale;poor;pressure at the root of the nose;pronounced;red spots on the face;sweating;the attacks;the constipation;the neurotic baas;the pain;the symptoms;the vaso - motor symptoms.[TREATMENT]:effective reassurance;ik;immediate removal;the.[TEST]:blood and urine;phj ^ cal examination;physical examination;pressure","The dictum of the competent hut^cod had impressed itself with such force upon the mind of this neurotic Jewess that she could not rid herself of the idea of cancer, somewhere, internal it not external. The wide area over which pain is felt (head, chest, leg), the vaso-motor symptoms and par- Eeetbeeiie, the relief by vacation in the country with relativelj' good hygiene, and the improvement after sweating, all point to a jear-newomx as the chief cause of her symptoms. No doubt the constipation and dyspepsia play a considerable part in her sufferings. Of course the negative results of phj^cal examination are most important as eonfirroatory evidence of the neurotic baas of the symptoms,","[PROBLEM]:cancer;dyspepsia;her suffering;her symptoms;pain;par;sweating;the constipation;the neurotic baas;the symptoms;the vaso - motor symptoms.[TEST]:phj ^ cal examinationon"
"32","CASE 32 

A manufacturer, 35 years old, is seen May 28. His father and 
siater died of phthisis, otherwise the family history is negative. While 
never strong he has been able successfully to attend to a lai^e and 
exacting businesa. Three years ago he suffered from sestivo-autumnal 
malaria. Since then he has been treated several times tor malaria. 
Last December he began to feel run down, but kept at work until the 
latter part of March, when he went South to recuperate and remained 
there two weeks. His appetite and strength improved, but on bis 
return, April 8, after an elaborate dinner, he complained of nausea 
and flatulency and felt feverish. He went to bed where he has since 
remained. He has vomited occasionally, and has had a half dozen 
loose movements a day, nearly black in color, probably the result of 
bismuth which he has taken frequently. During the last three days he 
has noticed a slight dry cough. The temperature chart shows a wave- 
like curve. Every nine or ten days the morning temperature is normal, 
where it remains for from one to four days. It then gradually rises 
for four or five days to 102° or 103°, and as gradually falls. The 
evening record follows the morning curve closely, but has rarely gone 
below 100°, The temperature is always higher at night, and often 
during the periods of morning apyrexia rises as high as 103°. He has 
lost greatly in strength and flesh. 

Physical examination shows a man much emaciated and weak, 
Sensorium free. Both cheeks are slightly flushed. There is dulness 
over the left front down to the third rib and in the left supra-spinous 
region, with broncho-vesicular respiration, increased voice sounds, and 
numerous high-pitched, moist rales at the end of inspiration. The 
heart sounds are normal. The hard smooth edge of the spleen is felt 
two inches below the ribs. Liver is normal. Abdtmien is distended, 
tympanitic, somewhat tender everywhere, but especially in right 
ihac fossa. Pulse 112, weak and thready. Respiration 24. Leuco- 
cytes 12,000. Widal is positive in dilution 1-60, but not higher. 
Blood culture shows no growth. Examination of the stools showed 
bacillus of tuberculosis, B, typhosus, B. colicommunis, streptococcus 
pyogenes, staphylococcus pyogenes albus. Urine 1018, acid, slight 
trace of albumen, a few hyaline and fine granular casts, amount 60 oz. 

1. How can the lung signs be explained in view of tlie fact that there has been 

but three days' cough aDd no sputa? Acute phthisis may produce no cou^ 
or sputa; the same is true of pneumonia, but the picture is more lilce phthieis. 

2. Would further testa help the diagnosis? No; the data given are sufficient. 

3. How do you interpret the Widal reaction in this case? As evidence of typhoid. 

4. Diagnosis? Prognosis? Treatment? 

Diagnosis: Tuberculosis and typhoid are proved by the data in the stools. 
Prognosis; Hopeless. Treatment; Sj'mptomatic.","[{'text': 'phthisis', 'label': 'problem', 'score': 0.8967, 'start': 87, 'end': 95}, {'text': 'lai', 'label': 'treatment', 'score': 0.4671, 'start': 204, 'end': 207}, {'text': 'businesa', 'label': 'treatment', 'score': 0.4976, 'start': 224, 'end': 232}, {'text': 'sestivo - autumnal malaria', 'label': 'problem', 'score': 0.9921, 'start': 267, 'end': 292}, {'text': 'malaria', 'label': 'problem', 'score': 0.9921, 'start': 343, 'end': 350}, {'text': 'run down', 'label': 'problem', 'score': 0.9957, 'start': 384, 'end': 392}, {'text': 'nausea', 'label': 'problem', 'score': 0.9976, 'start': 617, 'end': 623}, {'text': 'flatulency', 'label': 'problem', 'score': 0.9792, 'start': 629, 'end': 639}, {'text': 'feverish', 'label': 'problem', 'score': 0.8455, 'start': 649, 'end': 657}, {'text': 'loose movements', 'label': 'problem', 'score': 0.7609, 'start': 759, 'end': 774}, {'text': 'black in color', 'label': 'problem', 'score': 0.7788, 'start': 789, 'end': 803}, {'text': 'bismuth', 'label': 'problem', 'score': 0.4611, 'start': 829, 'end': 836}, {'text': 'a slight dry cough', 'label': 'problem', 'score': 0.997, 'start': 911, 'end': 929}, {'text': 'the temperature chart', 'label': 'test', 'score': 0.9328, 'start': 931, 'end': 952}, {'text': 'a wave - like curve', 'label': 'problem', 'score': 0.9191, 'start': 959, 'end': 978}, {'text': 'morning apyrexia', 'label': 'problem', 'score': 0.9944, 'start': 1335, 'end': 1351}, {'text': 'in strength and flesh', 'label': 'problem', 'score': 0.8506, 'start': 1396, 'end': 1417}, {'text': 'physical examination', 'label': 'test', 'score': 0.9953, 'start': 1421, 'end': 1441}, {'text': 'much emaciated and weak', 'label': 'problem', 'score': 0.831, 'start': 1454, 'end': 1477}, {'text': 'sensorium free', 'label': 'problem', 'score': 0.8144, 'start': 1480, 'end': 1494}, {'text': 'cheeks', 'label': 'problem', 'score': 0.6506, 'start': 1501, 'end': 1507}, {'text': 'slightly flushed', 'label': 'problem', 'score': 0.9973, 'start': 1512, 'end': 1528}, {'text': 'dulness over the', 'label': 'problem', 'score': 0.8901, 'start': 1539, 'end': 1556}, {'text': 'spin', 'label': 'problem', 'score': 0.6791, 'start': 1612, 'end': 1616}, {'text': 'broncho - vesicular respiration', 'label': 'problem', 'score': 0.9901, 'start': 1634, 'end': 1663}, {'text': 'increased voice sounds', 'label': 'problem', 'score': 0.9982, 'start': 1665, 'end': 1687}, {'text': 'numerous high - pitched moist rales', 'label': 'problem', 'score': 0.989, 'start': 1694, 'end': 1728}, {'text': 'distended', 'label': 'problem', 'score': 0.9417, 'start': 1886, 'end': 1895}, {'text': 'tympanitic', 'label': 'problem', 'score': 0.9438, 'start': 1898, 'end': 1908}, {'text': 'somewhat tender', 'label': 'problem', 'score': 0.986, 'start': 1910, 'end': 1925}, {'text': 'pulse', 'label': 'test', 'score': 0.9705, 'start': 1975, 'end': 1980}, {'text': 'weak and thready', 'label': 'problem', 'score': 0.9192, 'start': 1986, 'end': 2002}, {'text': 'respiration', 'label': 'test', 'score': 0.9747, 'start': 2004, 'end': 2015}, {'text': 'leuco', 'label': 'problem', 'score': 0.7195, 'start': 2020, 'end': 2025}, {'text': 'cytes', 'label': 'test', 'score': 0.9417, 'start': 2028, 'end': 2033}, {'text': 'positive', 'label': 'problem', 'score': 0.8588, 'start': 2051, 'end': 2059}, {'text': 'dilution', 'label': 'problem', 'score': 0.7476, 'start': 2063, 'end': 2071}, {'text': 'blood culture', 'label': 'test', 'score': 0.9977, 'start': 2095, 'end': 2108}, {'text': 'growth', 'label': 'problem', 'score': 0.8649, 'start': 2118, 'end': 2124}, {'text': 'examination of the stools', 'label': 'test', 'score': 0.9768, 'start': 2126, 'end': 2151}, {'text': 'bacillus of', 'label': 'problem', 'score': 0.8907, 'start': 2160, 'end': 2171}, {'text': 'tuberculosis', 'label': 'problem', 'score': 0.6885, 'start': 2172, 'end': 2184}, {'text': 'typhosus', 'label': 'problem', 'score': 0.8709, 'start': 2189, 'end': 2197}, {'text': 'b colicommunis', 'label': 'problem', 'score': 0.9842, 'start': 2199, 'end': 2214}, {'text': 'streptoco', 'label': 'problem', 'score': 0.9548, 'start': 2216, 'end': 2225}]","[PROBLEM]:a slight dry cough;a wave - like curve;b colicommunis;bacillus of;bismuth;black in color;broncho - vesicular respiration;cheeks;dilution;distended;dulness over the;feverish;flatulency;growth;in strength and flesh;increased voice sounds;leuco;loose movements;malaria;morning apyrexia;much emaciated and weak;nausea;numerous high - pitched moist rales;phthisis;positive;run down;sensorium free;sestivo - autumnal malaria;slightly flushed;somewhat tender;spin;streptoco;tuberculosis;tympanitic;typhosus;weak and thready.[TREATMENT]:businesa;lai.[TEST]:blood culture;cytes;examination of the stools;physical examination;pulse;respiration;the temperature chart","Tuberculosis and typhoid are proved by the data in the stools. Prognosis; Hopeless. Treatment; Sj'mptomatic.","[PROBLEM]:tuberculosis;typhoid.[TREATMENT]:sj  mptomatic;treatment.[TEST]:the data in the stools"
"33","CASE 33 

A married lady of 57, with a grown family of healthy children, began 
about three years ago to suffer from general headaches, during which 
she could understand and answer questions, though memory of what 
was asked and replied was lost. These headaches recurred irregularly, 
each attack lasting twenty-four hours or more. Two years ago her 
physician suspected myxcedema, and great improvement in all respects 
followed the taking of thyroid. The dosage was diminished and for 
some months back she has taken only two or three grains a day. 

About one month ago headache, more constant and less severe than 
formerly, came on, and she failed in general health and strength without 
any definite symptoms other than the headache. Six days ago she 
began to get stupid and within twenty-four hours was in deep coma, 
in which she still remains. There is incontinence of urine. The bowels 
have not moved for several days. Two days ago the pulse, respiration, 
and temperature were all normal at 6 a.m. Between that hour and 
9 A.M. the pulse rose to 110, respiration to 30, and temperature to 
103°, remaining elevated ever since. Soon after the advent of coma the 
thyroid extract was increased to 15 grains three times a day. Until 
within twenty-four hours she has taken food fairly well. Pulse 130, 
regular, respiration 36, temperature 102.8°. Lies on back with flaccid, 
non-«ensitive limbs; sides of face equal; pupils equal, moderately con- 
tracted, responding slightly to strong light stimulus; all other reflexes 
absent, except the plantar. The eye fundus is negative. Visceral 
examination is negative, except for dulness, bronchial respiration, and 
fine rales over the right lower back. The leucocytes are 23,000 per 



1. What is the condition of the right lung? Pneumonia, probably of the hypo- 

stfttic type. 

2. If BabiuBki's reaction were present on one side, would your diagnosis be modi- 

fied? (See question 4.) 

3. Significance of the mode of onset in this case? A gradual onset of coma is 

against cerebral bemorrfiage or embolism. 

4. What can be inferred from the absence of focal c^mptoms? That there are 

probably no lesions in the motor areas. The whole brain is probably affected 
to some extent. 

5. IKagnoMs? Prognosis? Treatment? 

Diagnosis: Cerebral tumor or abscess is possible, but the absence of focal symp- 
toms, and especially of choked disk, are agamst these diagnoass. Unemia 
could explain all the symptoms, but the urine showed no characteristic 
changes.* The thyroid treatment could not by itself produce such symptoms. 
The fever and leucocytosis make it needful to consider meningitis, but the 

he case Biven by Ihe altendipc pfaysidan^, hence ii 
1b omined in ih ^ ' 
gradual onset and the abaenee of choked disk and of cnnial nerve symptoine 
are against it. Kemig'a sign is apparent^ absent (flaccid limbs); in meningitiB 
it is usually present. Cerebral arterio-acleroeiH, with or witliout syphilis and 
with or without definite foci of softening, seemed on the whole most likely. 

Autopsy showed a ""worm-eaten"" and greatly thickened cranium, with two 
foci of softening, narrowed cerebral arteries and amyloid spleen and kidneya. 
Hypostatic pneumonia on the right. 

Prognosis; Casee presenting similar symptoms have recovered under vigorous 
antisypbilitic treatment (subcutaneously). 

Treatment; Iodine and mercury subcutaneously should be tried, though the 
mercury is unlikely to have any effect.","[{'text': 'general headaches', 'label': 'problem', 'score': 0.9959, 'start': 117, 'end': 134}, {'text': 'these headaches', 'label': 'problem', 'score': 0.9763, 'start': 248, 'end': 263}, {'text': 'attack', 'label': 'problem', 'score': 0.6929, 'start': 292, 'end': 298}, {'text': 'myxcedema', 'label': 'problem', 'score': 0.984, 'start': 373, 'end': 382}, {'text': 'thyroid', 'label': 'treatment', 'score': 0.9569, 'start': 446, 'end': 453}, {'text': 'headache', 'label': 'problem', 'score': 0.9976, 'start': 575, 'end': 583}, {'text': 'definite symptoms', 'label': 'problem', 'score': 0.691, 'start': 699, 'end': 716}, {'text': 'the headache', 'label': 'problem', 'score': 0.9881, 'start': 728, 'end': 740}, {'text': 'stupid', 'label': 'problem', 'score': 0.9165, 'start': 773, 'end': 779}, {'text': 'deep coma', 'label': 'problem', 'score': 0.9069, 'start': 816, 'end': 825}, {'text': 'incontinence of urine', 'label': 'problem', 'score': 0.9542, 'start': 865, 'end': 886}, {'text': 'the pulse', 'label': 'test', 'score': 0.9525, 'start': 946, 'end': 955}, {'text': 'respiration', 'label': 'test', 'score': 0.8503, 'start': 957, 'end': 968}, {'text': 'temperature', 'label': 'test', 'score': 0.6872, 'start': 975, 'end': 986}, {'text': 'the pulse', 'label': 'test', 'score': 0.9855, 'start': 1043, 'end': 1052}, {'text': 'respiration', 'label': 'test', 'score': 0.9929, 'start': 1066, 'end': 1077}, {'text': 'temperature', 'label': 'test', 'score': 0.995, 'start': 1089, 'end': 1100}, {'text': 'elevated', 'label': 'problem', 'score': 0.5575, 'start': 1121, 'end': 1129}, {'text': 'coma', 'label': 'problem', 'score': 0.9853, 'start': 1167, 'end': 1171}, {'text': 'the thyroid extract', 'label': 'treatment', 'score': 0.9946, 'start': 1172, 'end': 1192}, {'text': 'pulse', 'label': 'test', 'score': 0.9638, 'start': 1303, 'end': 1308}, {'text': 'respiration', 'label': 'test', 'score': 0.8162, 'start': 1324, 'end': 1335}, {'text': 'temperature', 'label': 'test', 'score': 0.993, 'start': 1340, 'end': 1351}, {'text': 'flaccid', 'label': 'problem', 'score': 0.8542, 'start': 1378, 'end': 1386}, {'text': 'non - « ensitive limbs', 'label': 'problem', 'score': 0.8535, 'start': 1388, 'end': 1407}, {'text': 'moderately con - tracted', 'label': 'problem', 'score': 0.895, 'start': 1444, 'end': 1468}, {'text': 'strong light stimulus', 'label': 'test', 'score': 0.4947, 'start': 1493, 'end': 1514}, {'text': 'all other', 'label': 'problem', 'score': 0.6925, 'start': 1516, 'end': 1525}, {'text': 'reflexes', 'label': 'problem', 'score': 0.7442, 'start': 1526, 'end': 1534}, {'text': 'eye fundus', 'label': 'test', 'score': 0.6679, 'start': 1568, 'end': 1578}, {'text': 'visceral examination', 'label': 'test', 'score': 0.9949, 'start': 1592, 'end': 1613}, {'text': 'dulness', 'label': 'problem', 'score': 0.9794, 'start': 1638, 'end': 1645}, {'text': 'bronchial respiration', 'label': 'problem', 'score': 0.9408, 'start': 1647, 'end': 1668}, {'text': 'fine rales over the', 'label': 'problem', 'score': 0.8483, 'start': 1675, 'end': 1694}, {'text': 'the leucocytes', 'label': 'test', 'score': 0.9783, 'start': 1713, 'end': 1727}, {'text': 'the right lung', 'label': 'problem', 'score': 0.9479, 'start': 1775, 'end': 1789}, {'text': 'pneumonia', 'label': 'problem', 'score': 0.9976, 'start': 1791, 'end': 1800}, {'text': 'the hypo - stfttic type', 'label': 'problem', 'score': 0.9651, 'start': 1814, 'end': 1838}, {'text': 'babiki  s reaction', 'label': 'problem', 'score': 0.9067, 'start': 1848, 'end': 1867}, {'text': 'modi - fied', 'label': 'problem', 'score': 0.8575, 'start': 1918, 'end': 1930}, {'text': 'a gradual onset', 'label': 'problem', 'score': 0.6872, 'start': 2003, 'end': 2018}, {'text': 'coma', 'label': 'problem', 'score': 0.802, 'start': 2022, 'end': 2026}, {'text': 'cerebral bemorrfiage', 'label': 'problem', 'score': 0.9396, 'start': 2040, 'end': 2060}, {'text': 'embolism', 'label': 'problem', 'score': 0.9752, 'start': 2064, 'end': 2072}, {'text': 'focal c', 'label': 'problem', 'score': 0.9156, 'start': 2120, 'end': 2127}, {'text': '^ mptoms', 'label': 'problem', 'score': 0.8714, 'start': 2127, 'end': 2134}, {'text': 'lesions in the motor areas', 'label': 'problem', 'score': 0.9977, 'start': 2165, 'end': 2191}, {'text': 'affected', 'label': 'problem', 'score': 0.6761, 'start': 2221, 'end': 2229}]","[PROBLEM]:^ mptoms;a gradual onset;affected;all other;attack;babiki  s reaction;bronchial respiration;cerebral bemorrfiage;coma;deep coma;definite symptoms;dulness;elevated;embolism;fine rales over the;flaccid;focal c;general headaches;headache;incontinence of urine;lesions in the motor areas;moderately con - tracted;modi - fied;myxcedema;non - « ensitive limbs;pneumonia;reflexes;stupid;the headache;the hypo - stfttic type;the right lung;these headaches.[TREATMENT]:the thyroid extract;thyroid.[TEST]:eye fundus;pulse;respiration;strong light stimulus;temperature;the leucocytes;the pulse;visceral examination","Cerebral tumor or abscess is possible, but the absence of focal symp- toms, and especially of choked disk, are agamst these diagnoass. Unemia could explain all the symptoms, but the urine showed no characteristic changes.* The thyroid treatment could not by itself produce such symptoms. The fever and leucocytosis make it needful to consider meningitis, but the","[PROBLEM]:abscess;cerebral tumor;characteristic changes;choked disk;focal symp - toms;leucocytosis;meningitis;such symptoms;the fever;the symptoms;unemia.[TREATMENT]:the thyroid treatment.[TEST]:the urine"
"34","CASE 34 

The patient is a married woman, age 34, large and fat ia person. 
She has had two children and three miscarriages, the last six weeks 
ago. Otherwise she says her health has always been good, until within 
three or four months; has been in the habit of drinking beer freely, but 
has not been intemperate. For two weeks there has been pronounced 
jaundice, anorexia and bilious vomiting soon after eating; dizziness, 
flatulence, occasional diarrhcea with pain at epigastrium; slight cedema 
of feet and ankles. These symptoms have been increasing. There has 
been no headache and no hemorrhages or chills. 

The tongue was clean, the pulse 80, temperature 97.8°. The heart 
and lungs were normal. The liver was much enlarged and smooth. The 
spleen was felt below the ribs. There was no ascites. The urine had 
a sp, gr. of 1017, was of a deep yellow color, and contained a trace of 
albumen and much bile; sediment normal. The blood was negative. 

1. What forms of jaundice need not be considered in this ca«e? The toxtemic 

forma can be excluded. This leaves cancer (probably of the pancreas), catar- 
rhal jaundice, syphilis, cirrhoaia. 

2. What can we infer from the smoothness of the liver surface? That cancer of 

the liver is very unlilcely to be present. Cirrhotic elevations and depressiona 
are not often palpable through the belly wall. Syphilis often causes great 
defonnitiee of the liver. 

3. In what types of hepatic enlai^ement is pain a prominent symptom? Chiefly 

in paaaive congestion and in cancer. (Gall-stones may produce much pain, 
but do not often produce demonstrable hepatic enlargement.) In abscess . 
there is no pain until the pus has burrowed up close to the surface bo aa to 
stretch the capsule where lie practically all the nerves of the liver. Cirrhoma 
is larely painful, syphilis often painless. 

4. What are the signiScant points in the past history? The miscarriage (which 

suggests syphilis), the alcoholism (which suggests cirrhosis), the build (which 
suggests gaU^tones). 

5. Diagnosis? Prognosis? Treatment? 

Diagnosis: Gall-stone in the common duct is possible but unlikely, owing to 
the presence of splenic tumor, the laclc of any intermission in the symptoms 
and the absence of pain, fever, or chills. Catarrhal jaundice cannot be ex- 
cluded, though it rarely leads to much enlargement of the Uver or spleen. 
The points against cancer are the absence of pain, cachexia, or irregularities 
on the hver surface. Syphilis might produce all these symptoms and can 
be positively excluded only by the therapeutic test. Cirrhosis, or the com- 
bination of cirrhosis and fatty infiltration, is the moat likely diagnoaia. This 
accounts better than any other hypothesis for the splenic enki^ement, the 
large, smooth hver and the jaundice. The gastric symptoms would then 
result from passive congestion of the stomach. The course of the case con- 
firmed the diagnosis of cirrhosis. 

Prognosis ; One or two years of lite. 

Treatment: KI until it b shown to be useless, tapping if ascites appears, pos- 
sibly Talma's operation.","[{'text': 'pronounced jaundice', 'label': 'problem', 'score': 0.9922, 'start': 345, 'end': 365}, {'text': 'anorexia', 'label': 'problem', 'score': 0.9782, 'start': 367, 'end': 375}, {'text': 'bilious vomiting', 'label': 'problem', 'score': 0.9828, 'start': 380, 'end': 396}, {'text': 'dizziness', 'label': 'problem', 'score': 0.9983, 'start': 416, 'end': 425}, {'text': 'flatulence', 'label': 'problem', 'score': 0.9971, 'start': 428, 'end': 438}, {'text': 'occasional', 'label': 'problem', 'score': 0.8002, 'start': 440, 'end': 450}, {'text': 'diarrhcea', 'label': 'problem', 'score': 0.8662, 'start': 451, 'end': 460}, {'text': 'pain at epigastrium', 'label': 'problem', 'score': 0.9956, 'start': 466, 'end': 485}, {'text': 'slight cedema of feet and ankles', 'label': 'problem', 'score': 0.9974, 'start': 487, 'end': 520}, {'text': 'these symptoms', 'label': 'problem', 'score': 0.9942, 'start': 522, 'end': 536}, {'text': 'headache', 'label': 'problem', 'score': 0.9965, 'start': 578, 'end': 586}, {'text': 'hemorrhages', 'label': 'problem', 'score': 0.942, 'start': 594, 'end': 605}, {'text': 'chills', 'label': 'problem', 'score': 0.8227, 'start': 609, 'end': 615}, {'text': 'the pulse', 'label': 'test', 'score': 0.8767, 'start': 641, 'end': 650}, {'text': 'temperature', 'label': 'test', 'score': 0.9883, 'start': 655, 'end': 666}, {'text': 'ascites', 'label': 'problem', 'score': 0.8581, 'start': 798, 'end': 805}, {'text': 'the urine', 'label': 'test', 'score': 0.7786, 'start': 807, 'end': 816}, {'text': 'a sp', 'label': 'problem', 'score': 0.5846, 'start': 822, 'end': 826}, {'text': 'a deep yellow color', 'label': 'problem', 'score': 0.8894, 'start': 848, 'end': 867}, {'text': 'albumen', 'label': 'problem', 'score': 0.8668, 'start': 895, 'end': 902}, {'text': 'much bile', 'label': 'problem', 'score': 0.8279, 'start': 907, 'end': 916}, {'text': 'the blood', 'label': 'test', 'score': 0.932, 'start': 935, 'end': 944}, {'text': 'jaundice', 'label': 'problem', 'score': 0.9772, 'start': 978, 'end': 986}, {'text': 'the toemic form', 'label': 'problem', 'score': 0.7256, 'start': 1024, 'end': 1043}, {'text': 'cancer', 'label': 'problem', 'score': 0.9981, 'start': 1074, 'end': 1080}, {'text': 'of the pancreas', 'label': 'problem', 'score': 0.9256, 'start': 1091, 'end': 1106}, {'text': 'catar - rhal jaundice', 'label': 'problem', 'score': 0.9967, 'start': 1109, 'end': 1130}, {'text': 'syphilis', 'label': 'problem', 'score': 0.9755, 'start': 1132, 'end': 1140}, {'text': 'cirrhoaia', 'label': 'problem', 'score': 0.8407, 'start': 1142, 'end': 1151}, {'text': 'cancer of the liver', 'label': 'problem', 'score': 0.9987, 'start': 1223, 'end': 1244}, {'text': 'unlilce', 'label': 'problem', 'score': 0.8563, 'start': 1253, 'end': 1260}, {'text': 'cirrhotic elevations', 'label': 'problem', 'score': 0.9778, 'start': 1278, 'end': 1298}, {'text': 'depressiona', 'label': 'problem', 'score': 0.9904, 'start': 1303, 'end': 1314}, {'text': 'syphilis', 'label': 'problem', 'score': 0.9309, 'start': 1363, 'end': 1371}, {'text': 'great defonnitiee of the liver', 'label': 'problem', 'score': 0.9835, 'start': 1385, 'end': 1416}, {'text': 'hepatic enlai', 'label': 'problem', 'score': 0.9006, 'start': 1440, 'end': 1453}, {'text': 'ement', 'label': 'problem', 'score': 0.7382, 'start': 1454, 'end': 1459}, {'text': 'pain', 'label': 'problem', 'score': 0.9973, 'start': 1463, 'end': 1467}, {'text': 'syom', 'label': 'problem', 'score': 0.6123, 'start': 1480, 'end': 1487}, {'text': 'paive congestion', 'label': 'problem', 'score': 0.8787, 'start': 1502, 'end': 1520}, {'text': 'cancer', 'label': 'problem', 'score': 0.9941, 'start': 1528, 'end': 1534}, {'text': 'gall', 'label': 'problem', 'score': 0.8346, 'start': 1537, 'end': 1541}, {'text': 'stones', 'label': 'problem', 'score': 0.994, 'start': 1542, 'end': 1548}, {'text': 'much pain', 'label': 'problem', 'score': 0.9579, 'start': 1561, 'end': 1570}, {'text': 'demonstrable hepatic enlargement', 'label': 'problem', 'score': 0.9241, 'start': 1598, 'end': 1630}, {'text': 'abscess', 'label': 'problem', 'score': 0.9887, 'start': 1636, 'end': 1643}, {'text': 'pain', 'label': 'problem', 'score': 0.995, 'start': 1659, 'end': 1663}, {'text': 'the pus', 'label': 'problem', 'score': 0.9791, 'start': 1670, 'end': 1677}, {'text': 'ci', 'label': 'problem', 'score': 0.6112, 'start': 1796, 'end': 1798}, {'text': 'lay painful', 'label': 'problem', 'score': 0.9067, 'start': 1809, 'end': 1823}, {'text': 'syphilis', 'label': 'problem', 'score': 0.8688, 'start': 1825, 'end': 1833}, {'text': 'pain', 'label': 'problem', 'score': 0.6935, 'start': 1840, 'end': 1844}, {'text': 'the miscarriage', 'label': 'problem', 'score': 0.9701, 'start': 1907, 'end': 1922}, {'text': 'syphilis', 'label': 'problem', 'score': 0.9618, 'start': 1941, 'end': 1949}, {'text': 'the alcoholism', 'label': 'problem', 'score': 0.7483, 'start': 1952, 'end': 1966}, {'text': 'cirrhosis', 'label': 'problem', 'score': 0.7617, 'start': 1983, 'end': 1992}, {'text': 'tones', 'label': 'test', 'score': 0.4235, 'start': 2026, 'end': 2031}]","[PROBLEM]:a deep yellow color;a sp;abscess;albumen;anorexia;ascites;bilious vomiting;cancer;cancer of the liver;catar - rhal jaundice;chills;ci;cirrhoaia;cirrhosis;cirrhotic elevations;demonstrable hepatic enlargement;depressiona;diarrhcea;dizziness;ement;flatulence;gall;great defonnitiee of the liver;headache;hemorrhages;hepatic enlai;jaundice;lay painful;much bile;much pain;occasional;of the pancreas;pain;pain at epigastrium;paive congestion;pronounced jaundice;slight cedema of feet and ankles;stones;syom;syphilis;the alcoholism;the miscarriage;the pus;the toemic form;these symptoms;unlilce.[TEST]:temperature;the blood;the pulse;the urine;tones","Gall-stone in the common duct is possible but unlikely, owing to the presence of splenic tumor, the laclc of any intermission in the symptoms and the absence of pain, fever, or chills. Catarrhal jaundice cannot be ex- cluded, though it rarely leads to much enlargement of the Uver or spleen. The points against cancer are the absence of pain, cachexia, or irregularities on the hver surface. Syphilis might produce all these symptoms and can be positively excluded only by the therapeutic test. Cirrhosis, or the com- bination of cirrhosis and fatty infiltration, is the moat likely diagnoaia. This accounts better than any other hypothesis for the splenic enki^ement, the large, smooth hver and the jaundice. The gastric symptoms would then result from passive congestion of the stomach. The course of the case con- firmed the diagnosis of cirrhosis.","[PROBLEM]:cachexia;cancer;catarrhal jaundice;chills;cirrhosis;duct;fatty infiltration;fever;irregularities on the hver surface;much enlargement of the uver or spleen;pain;passive congestion of the stomach;splenic tumor;syphilis;the gastric symptoms;the jaundice;the large smooth hver;the splenic enki ^ ement;the symptoms;these symptoms.[TEST]:gall - stone;the therapeutic test"
"35","CASE 35 

Mre. M., 30 years old, is Been in consultatioD October 10, 1905. She 
had her first baby five months ago, and foUowing delivery a severe 
albuminuria Cl-i%) without any urinary abnormality in amount, 
apecifie gravity, or color. The attending physician found very scanty 
hyaline casts otherwise nothing pathol<^ical in the sediment. With 
rest in bed and exclusive milk diet the urine became normal in the 
course of five weeks, but after a return to ordinary diet albumen re- 
appeared and she was again on milk diet for period of seven weeks. In 
neither of these attacks was there any oedema or any unemic mani- 
festation. 

While convalescent from this trouble (but after solid food had 
been begun) the patient began eight days ago to have bleeding 
from the gums, from the rectum and subcutaneously. The spots 
imder the skin were , of various sizes, perhaps twenty in all, and 
occurred mostly on the arms and legs. The bleeding ceased in 
two days; it was not accomjranied by subjective symptoms of any 
kind, and the patient feels now quite well though rather weak. She 
is still in bed. 

She looks the picture of health. Her color is bright, there is no 
emaciation. There is a loud, harsh, systolic murmur a,udible all over 
the prsecordia, but best heard in the third left interspace near the 
sternum. The pulmonic second sound is slightly louder than the 
aortic. The heart is not enlarged. The other viscera show nothing 
abnormal. The gums are entirely normal, as they have been through- 
out. A few ""black and blue"" spots still remain upon the extremities. 
The urine is 2i pints in twenty-four hours, Sp. gr, 1030, no albumen, 
no sugar. 

Blood: red cells 3,552,000, white cells 8000. Hemoglobin 55%. 
The stained film shows achromia and moderate poikilocytosis, but 
is otherwise normal. The temperature ranges between 97° and 99.4°. 
Twice in the last fortnight it has reached 100°. 

1. Causes of albuminuns? Pasuve congestion of the ludney, infectious fevers, 

the ""initatioa"" of bile or sugar In the urine, nephritis, renal arterio-acleroais, 
hsmaturia and pyuria from any cause, the iatennisture of vaginal discharges. 
In many cases (orthostatic, adolescent) no cause can be found. 

2. Causes of subcutaneous hemorrhage? Traumatiam, infections (such as mwiin- 

gittB, typhus, sepsb, and the exanthemata), toxic, cachectic, acurvj, arthritic 
purpura, unknown causes (""simple"" purpura, purpura hemorrhagica). 

3. Causes of amemia such as is here described? Hemorrhage, malaria, typhoid 

(rarely), malignant disease, dysentery, chronic suppurations, nephritis, cirrho- 
OB, chlorosis, intestinal parasites. 

4. DiagnosisT Progno^T Treatment? 

DiagnoBia: Puerper&l nephritis ajid the long enauing milk diet accounts for the 
ajiffimia. The heart munnur has the characteristics of a ""hiemic"" or ""funo- 
titxul"" affair. The purpura is probably of the ""simple"" type, i^., it is not 
Bevere or dependent on any known cause. The fever is easily accounted for 
by the aniemia and confinement to bed. The harahneae of the cardiac mur- 
mur mi^t suggest fears that septic endocarditis was present and responsible 
for the fever and hemoniiages, but the position of the murmur, the absence 
of chills, leucocytows, or marked pyrexia make this fear groundlees. 

ftognoeis: The patient should be up and about in a day or two, and well within 
a month (as in fact she was). 

Treatm^t: Nutritious food, sun and freah air, iron.","[{'text': 'severe albuminuria', 'label': 'problem', 'score': 0.9973, 'start': 140, 'end': 159}, {'text': 'any urinary abnormality in amount', 'label': 'problem', 'score': 0.9347, 'start': 175, 'end': 208}, {'text': 'apecifie gravity', 'label': 'problem', 'score': 0.7795, 'start': 211, 'end': 227}, {'text': 'very scanty hyaline casts', 'label': 'problem', 'score': 0.9979, 'start': 269, 'end': 295}, {'text': 'pathol', 'label': 'problem', 'score': 0.9496, 'start': 314, 'end': 320}, {'text': 'ical in the sediment', 'label': 'problem', 'score': 0.749, 'start': 322, 'end': 342}, {'text': 'albumen', 'label': 'test', 'score': 0.6028, 'start': 476, 'end': 483}, {'text': 'these attacks', 'label': 'problem', 'score': 0.931, 'start': 571, 'end': 584}, {'text': 'any oedema', 'label': 'problem', 'score': 0.9819, 'start': 595, 'end': 605}, {'text': 'any unemic mani - festation', 'label': 'problem', 'score': 0.9936, 'start': 609, 'end': 636}, {'text': 'this trouble', 'label': 'problem', 'score': 0.9957, 'start': 664, 'end': 676}, {'text': 'bleeding from the gums', 'label': 'problem', 'score': 0.9979, 'start': 757, 'end': 780}, {'text': 'the spots', 'label': 'problem', 'score': 0.9488, 'start': 818, 'end': 827}, {'text': 'the bleeding', 'label': 'problem', 'score': 0.9974, 'start': 935, 'end': 947}, {'text': 'subjective symptoms', 'label': 'problem', 'score': 0.9974, 'start': 996, 'end': 1015}, {'text': 'kind', 'label': 'problem', 'score': 0.7898, 'start': 1024, 'end': 1028}, {'text': 'weak', 'label': 'problem', 'score': 0.5364, 'start': 1081, 'end': 1085}, {'text': 'emaciation', 'label': 'problem', 'score': 0.8842, 'start': 1178, 'end': 1188}, {'text': 'a loud harsh systolic murmur a', 'label': 'problem', 'score': 0.9809, 'start': 1199, 'end': 1231}, {'text': 'pulmonic', 'label': 'problem', 'score': 0.6177, 'start': 1332, 'end': 1340}, {'text': 'enlarged', 'label': 'problem', 'score': 0.7383, 'start': 1408, 'end': 1416}, {'text': 'abnormal', 'label': 'problem', 'score': 0.6887, 'start': 1450, 'end': 1458}, {'text': 'a few  black and blue  spots', 'label': 'problem', 'score': 0.9719, 'start': 1523, 'end': 1551}, {'text': 'the urine', 'label': 'test', 'score': 0.5816, 'start': 1588, 'end': 1597}, {'text': 'albumen', 'label': 'problem', 'score': 0.9556, 'start': 1649, 'end': 1656}, {'text': 'sugar', 'label': 'problem', 'score': 0.9095, 'start': 1662, 'end': 1667}, {'text': 'red cells', 'label': 'test', 'score': 0.9113, 'start': 1678, 'end': 1687}, {'text': 'white cells', 'label': 'test', 'score': 0.9557, 'start': 1699, 'end': 1710}, {'text': 'hemoglobin', 'label': 'test', 'score': 0.7275, 'start': 1717, 'end': 1727}, {'text': 'the stained film', 'label': 'test', 'score': 0.9101, 'start': 1734, 'end': 1750}, {'text': 'achromia', 'label': 'problem', 'score': 0.9624, 'start': 1757, 'end': 1765}, {'text': 'moderate poikilocytosis', 'label': 'problem', 'score': 0.9984, 'start': 1770, 'end': 1793}, {'text': 'the temperature', 'label': 'test', 'score': 0.6676, 'start': 1821, 'end': 1836}, {'text': 'albuminuns', 'label': 'problem', 'score': 0.9932, 'start': 1932, 'end': 1942}, {'text': 'pasuve congestion of the ludney', 'label': 'problem', 'score': 0.9794, 'start': 1944, 'end': 1975}, {'text': 'infectious fevers', 'label': 'problem', 'score': 0.9971, 'start': 1977, 'end': 1994}, {'text': 'bile', 'label': 'problem', 'score': 0.4681, 'start': 2017, 'end': 2021}, {'text': 'sugar in the urine', 'label': 'problem', 'score': 0.7743, 'start': 2025, 'end': 2043}, {'text': 'nephrit', 'label': 'problem', 'score': 0.7192, 'start': 2045, 'end': 2052}]","[PROBLEM]:a few  black and blue  spots;a loud harsh systolic murmur a;abnormal;achromia;albumen;albuminuns;any oedema;any unemic mani - festation;any urinary abnormality in amount;apecifie gravity;bile;bleeding from the gums;emaciation;enlarged;ical in the sediment;infectious fevers;kind;moderate poikilocytosis;nephrit;pasuve congestion of the ludney;pathol;pulmonic;severe albuminuria;subjective symptoms;sugar;sugar in the urine;the bleeding;the spots;these attacks;this trouble;very scanty hyaline casts;weak.[TEST]:albumen;hemoglobin;red cells;the stained film;the temperature;the urine;white cells","Puerper&l nephritis ajid the long enauing milk diet accounts for the ajiffimia. The heart munnur has the characteristics of a ""hiemic"" or ""funo- titxul"" affair. The purpura is probably of the ""simple"" type, i^., it is not Bevere or dependent on any known cause. The fever is easily accounted for by the aniemia and confinement to bed. The harahneae of the cardiac mur- mur mi^t suggest fears that septic endocarditis was present and responsible for the fever and hemoniiages, but the position of the murmur, the absence of chills, leucocytows, or marked pyrexia make this fear groundlees.","[PROBLEM]:a  hiemic  or  funo - tiul;affair;be;chills;hemoniiages;l nephritis;leucocytows;marked pyrexia;septic endocarditis;the;the aniemia;the fever;the murmur;the purpura.[TREATMENT]:long enauing milk diet"
"36","CASE 36 

Dentiat, 42 years old, always well until within four days, when, 
after a hard day's work, was taken with a chill, vomiting, and epigas- 
tric pain. Temperature 102°. Next day, 99.4°, but vomiting con- 
tinued and was so exhausting that a morphia subcut, \ gr. was given. 
Pain not so severe as the night before, but considerable epigastric ten- 
derness. Kept his bed. Temperature 101.4° in afternoon. 

On the third day, the one previous to that on which I saw him, the 
vomiting was less persistent and temperature a little lower, but he felt 
very weak and faint, wanted no light or sound in his room, and desired 
to be left alone and not disturbed. Slight tenderness over the whole 
abdomen now developed, with perhaps a little more on the right iliac 
region. Bowels have been moved freely by cathartics each day. To- 
day, feels as if there was a mass in the rectum. Urine very scanty in 
the last three days. It was examined a week ago and found normal. 
There has been no oedema. Has been working very hard of late. 

E^mination: Tongue clean; temperature 99.2° at 5 p.m. ; pulse 68, 
good strength. The patient is pale, and looks exhausted and in pain. 
Thorax negative. Slight general abdominal tenderness, not localized, 
but slightly greater in the epigastrium. R«ctal examination negative. 

1. What ii the significance of the mass apparently felt in the rectum? Any rectal 

[rritation may give the feeling as if a mass were present. 

2. Why is the urine so scanty? Presumably because of the persistent catharsis, 

3. What further tests should be made? Leucocyte count, urine examination. 

4. Diagnosis? Prognosis? Treatment? 

Diagnosis: Has he or has he not a locahzed peritonitis — perhaps from appen- 
dicitis? In favor of peritonitis is the initial temperature and the suggestion 
of localized tenderness on the third day. Against it are the absence of local- 
ized tenderness or elevated pulse upon the fourth day, the free movements 
of the boweb, the mental condition, and (to some extent) the temperature. 
The presence or absence of leucocytosis would help to decide the question. 
It is conceivable that a nephritis and ursmia may have declared itself wittun 
the week since the urine was last examined. The photophobia suggests 
meningitis or hysteria, but there are no other data confirming these bints. 
Previous to obtaining a leucocyte count and urinary examination acute iadi- 
geetion, aggravated by cathartics and by fear of appendicitis, seemed the most 
probable diagnosis. Leucocytes and urine proved normal and the diagnosis 
just mentioned became still more probable. The course of the case con- 
Prognosis: He should be well and at work within a week. The malady is trifling. 
Treatment; To convince one's self and then the patient that he has no appendi- 
citis or other serious disease, to stop the cathartics and soothe the rectum 
with an enema of thin cooked starch, to get the patient out of bed and gradu- 
ally increase his diet, are the main indications. Nux and gentian will prob- 
ably help him, also advice about hygiene. ","[{'text': 'a chill', 'label': 'problem', 'score': 0.9085, 'start': 116, 'end': 123}, {'text': 'vomiting', 'label': 'problem', 'score': 0.993, 'start': 125, 'end': 133}, {'text': 'epigas - tric pain', 'label': 'problem', 'score': 0.8958, 'start': 139, 'end': 157}, {'text': 'temperature', 'label': 'test', 'score': 0.8106, 'start': 159, 'end': 170}, {'text': 'vomiting', 'label': 'problem', 'score': 0.7243, 'start': 198, 'end': 206}, {'text': 'a morphia', 'label': 'problem', 'score': 0.7169, 'start': 247, 'end': 256}, {'text': 'pain', 'label': 'problem', 'score': 0.9965, 'start': 283, 'end': 287}, {'text': 'considerable epigastric ten - derness', 'label': 'problem', 'score': 0.9966, 'start': 327, 'end': 364}, {'text': 'temperature', 'label': 'test', 'score': 0.5556, 'start': 380, 'end': 391}, {'text': 'the vomiting', 'label': 'problem', 'score': 0.9691, 'start': 478, 'end': 491}, {'text': 'temperature', 'label': 'test', 'score': 0.5695, 'start': 516, 'end': 527}, {'text': 'very weak', 'label': 'problem', 'score': 0.7621, 'start': 557, 'end': 566}, {'text': 'faint', 'label': 'problem', 'score': 0.9474, 'start': 571, 'end': 576}, {'text': 'slight tenderness over the whole abdomen', 'label': 'problem', 'score': 0.9907, 'start': 665, 'end': 706}, {'text': 'il', 'label': 'problem', 'score': 0.8824, 'start': 762, 'end': 764}, {'text': 'cat', 'label': 'treatment', 'score': 0.5313, 'start': 810, 'end': 813}, {'text': 'a mass in the rectum', 'label': 'problem', 'score': 0.994, 'start': 863, 'end': 883}, {'text': 'urine very scanty', 'label': 'problem', 'score': 0.9098, 'start': 885, 'end': 902}, {'text': 'oedema', 'label': 'problem', 'score': 0.7926, 'start': 992, 'end': 998}, {'text': 'temperature', 'label': 'test', 'score': 0.9631, 'start': 1064, 'end': 1075}, {'text': 'pulse', 'label': 'test', 'score': 0.9659, 'start': 1094, 'end': 1099}, {'text': 'pale', 'label': 'problem', 'score': 0.9639, 'start': 1135, 'end': 1139}, {'text': 'exhausted', 'label': 'problem', 'score': 0.9022, 'start': 1151, 'end': 1160}, {'text': 'pain', 'label': 'problem', 'score': 0.9331, 'start': 1168, 'end': 1172}, {'text': 'thorax', 'label': 'test', 'score': 0.92, 'start': 1175, 'end': 1181}, {'text': 'slight general abdominal tenderness', 'label': 'problem', 'score': 0.9989, 'start': 1192, 'end': 1227}, {'text': 'localized', 'label': 'problem', 'score': 0.8195, 'start': 1233, 'end': 1242}, {'text': 'ctal examination', 'label': 'test', 'score': 0.9909, 'start': 1288, 'end': 1304}, {'text': 'the mass', 'label': 'problem', 'score': 0.9981, 'start': 1348, 'end': 1356}, {'text': 'rritation', 'label': 'test', 'score': 0.6191, 'start': 1401, 'end': 1411}, {'text': 'a mass', 'label': 'problem', 'score': 0.9956, 'start': 1439, 'end': 1445}, {'text': 'the urine', 'label': 'problem', 'score': 0.7158, 'start': 1472, 'end': 1481}, {'text': 'scanty', 'label': 'problem', 'score': 0.9386, 'start': 1485, 'end': 1491}, {'text': 'the persistent catharsis', 'label': 'problem', 'score': 0.9982, 'start': 1515, 'end': 1539}, {'text': 'tests', 'label': 'test', 'score': 0.898, 'start': 1559, 'end': 1564}, {'text': 'leucocyte count', 'label': 'test', 'score': 0.946, 'start': 1581, 'end': 1596}, {'text': 'urine examination', 'label': 'test', 'score': 0.9955, 'start': 1598, 'end': 1615}, {'text': 'a locahzed peritonitis', 'label': 'problem', 'score': 0.9869, 'start': 1689, 'end': 1711}, {'text': 'appen - dicitis', 'label': 'problem', 'score': 0.9949, 'start': 1727, 'end': 1742}, {'text': 'peritonitis', 'label': 'problem', 'score': 0.9975, 'start': 1756, 'end': 1767}, {'text': 'localized tenderness', 'label': 'problem', 'score': 0.9982, 'start': 1818, 'end': 1838}, {'text': 'local - ized tenderness', 'label': 'problem', 'score': 0.9969, 'start': 1887, 'end': 1910}, {'text': 'elevated pulse', 'label': 'problem', 'score': 0.998, 'start': 1914, 'end': 1928}, {'text': 'condition', 'label': 'problem', 'score': 0.9591, 'start': 1995, 'end': 2004}, {'text': 'leucocytosis', 'label': 'problem', 'score': 0.9899, 'start': 2072, 'end': 2084}]","[PROBLEM]:a chill;a locahzed peritonitis;a mass;a mass in the rectum;a morphia;appen - dicitis;condition;considerable epigastric ten - derness;elevated pulse;epigas - tric pain;exhausted;faint;il;leucocytosis;local - ized tenderness;localized;localized tenderness;oedema;pain;pale;peritonitis;scanty;slight general abdominal tenderness;slight tenderness over the whole abdomen;the mass;the persistent catharsis;the urine;the vomiting;urine very scanty;very weak;vomiting.[TREATMENT]:cat.[TEST]:ctal examination;leucocyte count;pulse;rritation;temperature;tests;thorax;urine examination","Has he or has he not a locahzed peritonitis — perhaps from appen- dicitis? In favor of peritonitis is the initial temperature and the suggestion of localized tenderness on the third day. Against it are the absence of local- ized tenderness or elevated pulse upon the fourth day, the free movements of the boweb, the mental condition, and (to some extent) the temperature. The presence or absence of leucocytosis would help to decide the question. It is conceivable that a nephritis and ursmia may have declared itself wittun the week since the urine was last examined. The photophobia suggests meningitis or hysteria, but there are no other data confirming these bints. Previous to obtaining a leucocyte count and urinary examination acute iadi- geetion, aggravated by cathartics and by fear of appendicitis, seemed the most probable diagnosis. Leucocytes and urine proved normal and the diagnosis just mentioned became still more probable. The course of the case con- Prognosis: He should be well and at work within a week. The malady is trifling. Treatment; To convince one's self and then the patient that he has no appendi- citis or other serious disease, to stop the cathartics and soothe the rectum with an enema of thin cooked starch, to get the patient out of bed and gradu- ally increase his diet, are the main indications. Nux and gentian will prob- ably help him, also advice about hygiene.","[PROBLEM]:a locahzed peritonitis;a nephritis;acute iadi - geetion;appen - dicitis;appendi - citis;appendicitis;condition;elevated pulse;hysteria;leucocytosis;local - ized tenderness;localized tenderness;meningitis;other serious disease;peritonitis;the malady;the photophobia;these bints;ursmia;wit.[TREATMENT]:an;cathartics;enema;gen;gr;nu;the cathartics;thin cooked starch;treatment.[TEST]:a leucocyte count;leucocytes;the urine;urinary examination;urine"
"37","CASE 37 

A boy of 14, a new inmate of a reform school, is seized February 18, 
1903, with headache, backache, and fever. His appetite became poor 
but he managed to go to his meals that day. Next day a red papular 
rash appeared scattered over the entire body. On the third day some 
of the lesions began to be pustular, and when he was seen by the writer 
on the fourth day the great majority were distinctly pustular and had a 
hard, shotty feel under the akin. Some were drying up and covered 
with dark red crusts. The fever was continued, ranging between IOC 
and 102°. The boy felt decidedly sick, and could take only liquids 
without nausea. Slight headache and general muscular soreness 
persisted. 

The rash was nowhere confluent, and the skin between the lesions 
was normal. The internal viscera were apparently normal, as was the 
blood. The urine showed the characteristics usual in fevers. 

It was subsequently learned that he had taken some cough medicine 
for the ten days ending one week before the present illness began. The 
nature of this medicine could not be learned. There were no other 
cases like this in the reform school. 

1. Commonest causes of generalized pustular eruptions? Acne and furunculosis, 

drug poifloning, chicken-pox, amall-pox. liese common are pustular eczema 
and impetigo conta^osa. 

2. EHagnomsT Prognosis? Treatment? 

IHognodsi The presence of fever and constitutional symptoms makes all of the 
above aEFections unlikely, except varicella and variola. Acne and furunculosis 
do not appear so rapidly, and this is equally true of the eczema and impetigo. 
Our diagnosis practically is between varicella and variola. The constitu- 
tional signs (pain, fever, and digestive disturbance) and the ahotty feel of the 
lesions point rather to variola. Decidedly, and on the whole definitively, 
a^inst variola is the rapidity with which the lesions reached and passed 
their maturity. It is almost unheard of that any part of a small-pox erup- 
tion should have passed through the pustular stage and be drying up by the 
fourth day. The diagnosis of exanthematous infection will never be satis- 
factory as long as it has to rest on the characteristics of the exanthemata, but 
we have at present no more reliable clinical test. 

The fact that there were no other cases in the school was of no importance in 
diagnosis, for the boy had but recently entered it. Drug eruptions are always 
to be remembered in such cases, but it seems very unlikely that any such 
eruption could produce so much pain, fever, and digestive disturbance. 

Prognosis: Varicella in a young boy usually gets well within seven to ten daya. 
Nephritis and local gangrene are rare complications. 

Treatment; Isolation from adults is impori;ant, since in adults the disease may 
be severe. Liquid diet during the fever is usually advisable — oliierwise 
DO treatment is necessary.","[{'text': 'headache', 'label': 'problem', 'score': 0.9975, 'start': 91, 'end': 99}, {'text': 'backache', 'label': 'problem', 'score': 0.9894, 'start': 101, 'end': 109}, {'text': 'fever', 'label': 'problem', 'score': 0.9972, 'start': 115, 'end': 120}, {'text': 'a red papular rash', 'label': 'problem', 'score': 0.9984, 'start': 201, 'end': 220}, {'text': 'the lesions', 'label': 'problem', 'score': 0.9965, 'start': 288, 'end': 299}, {'text': 'pustular', 'label': 'problem', 'score': 0.9883, 'start': 312, 'end': 320}, {'text': 'distinctly pustular', 'label': 'problem', 'score': 0.9758, 'start': 400, 'end': 419}, {'text': 'a hard shotty feel', 'label': 'problem', 'score': 0.9057, 'start': 428, 'end': 448}, {'text': 'dark red crusts', 'label': 'problem', 'score': 0.9873, 'start': 503, 'end': 518}, {'text': 'the fever', 'label': 'problem', 'score': 0.9937, 'start': 520, 'end': 529}, {'text': 'sick', 'label': 'problem', 'score': 0.9395, 'start': 599, 'end': 603}, {'text': 'nausea', 'label': 'problem', 'score': 0.9392, 'start': 642, 'end': 648}, {'text': 'slight headache', 'label': 'problem', 'score': 0.9978, 'start': 650, 'end': 665}, {'text': 'general muscular soreness', 'label': 'problem', 'score': 0.9981, 'start': 670, 'end': 695}, {'text': 'the rash', 'label': 'problem', 'score': 0.9962, 'start': 710, 'end': 718}, {'text': 'the lesions', 'label': 'problem', 'score': 0.9433, 'start': 763, 'end': 774}, {'text': 'the urine', 'label': 'test', 'score': 0.8155, 'start': 852, 'end': 861}, {'text': 'fever', 'label': 'problem', 'score': 0.9027, 'start': 898, 'end': 903}, {'text': 'some cough medicine', 'label': 'treatment', 'score': 0.7448, 'start': 954, 'end': 973}, {'text': 'the present illness', 'label': 'problem', 'score': 0.9803, 'start': 1015, 'end': 1034}, {'text': 'this medicine', 'label': 'treatment', 'score': 0.9608, 'start': 1057, 'end': 1070}, {'text': 'generalized pustular eruptions', 'label': 'problem', 'score': 0.9982, 'start': 1177, 'end': 1207}, {'text': 'acne and furunculosis', 'label': 'problem', 'score': 0.9594, 'start': 1209, 'end': 1230}, {'text': 'drug poifloning', 'label': 'treatment', 'score': 0.7938, 'start': 1234, 'end': 1249}, {'text': 'chicken - pox', 'label': 'problem', 'score': 0.9816, 'start': 1251, 'end': 1262}, {'text': 'amall - pox', 'label': 'problem', 'score': 0.9158, 'start': 1264, 'end': 1273}, {'text': 'pustular eczema', 'label': 'problem', 'score': 0.9565, 'start': 1292, 'end': 1307}, {'text': 'impetigo conta ^ osa', 'label': 'problem', 'score': 0.7609, 'start': 1313, 'end': 1331}, {'text': 'ehagnomst prognosis', 'label': 'problem', 'score': 0.8212, 'start': 1338, 'end': 1357}, {'text': 'treatment', 'label': 'treatment', 'score': 0.9479, 'start': 1359, 'end': 1368}, {'text': 'fever', 'label': 'problem', 'score': 0.9968, 'start': 1398, 'end': 1403}, {'text': 'constitutional symptoms', 'label': 'problem', 'score': 0.9971, 'start': 1408, 'end': 1431}, {'text': 'varicella', 'label': 'problem', 'score': 0.8226, 'start': 1484, 'end': 1493}, {'text': 'vara', 'label': 'problem', 'score': 0.8056, 'start': 1498, 'end': 1505}, {'text': 'acne', 'label': 'problem', 'score': 0.9959, 'start': 1507, 'end': 1511}, {'text': 'furunculosis', 'label': 'problem', 'score': 0.9236, 'start': 1516, 'end': 1528}, {'text': 'the eczema', 'label': 'problem', 'score': 0.9912, 'start': 1584, 'end': 1594}, {'text': 'impetigo', 'label': 'problem', 'score': 0.8035, 'start': 1599, 'end': 1607}, {'text': 'var', 'label': 'problem', 'score': 0.6345, 'start': 1647, 'end': 1650}, {'text': 'vara', 'label': 'problem', 'score': 0.6035, 'start': 1661, 'end': 1668}, {'text': 'tional', 'label': 'problem', 'score': 0.5824, 'start': 1685, 'end': 1691}, {'text': 'signs', 'label': 'problem', 'score': 0.5128, 'start': 1692, 'end': 1697}, {'text': 'pain', 'label': 'problem', 'score': 0.9959, 'start': 1699, 'end': 1703}, {'text': 'fever', 'label': 'problem', 'score': 0.9931, 'start': 1705, 'end': 1710}, {'text': 'digestive disturbancey feel', 'label': 'problem', 'score': 0.7712, 'start': 1716, 'end': 1758}, {'text': 'the lesions', 'label': 'problem', 'score': 0.972, 'start': 1762, 'end': 1774}, {'text': 'inst variola', 'label': 'problem', 'score': 0.8071, 'start': 1845, 'end': 1857}, {'text': 'the lesions', 'label': 'problem', 'score': 0.9947, 'start': 1885, 'end': 1896}, {'text': 'a small - pox erup - tionst', 'label': 'problem', 'score': 0.8668, 'start': 1974, 'end': 2033}, {'text': 'exanthematous infection', 'label': 'problem', 'score': 0.9928, 'start': 2098, 'end': 2121}]","[PROBLEM]:a hard shotty feel;a red papular rash;a small - pox erup - tionst;acne;acne and furunculosis;amall - pox;backache;chicken - pox;constitutional symptoms;dark red crusts;digestive disturbancey feel;distinctly pustular;ehagnomst prognosis;exanthematous infection;fever;furunculosis;general muscular soreness;generalized pustular eruptions;headache;impetigo;impetigo conta ^ osa;inst variola;nausea;pain;pustular;pustular eczema;sick;signs;slight headache;the eczema;the fever;the lesions;the present illness;the rash;tional;var;vara;varicella.[TREATMENT]:drug poifloning;some cough medicine;this medicine;treatment.[TEST]:the urine","for the boy had but recently entered it. Drug eruptions are always to be remembered in such cases, but it seems very unlikely that any such eruption could produce so much pain, fever, and digestive disturbance.","[PROBLEM]:any such eruption;digestive disturbance;drug eruptions;fever;pain"
"38","CASE 38 

A woman, apparently about 40, seen at hotel at 6 F.H., unconscious. 
Semi-dilated pupils, equal and responding to very strong light stimulus. 
The face is pale; pulse 90, regular, small, and soft. Respiration is 
shallow, with an occasional deep inspiration. Temperature normal. 
No blood or froth on lips; no odor to breath. No disparity between 
sides of face. Limbs flaccid, but firm supraorbital pressure causes 
motion in one or another extremity, so also firm pinching of leg muscles. 
No reflexes, deep or superficial; no cedema; no glands. Old, white, 
irregular scars seen near root of nose, on forehead and right cheek. 
Physical examination of thorax and abdomen negative. Urine by 
catheter, 1017, acid, no albumen, no sugar. 

In the absence of all friends, the housekeeper states that the patient 
and her husband came there from a neighboring town the evening 
before. The husband was awakened in the night by some noise to find 
his wife unconscious. Later, she vomited, but she has had no convul- 
sion as far as known, either now or previously. 

1. Important causes of comaT Apoplexy (including cerebral hemorrfjage, throm- 

boeiB and embolism), unemia and hepatic toxsmia, diabetes, cerebral concus' 
don and compresdon, sjmcope (fainting), poisoning by opium, alcohol, and 
illuminating gas, sunstroke, epilepe^ (after the seizure), hysteria. 

2. What strong evidence have we against opium poisoning in this case? The effects 

of opium kill or wear olT within ei^t hours. This attack has lasted already 
about eii^teen hours. 

3. What can be inferred from the abolition of reflexes? Any deep coma may abolish 

the reflexes, hence we can infer, from this fact only that the coma is deep. 

4. Diagnosis? Prognosis? Treatment? 

Diagnosis: Unemia, dialietea, and hepatic toxtemia are excluded by the examina- 
tion of the mine, abdomen, and breath; syncope, alcohol, and opium by the 
duraticm of the symptoms; sunstroke, concussion, epilepsy, compression, and 
gas-poisoning Ijy the history of the case. The reflexes are never wholly 
absent, but rather increased in hysteria, which is also unlikely beoause of the 
general muscular flaccidity. Apoplexy (in the wide sense above deflned) is 
apparently the diagnosis. The white scars on the forehead suggest injuries 
from a, fall in epilepsy, also healed syphilitic lesiona. The former explanation 
is ruled out by the history; the latter gives a very natural reason for the coma 
and for the lack of focal symptoms, which in apoplexy of syphilitic orig^ are 
often absent. 

Prognosis: The majority of such cases recover from the attack within a few 
days or weeks, especially if vigorous antisyphilitic treatment is carried out. 

Treatment: Iodine and mercury should be pven subcutaneously as long as the 
patient caimot swallow, later by mouth. Careful nurMng ia essential to pre- 
vent bed-sores.","[{'text': 'semi - dilated pupils', 'label': 'problem', 'score': 0.9898, 'start': 79, 'end': 98}, {'text': 'strong light stimulus', 'label': 'test', 'score': 0.6278, 'start': 129, 'end': 150}, {'text': 'pale', 'label': 'problem', 'score': 0.5793, 'start': 165, 'end': 169}, {'text': 'pulse', 'label': 'test', 'score': 0.9593, 'start': 171, 'end': 176}, {'text': 'res', 'label': 'test', 'score': 0.7987, 'start': 207, 'end': 210}, {'text': 'shallow', 'label': 'problem', 'score': 0.864, 'start': 223, 'end': 230}, {'text': 'an occasional deep inspiration', 'label': 'problem', 'score': 0.8777, 'start': 237, 'end': 267}, {'text': 'blood', 'label': 'problem', 'score': 0.9925, 'start': 293, 'end': 298}, {'text': 'froth on lips', 'label': 'problem', 'score': 0.9618, 'start': 302, 'end': 315}, {'text': 'odor to', 'label': 'problem', 'score': 0.8106, 'start': 320, 'end': 327}, {'text': 'disparity between sides of face', 'label': 'problem', 'score': 0.8399, 'start': 339, 'end': 371}, {'text': 'limbs flaccid', 'label': 'problem', 'score': 0.9684, 'start': 373, 'end': 386}, {'text': 'firm supraorbital pressure', 'label': 'problem', 'score': 0.9253, 'start': 392, 'end': 418}, {'text': 'motion', 'label': 'problem', 'score': 0.6711, 'start': 427, 'end': 433}, {'text': 'firm pinching of leg muscles', 'label': 'problem', 'score': 0.9381, 'start': 471, 'end': 499}, {'text': 'reflexes', 'label': 'test', 'score': 0.4187, 'start': 505, 'end': 513}, {'text': 'cedema', 'label': 'problem', 'score': 0.9156, 'start': 539, 'end': 545}, {'text': 'glands', 'label': 'problem', 'score': 0.9546, 'start': 550, 'end': 556}, {'text': 'old', 'label': 'problem', 'score': 0.981, 'start': 558, 'end': 562}, {'text': 'white irregular scars', 'label': 'problem', 'score': 0.9059, 'start': 563, 'end': 586}, {'text': 'physical examination of thorax and abdomen', 'label': 'test', 'score': 0.9762, 'start': 641, 'end': 683}, {'text': 'urine by catheter', 'label': 'test', 'score': 0.8454, 'start': 694, 'end': 712}, {'text': 'acid', 'label': 'test', 'score': 0.9185, 'start': 720, 'end': 724}, {'text': 'albumen', 'label': 'problem', 'score': 0.733, 'start': 729, 'end': 736}, {'text': 'sugar', 'label': 'problem', 'score': 0.7601, 'start': 741, 'end': 746}, {'text': 'some noise', 'label': 'problem', 'score': 0.9511, 'start': 935, 'end': 945}, {'text': 'convul - sion', 'label': 'problem', 'score': 0.9599, 'start': 1016, 'end': 1029}, {'text': 'comat apoplexy', 'label': 'problem', 'score': 0.9982, 'start': 1098, 'end': 1112}, {'text': 'cerebral hemorrfjage', 'label': 'problem', 'score': 0.9834, 'start': 1124, 'end': 1144}, {'text': 'throm - boeib', 'label': 'problem', 'score': 0.8938, 'start': 1146, 'end': 1160}, {'text': 'embolism', 'label': 'problem', 'score': 0.905, 'start': 1165, 'end': 1173}, {'text': 'unemia', 'label': 'problem', 'score': 0.8751, 'start': 1176, 'end': 1182}, {'text': 'hepatic toxsmia', 'label': 'problem', 'score': 0.9274, 'start': 1187, 'end': 1202}, {'text': 'diabetes', 'label': 'problem', 'score': 0.9978, 'start': 1204, 'end': 1212}, {'text': 'cerebral concus  don', 'label': 'problem', 'score': 0.948, 'start': 1214, 'end': 1235}, {'text': 'compresdon', 'label': 'problem', 'score': 0.5794, 'start': 1240, 'end': 1250}, {'text': 'scope  fainting', 'label': 'problem', 'score': 0.8687, 'start': 1252, 'end': 1270}, {'text': 'poisoning', 'label': 'problem', 'score': 0.993, 'start': 1272, 'end': 1281}, {'text': 'illuminating', 'label': 'treatment', 'score': 0.3893, 'start': 1306, 'end': 1318}, {'text': 'gas', 'label': 'problem', 'score': 0.4822, 'start': 1319, 'end': 1322}, {'text': 'sunstroke', 'label': 'problem', 'score': 0.8801, 'start': 1324, 'end': 1333}, {'text': 'epilepe', 'label': 'problem', 'score': 0.9721, 'start': 1335, 'end': 1342}, {'text': 'the seizure', 'label': 'problem', 'score': 0.973, 'start': 1351, 'end': 1362}, {'text': 'hysteria', 'label': 'problem', 'score': 0.9952, 'start': 1365, 'end': 1373}, {'text': 'opium poisoning', 'label': 'problem', 'score': 0.9907, 'start': 1417, 'end': 1432}, {'text': 'opium', 'label': 'problem', 'score': 0.8591, 'start': 1464, 'end': 1469}, {'text': 'olt', 'label': 'problem', 'score': 0.8945, 'start': 1483, 'end': 1486}, {'text': 'this attack', 'label': 'problem', 'score': 0.9943, 'start': 1506, 'end': 1517}, {'text': 'of', 'label': 'treatment', 'score': 0.5146, 'start': 1605, 'end': 1607}, {'text': 'reflexes', 'label': 'treatment', 'score': 0.7161, 'start': 1608, 'end': 1616}, {'text': 'any', 'label': 'problem', 'score': 0.5025, 'start': 1618, 'end': 1621}, {'text': 'deep coma', 'label': 'problem', 'score': 0.7488, 'start': 1622, 'end': 1631}, {'text': 'reflex', 'label': 'test', 'score': 0.42, 'start': 1650, 'end': 1656}, {'text': 'the coma', 'label': 'problem', 'score': 0.993, 'start': 1705, 'end': 1713}, {'text': 'treatment', 'label': 'treatment', 'score': 0.9054, 'start': 1750, 'end': 1759}, {'text': 'unemia', 'label': 'problem', 'score': 0.9546, 'start': 1774, 'end': 1780}, {'text': 'dialietea', 'label': 'problem', 'score': 0.9857, 'start': 1782, 'end': 1791}, {'text': 'hepatic toxtemia', 'label': 'problem', 'score': 0.8539, 'start': 1797, 'end': 1813}, {'text': 'the examina - tion of the mine', 'label': 'test', 'score': 0.8468, 'start': 1830, 'end': 1860}, {'text': 'abdomen', 'label': 'test', 'score': 0.8773, 'start': 1862, 'end': 1869}, {'text': 'syncope', 'label': 'problem', 'score': 0.9387, 'start': 1883, 'end': 1890}, {'text': 'alcohol', 'label': 'test', 'score': 0.5771, 'start': 1892, 'end': 1899}, {'text': 'opium', 'label': 'problem', 'score': 0.5333, 'start': 1905, 'end': 1910}, {'text': 'the dum', 'label': 'test', 'score': 0.6713, 'start': 1914, 'end': 1927}, {'text': 'the symptoms', 'label': 'problem', 'score': 0.9841, 'start': 1931, 'end': 1943}, {'text': 'sunske', 'label': 'test', 'score': 0.6039, 'start': 1945, 'end': 1954}, {'text': 'concussion', 'label': 'problem', 'score': 0.9918, 'start': 1956, 'end': 1966}, {'text': 'epilepsy', 'label': 'problem', 'score': 0.971, 'start': 1968, 'end': 1976}, {'text': 'compression', 'label': 'problem', 'score': 0.9939, 'start': 1978, 'end': 1989}, {'text': 'gas - poisoning', 'label': 'problem', 'score': 0.9313, 'start': 1996, 'end': 2009}, {'text': 'the reflexes', 'label': 'test', 'score': 0.6396, 'start': 2039, 'end': 2051}]","[PROBLEM]:albumen;an occasional deep inspiration;any;blood;cedema;cerebral concus  don;cerebral hemorrfjage;comat apoplexy;compresdon;compression;concussion;convul - sion;deep coma;diabetes;dialietea;disparity between sides of face;embolism;epilepe;epilepsy;firm pinching of leg muscles;firm supraorbital pressure;froth on lips;gas;gas - poisoning;glands;hepatic toxsmia;hepatic toxtemia;hysteria;limbs flaccid;motion;odor to;old;olt;opium;opium poisoning;pale;poisoning;scope  fainting;semi - dilated pupils;shallow;some noise;sugar;sunstroke;syncope;the coma;the seizure;the symptoms;this attack;throm - boeib;unemia;white irregular scars.[TREATMENT]:illuminating;of;reflexes;treatment.[TEST]:abdomen;acid;alcohol;physical examination of thorax and abdomen;pulse;reflex;reflexes;res;strong light stimulus;sunske;the dum;the examina - tion of the mine;the reflexes;urine by catheter","Unemia, dialietea, and hepatic toxtemia are excluded by the examina- tion of the mine, abdomen, and breath; syncope, alcohol, and opium by the duraticm of the symptoms; sunstroke, concussion, epilepsy, compression, and gas-poisoning Ijy the history of the case. The reflexes are never wholly absent, but rather increased in hysteria, which is also unlikely beoause of the general muscular flaccidity. Apoplexy (in the wide sense above deflned) is apparently the diagnosis. The white scars on the forehead suggest injuries from a, fall in epilepsy, also healed syphilitic lesiona. The former explanation is ruled out by the history; the latter gives a very natural reason for the coma and for the lack of focal symptoms, which in apoplexy of syphilitic orig^ are often absent.","[PROBLEM]:apoplexy;apoplexyln;compression;concussion;dialietea;epilepsy;focal symptoms;gas - poisoning;healed syphilitic lesiona;hepatic toxtemia;hysteria;in epilepsy;injuries;sunstroke;syncope;syphilitic orig;the coma;the general muscular flaccidity;the lack of;the reflexes;the symptoms;the white scars on the forehead;unemia.[TEST]:abdomen;breath;the examina - tion"
"39","CASE 39 

The patient is a man of 35, who has had fever and cough foi 
two weeks. At the onset he had much pain in the front and right 
side of chest, near attachment of diaphragm. Had a chill on two 
successive days and oq the fourth day. No dyspncea; no sputa till 
sixth day, when a scanty, mucopurulent spit began and has steadily 
increased in amount and grown more purulent since. The fever 
has ranged from 101° to 104°, and at times there has been a good 
deal of sweating and alight delirium. Has taken liquids fairly well. 
Bowels are rather loose, as they have been oS and on for several years. 
No pain anywhere now. 

The man is sallow, dull, and listless; tongue clean. Poorly nour- 
ished. Over lower half of right chest marked dulness, with distant 
bronchial respiration and increased whisper; voice sounds nasal, espe- 
cially near angle of scapula. Fremitus nearly absent. Over upper half 
of lung medium moist rales were heard on the first and third days 
and none on the second. Viscera otherwise negative, except slight 
tenderness and fulness in the abdomen. 

Sputa examined twice for bacilli; none found. 

Urine high colored, acid 1027, trace of albumen, no sugar. 

Sediment: Abundant urates, leucocytes, and squamous cells. Few 
hyaline and coarse granular casts. 

Blood: Red 4,200,000; white 26,000; Hg. 43%. 

1. What points are agUDst the diagnostB of typhoid fever (with Gomphcations) 

here? Typhoid even with lung complications UEuaUy runs its course without 
leucocytosLa. Splenic tumor and rose spots are apparently absent. The Widal 
reaction ebould be tried. If it is absent, typhoid is unlikely. 

2. Significance of nasal voice sounds? This ia ""egopbony"" and occurs oftenest 

in pleural effusion, — sometimes in solidification of the lung from any cause. 

3. What further examination is essential in this case? Puncture of the chest. 

4. Comment on the urinary sediment. In most fevers one sees such sediment; it 

has no diagnostic value. 

6. Common causes of leucocytosis? Infections, local or general, due to coed 
(strepto-, staphylo-, pneumo-, gono-, meningococci) scarlet fever and diph- 
theria, violent muscular exertion, some toxiemias, e.g. uremia and gas- 
poisoning, and any acute organic brain leuon. 

6. Diagnosis? Prognosis? Treatment? 

Diagnous: Phthisis, imresolved pnuemonia, abscess of the lung, empyema, or 
subdiaphragmatic absceea rupturing into the lung, are the diagnoses most 
deserving consideration. The two negative sputum examinations make 
phthisis unhkely, but do not exclude it. Unresolved pneumonia does not 
produce profuse purulent sputa. The signs and symptoms of the other three 
lesions above mentioned are identical. Abscess of the lung ia rare, and a 
definite cause (such as the inhaling of food or foul material) is usually to 
be found. The same is true of subdiapbragmatie abscess. Empyema not 
iinoommonly breaks through the lung. Heace statietical grounds should 

incline us towards this diagooais. Exploratoiy puncture is the next and 

most important means of clearing up the diagnoeie. 
Prognosis: Pneumococcus empyema, well drained, uauallj; gets well in A few 

mouths. 
Treatment; (a) Puncture: Uiis was done and showed pus containing pneumo- 

cocci; (b) Encision of a rib; free drainage. Becovery under treatment which 

was otherwise hygienic and Bjrmptomatio.","[{'text': 'fever', 'label': 'problem', 'score': 0.9971, 'start': 50, 'end': 55}, {'text': 'cough f', 'label': 'problem', 'score': 0.9837, 'start': 60, 'end': 67}, {'text': 'much pain in the front and right', 'label': 'problem', 'score': 0.8262, 'start': 102, 'end': 134}, {'text': 'chestrag', 'label': 'problem', 'score': 0.8847, 'start': 144, 'end': 178}, {'text': 'a chill', 'label': 'problem', 'score': 0.9853, 'start': 185, 'end': 192}, {'text': 'dyspncea', 'label': 'problem', 'score': 0.9221, 'start': 243, 'end': 251}, {'text': 'sputa', 'label': 'problem', 'score': 0.9913, 'start': 256, 'end': 261}, {'text': 'a scanty mucopurulent spit', 'label': 'problem', 'score': 0.9908, 'start': 284, 'end': 311}, {'text': 'purulent', 'label': 'problem', 'score': 0.8578, 'start': 371, 'end': 379}, {'text': 'the fever', 'label': 'problem', 'score': 0.9968, 'start': 387, 'end': 396}, {'text': 'sweating', 'label': 'problem', 'score': 0.9927, 'start': 472, 'end': 480}, {'text': 'alight delirium', 'label': 'problem', 'score': 0.9918, 'start': 485, 'end': 500}, {'text': 'pain', 'label': 'problem', 'score': 0.9913, 'start': 610, 'end': 614}, {'text': 'sallow', 'label': 'problem', 'score': 0.829, 'start': 642, 'end': 648}, {'text': 'dull', 'label': 'problem', 'score': 0.9603, 'start': 650, 'end': 654}, {'text': 'listless', 'label': 'problem', 'score': 0.8899, 'start': 660, 'end': 668}, {'text': 'poorly nour - ished', 'label': 'problem', 'score': 0.916, 'start': 684, 'end': 703}, {'text': 'right', 'label': 'problem', 'score': 0.955, 'start': 724, 'end': 729}, {'text': 'marked dulness', 'label': 'problem', 'score': 0.8966, 'start': 736, 'end': 750}, {'text': 'distant bronchial respiration', 'label': 'problem', 'score': 0.9985, 'start': 757, 'end': 787}, {'text': 'increased whisper', 'label': 'problem', 'score': 0.9953, 'start': 792, 'end': 809}, {'text': 'scula', 'label': 'problem', 'score': 0.5169, 'start': 859, 'end': 866}, {'text': 'fremitus nearly absent', 'label': 'problem', 'score': 0.9395, 'start': 868, 'end': 890}, {'text': 'medium moist rales', 'label': 'problem', 'score': 0.8762, 'start': 917, 'end': 935}, {'text': 'viscera', 'label': 'test', 'score': 0.4888, 'start': 1000, 'end': 1007}, {'text': 'slight tenderness', 'label': 'problem', 'score': 0.9944, 'start': 1035, 'end': 1053}, {'text': 'fulness in the abdomen', 'label': 'problem', 'score': 0.989, 'start': 1058, 'end': 1080}, {'text': 'bacilli', 'label': 'problem', 'score': 0.7397, 'start': 1109, 'end': 1116}, {'text': 'urine high colored', 'label': 'problem', 'score': 0.9673, 'start': 1132, 'end': 1150}, {'text': 'albumen', 'label': 'problem', 'score': 0.7038, 'start': 1172, 'end': 1179}, {'text': 'sugar', 'label': 'problem', 'score': 0.9133, 'start': 1184, 'end': 1189}, {'text': 'abundant urates leucocytes', 'label': 'problem', 'score': 0.9023, 'start': 1203, 'end': 1230}, {'text': 'and squamous cells', 'label': 'problem', 'score': 0.923, 'start': 1232, 'end': 1250}, {'text': 'few hyaline and coarse granular casts', 'label': 'problem', 'score': 0.991, 'start': 1252, 'end': 1290}, {'text': 'blood', 'label': 'test', 'score': 0.7741, 'start': 1294, 'end': 1299}, {'text': 'white', 'label': 'test', 'score': 0.6992, 'start': 1316, 'end': 1321}, {'text': 'hg', 'label': 'test', 'score': 0.9881, 'start': 1330, 'end': 1332}, {'text': 'typhoid fever', 'label': 'problem', 'score': 0.9951, 'start': 1384, 'end': 1397}, {'text': 'gohcations', 'label': 'problem', 'score': 0.3433, 'start': 1404, 'end': 1416}, {'text': 'typhoid', 'label': 'problem', 'score': 0.9227, 'start': 1426, 'end': 1433}, {'text': 'lung complications', 'label': 'problem', 'score': 0.9954, 'start': 1444, 'end': 1462}, {'text': 'leucocytosla', 'label': 'problem', 'score': 0.8835, 'start': 1495, 'end': 1507}, {'text': 'splenic tumor and', 'label': 'problem', 'score': 0.8955, 'start': 1509, 'end': 1526}, {'text': 'rose spots', 'label': 'problem', 'score': 0.9703, 'start': 1527, 'end': 1537}, {'text': 'the widal reaction', 'label': 'problem', 'score': 0.7654, 'start': 1561, 'end': 1580}, {'text': 'typhoid', 'label': 'problem', 'score': 0.8791, 'start': 1615, 'end': 1622}, {'text': 'nasal voice sounds', 'label': 'problem', 'score': 0.785, 'start': 1657, 'end': 1675}, {'text': 'egopbony', 'label': 'problem', 'score': 0.8919, 'start': 1686, 'end': 1694}, {'text': 'pleural effusion', 'label': 'problem', 'score': 0.9396, 'start': 1721, 'end': 1737}, {'text': 'of the', 'label': 'problem', 'score': 0.537, 'start': 1769, 'end': 1775}, {'text': 'what', 'label': 'test', 'score': 0.4997, 'start': 1802, 'end': 1806}, {'text': 'further examination', 'label': 'test', 'score': 0.747, 'start': 1807, 'end': 1826}, {'text': 'puncture of the chest', 'label': 'test', 'score': 0.9058, 'start': 1854, 'end': 1875}, {'text': 'the urinary sediment', 'label': 'problem', 'score': 0.9915, 'start': 1893, 'end': 1913}, {'text': 'fever', 'label': 'problem', 'score': 0.7699, 'start': 1923, 'end': 1928}, {'text': 'such sediment', 'label': 'problem', 'score': 0.9855, 'start': 1939, 'end': 1952}, {'text': 'leucocytosis', 'label': 'problem', 'score': 0.9935, 'start': 2006, 'end': 2018}, {'text': 'infections', 'label': 'problem', 'score': 0.9796, 'start': 2020, 'end': 2030}]","[PROBLEM]:a chill;a scanty mucopurulent spit;abundant urates leucocytes;albumen;alight delirium;and squamous cells;bacilli;chestrag;cough f;distant bronchial respiration;dull;dyspncea;egopbony;fever;few hyaline and coarse granular casts;fremitus nearly absent;fulness in the abdomen;gohcations;increased whisper;infections;leucocytosis;leucocytosla;listless;lung complications;marked dulness;medium moist rales;much pain in the front and right;nasal voice sounds;of the;pain;pleural effusion;poorly nour - ished;purulent;right;rose spots;sallow;scula;slight tenderness;splenic tumor and;sputa;such sediment;sugar;sweating;the fever;the urinary sediment;the widal reaction;typhoid;typhoid fever;urine high colored.[TEST]:blood;further examination;hg;puncture of the chest;viscera;what;white","Phthisis, imresolved pnuemonia, abscess of the lung, empyema, or subdiaphragmatic absceea rupturing into the lung, are the diagnoses most deserving consideration. The two negative sputum examinations make phthisis unhkely, but do not exclude it. Unresolved pneumonia does not produce profuse purulent sputa. The signs and symptoms of the other three lesions above mentioned are identical. Abscess of the lung ia rare, and a definite cause (such as the inhaling of food or foul material) is usually to be found. The same is true of subdiapbragmatie abscess. Empyema not iinoommonly breaks through the lung. Heace statietical grounds should","[PROBLEM]:abscess of the lung;empyema;foul material;he;iinomon;imresolved pnuemonia;lung;phthisis;profuse purulent sputa;statie;subdiapbragmatie abscess;subdiaphragmatic absceea rupturing;the lung;the other three lesions;unresolved pneumonia;uny.[TEST]:the two negative sputum examinations"
"40","CASE 40 

A young man of 21 is seen January 10. At the age of twelve he had 
very severe scarlet fever, followed by endocarditis, for the results of 
which he was under medical eare for about three years. Of recent 
years his health has been very good and he has ridden the wheel fast 
and far without inconvenience. Rather more than two months ago he 
went to the doctor's office with a ""cold""; temperature normal. A few 
days later he returned with a temperature of 103°, and said be had had 
night sweats. He was sent home, sat about the house for two days and 
then took to his bed, which he has not left since. A four-hourly chart 
has been kept for sixty-two days, and shows & continuous fever, ranging 
from 101 to 104, iisually higher in the afternoon. On the seventh and 
tenth days after taking to his bed he had nosebleed. This he had 
occasionally when well. Cough has been a fairly constant though not 
prominent symptom, and twice has led to vomiting. The bowels have 
been regular with the aid of an occasional enema. Delirium has been 
practically absent. Eariy in his illness there were a few doubtful rose 
spots. The spleen has never been palpable. He has once or twice 
complained of some pain in his shoulders, but has had no other articular 
symptoms. 

The pulse was about 90 at first, regular, of good strength. It has 
lately become irregular and rapid, some of the heart-beats not reaching 
the wrist. Under digitalis, brandy, and strychnia, the pulse has Im- 
proved very much and is now regular, 100. Ever since he took to his 
bed he has been on an exclusive milk diet. The urine is sufficient in 
quantity with a lai^ trace of albumen, granular and hyaline casts, 
specific gravity 1015. 

The patient is pale, lies on his back, is not much emaciated, has a 
clear tongue, and complains only of weakness. 

On physical examination the lungs seem clear. The heart's ""Impulse 
is in the fifth space, half an inch to the left of the nipple. A systolic 
murmur is heard with maximum intensity over the impulse, transmitted 
into the axilla. Inside the left nipple is a doubtful presystolic murmur. 
The pulmonic second sound is accentuated, aortic second sound clear. 
The belly is slightly distended, duller at the flanks than in the centre, 
the dulness and resonance shifting somewhat with change of position. 
The blood shows a moderate leucocytosis and no Widai reaction. 

1. In what diseases do night sweata occur7 Those producing fever, proetr&tion, 

or both: phthisis, syphilis, rheumatism, pneumonia, and typhoid (especially 
in convalescence), septicfemia in all fonns, alcoholism, neurasthenia, and others. 

2. Significance of the cou^ in thia case? The common causes of cough are (a) 

irritations of the upper air passages; (6) any disease of the luuj^i and (c) any 
disease of the heart that produces pulmonary stasis. In this case there are 
no evidences of (a) or of (b). Hence we fall back on (c) pulmonary stasis due 
to the heart lesion above described. 

3. How is your diagnosis afFected by the third (short) paragraph printed above? 

Doctors sometimes conclude from such evidence that no serious disease is 
preseut. This conclusion, however, is quite unjustifiable when the physical 
signs belie it. Hence the importance of accurat« and thorough physical 
examination. 

4. Name three common fevers which may run for weeks without touching normalT 

Typhoid, tuberculosis, septicemia (with or without septic endocarditis). 

5. What further valuable evidence mi^t be obtained from the blood? Blood 

cultures should be made. 

6. Why is the specific gravity of the urine so low? Exclusive and profuse milk 

7. If the spleen bod become palpable, how should the diagnosb have been modified? 

Not at all, since all the diseases to be considered here may produce splenic 



8. What further symptoms might appear which would clinch the diai^oBis? Evi- 

dence of embolism, commonest in the spleen and kidney, rarer in brain, 
extremities, or subcutaneous tissues. 

9. DiagnosisT Prognosis? Treatment? 

IMagnosis: Typhoid after sixty-two days of fever is almost sure to show a Widal 
reaction and no leucocytoeis. Tuberculosis of this duration should show 
more evidence of cerebral, pulmonary, or other local lesions. Pure tuber- 
culous peritonitis would produce the abdominal signs here described, but 
rarely it ever produces such fever and would not account for the cardiac signs. 
Septicemia with septic endocarditis will account for all the facU of the case. 
The ascites was apparently due (like the cough) to heart weakness. The 
acute mitral endocarditis was proved at autopsy to be engrafted (as the pre- 
vious history suggests) upon an old process of like nature. Multiple emboho 
infarctions of the spleen and kidney were present. 

PrognoMs: Recovery has certainly occurred in cases of septic endocarditis,* and 
in the milder forms of this disease is probably not at all uncommon. Even 
in cases as severe as this it is passible but not likely. In any event the course 
is likely to be many months. 

Treatment: If blood cultures reveal a pathogenic organism, an appropriate 
antibacterial serum should be tried. Otherwise the treatment is purely 
supportive and symptomatic. 

* See Bol^ck: ""Tiuuacdoiu of Ihc ABSodalion of Anwriiu Physcuns. 1902""; jsgeUB.","[{'text': 'very severe scarlet fever', 'label': 'problem', 'score': 0.9955, 'start': 77, 'end': 102}, {'text': 'endocarditis', 'label': 'problem', 'score': 0.7966, 'start': 116, 'end': 128}, {'text': 'inc', 'label': 'problem', 'score': 0.7648, 'start': 302, 'end': 305}, {'text': 'cold', 'label': 'problem', 'score': 0.9194, 'start': 389, 'end': 393}, {'text': 'night sweats', 'label': 'problem', 'score': 0.9732, 'start': 495, 'end': 507}, {'text': 'a four', 'label': 'test', 'score': 0.6974, 'start': 616, 'end': 622}, {'text': 'chart', 'label': 'test', 'score': 0.7342, 'start': 630, 'end': 635}, {'text': 'continuous fever', 'label': 'problem', 'score': 0.8716, 'start': 683, 'end': 699}, {'text': 'nose', 'label': 'problem', 'score': 0.4969, 'start': 823, 'end': 827}, {'text': 'cough', 'label': 'problem', 'score': 0.9717, 'start': 871, 'end': 876}, {'text': 'symptom', 'label': 'problem', 'score': 0.8368, 'start': 926, 'end': 933}, {'text': 'vomiting', 'label': 'problem', 'score': 0.9961, 'start': 956, 'end': 964}, {'text': 'an occasional enema', 'label': 'problem', 'score': 0.9934, 'start': 1012, 'end': 1031}, {'text': 'delirium', 'label': 'problem', 'score': 0.923, 'start': 1033, 'end': 1041}, {'text': 'eariy', 'label': 'problem', 'score': 0.873, 'start': 1072, 'end': 1077}, {'text': 'his illness', 'label': 'problem', 'score': 0.8575, 'start': 1081, 'end': 1092}, {'text': 'few', 'label': 'problem', 'score': 0.5357, 'start': 1106, 'end': 1109}, {'text': 'doubtful rose spots', 'label': 'problem', 'score': 0.8579, 'start': 1110, 'end': 1130}, {'text': 'some pain in his shoulders', 'label': 'problem', 'score': 0.9972, 'start': 1204, 'end': 1230}, {'text': 'other articular symptoms', 'label': 'problem', 'score': 0.9953, 'start': 1247, 'end': 1272}, {'text': 'the pulse', 'label': 'test', 'score': 0.9745, 'start': 1276, 'end': 1285}, {'text': 'irregular', 'label': 'problem', 'score': 0.8166, 'start': 1358, 'end': 1367}, {'text': 'rapid', 'label': 'problem', 'score': 0.5478, 'start': 1372, 'end': 1377}, {'text': 'the heart - beats', 'label': 'problem', 'score': 0.7437, 'start': 1387, 'end': 1402}, {'text': 'digitalis', 'label': 'treatment', 'score': 0.9869, 'start': 1434, 'end': 1443}, {'text': 'brandy', 'label': 'treatment', 'score': 0.9913, 'start': 1445, 'end': 1451}, {'text': 'strychnia', 'label': 'problem', 'score': 0.9686, 'start': 1457, 'end': 1466}, {'text': 'the pulse', 'label': 'test', 'score': 0.9487, 'start': 1468, 'end': 1477}, {'text': 'an exclusive milk', 'label': 'treatment', 'score': 0.7419, 'start': 1575, 'end': 1592}, {'text': 'the urine', 'label': 'test', 'score': 0.9443, 'start': 1599, 'end': 1608}, {'text': 'albumen', 'label': 'problem', 'score': 0.9323, 'start': 1657, 'end': 1664}, {'text': 'granular and hyaline casts', 'label': 'problem', 'score': 0.9472, 'start': 1666, 'end': 1692}, {'text': 'specific gravity', 'label': 'test', 'score': 0.8303, 'start': 1695, 'end': 1711}, {'text': 'pale', 'label': 'problem', 'score': 0.9706, 'start': 1735, 'end': 1739}, {'text': 'much emaciated', 'label': 'problem', 'score': 0.9452, 'start': 1766, 'end': 1780}, {'text': 'weakness', 'label': 'problem', 'score': 0.9968, 'start': 1825, 'end': 1833}, {'text': 'physical examination', 'label': 'test', 'score': 0.989, 'start': 1840, 'end': 1860}, {'text': 'the heart  s  impulse', 'label': 'test', 'score': 0.7708, 'start': 1883, 'end': 1903}, {'text': 'a systolic murmur', 'label': 'problem', 'score': 0.9962, 'start': 1968, 'end': 1986}, {'text': 'the impulse', 'label': 'test', 'score': 0.4978, 'start': 2024, 'end': 2035}, {'text': 'a doubtful presystolic murmur', 'label': 'problem', 'score': 0.9903, 'start': 2093, 'end': 2122}, {'text': 'ao', 'label': 'test', 'score': 0.4888, 'start': 2167, 'end': 2169}, {'text': 'slightly distended', 'label': 'problem', 'score': 0.997, 'start': 2208, 'end': 2226}, {'text': 'dull', 'label': 'problem', 'score': 0.9948, 'start': 2228, 'end': 2232}]","[PROBLEM]:a doubtful presystolic murmur;a systolic murmur;albumen;an occasional enema;cold;continuous fever;cough;delirium;doubtful rose spots;dull;eariy;endocarditis;few;granular and hyaline casts;his illness;inc;irregular;much emaciated;night sweats;nose;other articular symptoms;pale;rapid;slightly distended;some pain in his shoulders;strychnia;symptom;the heart - beats;very severe scarlet fever;vomiting;weakness.[TREATMENT]:an exclusive milk;brandy;digitalis.[TEST]:a four;ao;chart;physical examination;specific gravity;the heart  s  impulse;the impulse;the pulse;the urine","Typhoid after sixty-two days of fever is almost sure to show a Widal reaction and no leucocytoeis. Tuberculosis of this duration should show more evidence of cerebral, pulmonary, or other local lesions. Pure tuber- culous peritonitis would produce the abdominal signs here described, but rarely it ever produces such fever and would not account for the cardiac signs. Septicemia with septic endocarditis will account for all the facU of the case. The ascites was apparently due (like the cough) to heart weakness. The acute mitral endocarditis was proved at autopsy to be engrafted (as the pre- vious history suggests) upon an old process of like nature. Multiple emboho infarctions of the spleen and kidney were present.","[PROBLEM]:a widal reaction;an old process;cerebral pulmonary or other local lesions;fever;heart weakness;leucocytoeis;multiple emboho infarctions of the spleen and kidney;pure tuber - culous peritonitis;septic endocarditis;septicemia;such fever;the acute mitral endocarditis;the ascites;the cough;tuberculosis;typhoid.[TEST]:cardiac signs;signs"
"41","CASE 41 

A heavy middle-aged woman ""took cold"" on Saturday and was 
afterward distressed for breath. She was seen on Tuesday evening 
sitting up, breathing with aome difficulty and with a wheeze, chiefly 
with expiration. The face was red but not hvid. She complained 
of pain at the top of the sternum and side of the throat. There was 
expectoration of white frothy mucus and aome tough brown masses. 
The voice was suppressed. The tonsils were not swollen, there was 
no exudation in the pharynx, and the epiglottis was not swollen. The 
pulse was rapid. The physical signs were negative with the exception 
of prolonged exi»ration. Temperature 99.9°, 

1. (a) What ate the commoneet causes of pain referred to the stomum? (b) of 

sore throat? (a) Tracbeitia, aathma, weakened or embarrassed heart, aneu- 
rism, mediastinal tumois. (6) FhtuTngitis, tonsillitis, tonsillar abscess. 

2. In what diseases do patients wheeze? Asthma, emphfaema, some cases of 

broQchitis, bronchial or tracheal stenoeis from cicatrix (eyphilis), or from 
preaaure (aneurism or tumor). 

3. Significance of inspiratoiy and of expiratory dyspucea? Inspiratory dyspnoea 

means obstruction in the upper air passages (""croup,"" diphtheria, quinsy, 
post-pharyngeal abaceeB, foreign bodies in the larynx. Expiratory dyspnixa 
is seen chiefly in asthma and emphysema. Mixed forma occur in other 
diseases of the lungs and of the heart. 

4. How mi^t blood examination help in the diagnosis of this case? The absence 

of leucocytosis would help to exclude pnuemonia. 

5. What should you expect to find in the sputum? Nothing of any diagnostic 

significance. (Important sputum findings in other cases may here be dis- 
cussed.) 

6. Diagnosis? Prognosis? Treatment? 

Diagnosis; Laryngeal diphtheria, acute laiyngitis with tracheitis and asthma, 
Ludwig's angina, aneurism, and ""central"" pneumonia are the most important 
poesibihtiee. The temperature and the absence of any physical signs on 
the fourth day make pneumonia very unlikely. (This opinion was later 

- confirmed by the findmg of a normal leucocyte count, — a fact which helped 
to exclude diphtheria and deep cervical abscess.) Ludwig's angina produces 
tenderness and swellmg (as well as pain) at the ude of the neck and throat. 
Fever and leucocytosis would be high. Laryngeal diphtheria was excluded 
by laryngoscopic examination, which also demonstrated the presence of acute 
larjmgitis and tracheitis. The piping rales of asthma appeared a few hours 
later (they are often very fugitive), and this, with the negative results of urinary 
examination, confirmed the diagnosis of bronchial asthma. The tough brown 
masses appeared to come from the region of the tracheal bifurcation. 

Prognosis: She should be well within a week. Such attacks often recur but 
are never serious. 

Treatment: Hot steam (with or without tincture of benzoin) inhaled every 
few hours from a large pitcher of hot water will give some relief. Heroin, 
gr, j\ every five hours, will help the cough. Bed and a diet according to her 
digestive power are the only further treatment needed. ","[{'text': 'cold', 'label': 'problem', 'score': 0.9053, 'start': 42, 'end': 46}, {'text': 'distressed for breath', 'label': 'problem', 'score': 0.8602, 'start': 79, 'end': 100}, {'text': 'aome difficulty', 'label': 'problem', 'score': 0.9936, 'start': 162, 'end': 177}, {'text': 'a wheeze', 'label': 'problem', 'score': 0.984, 'start': 187, 'end': 195}, {'text': 'ex', 'label': 'test', 'score': 0.4283, 'start': 211, 'end': 213}, {'text': 'hvid', 'label': 'problem', 'score': 0.6544, 'start': 248, 'end': 252}, {'text': 'pain at', 'label': 'problem', 'score': 0.7912, 'start': 273, 'end': 280}, {'text': 'sternum', 'label': 'problem', 'score': 0.716, 'start': 296, 'end': 303}, {'text': 'throat', 'label': 'problem', 'score': 0.8467, 'start': 320, 'end': 326}, {'text': 'white frothy mucus', 'label': 'problem', 'score': 0.9974, 'start': 356, 'end': 374}, {'text': 'aome tough brown masses', 'label': 'problem', 'score': 0.9947, 'start': 379, 'end': 402}, {'text': 'tonsils', 'label': 'problem', 'score': 0.5638, 'start': 435, 'end': 442}, {'text': 'swollen', 'label': 'problem', 'score': 0.975, 'start': 452, 'end': 459}, {'text': 'exudation in the pharynx', 'label': 'problem', 'score': 0.9292, 'start': 475, 'end': 499}, {'text': 'the epiglottis', 'label': 'problem', 'score': 0.9839, 'start': 505, 'end': 519}, {'text': 'swollen', 'label': 'problem', 'score': 0.969, 'start': 528, 'end': 535}, {'text': 'the pulse', 'label': 'test', 'score': 0.8988, 'start': 537, 'end': 547}, {'text': 'signs', 'label': 'test', 'score': 0.5654, 'start': 572, 'end': 577}, {'text': 'exi', 'label': 'treatment', 'score': 0.3787, 'start': 625, 'end': 628}, {'text': 'ratio', 'label': 'treatment', 'score': 0.4291, 'start': 629, 'end': 634}, {'text': 'temperature', 'label': 'test', 'score': 0.9903, 'start': 637, 'end': 648}, {'text': 'pain', 'label': 'problem', 'score': 0.9727, 'start': 698, 'end': 702}, {'text': 'the stomum', 'label': 'problem', 'score': 0.8318, 'start': 715, 'end': 725}, {'text': 'sore throat', 'label': 'problem', 'score': 0.9979, 'start': 736, 'end': 747}, {'text': 'tracbeitia', 'label': 'problem', 'score': 0.8722, 'start': 753, 'end': 763}, {'text': 'aathma', 'label': 'problem', 'score': 0.7401, 'start': 765, 'end': 771}, {'text': 'weakened or embarrassed heart', 'label': 'problem', 'score': 0.9698, 'start': 773, 'end': 802}, {'text': 'aneu - rism', 'label': 'problem', 'score': 0.9675, 'start': 804, 'end': 815}, {'text': 'mediastinal tumois', 'label': 'problem', 'score': 0.971, 'start': 817, 'end': 835}, {'text': 'fhtutngitis', 'label': 'problem', 'score': 0.9481, 'start': 841, 'end': 852}, {'text': 'tonsillitis', 'label': 'problem', 'score': 0.9965, 'start': 854, 'end': 865}, {'text': 'tonsillar abscess', 'label': 'problem', 'score': 0.9972, 'start': 867, 'end': 884}, {'text': 'diseases', 'label': 'problem', 'score': 0.7076, 'start': 899, 'end': 907}, {'text': 'wheeze', 'label': 'problem', 'score': 0.6499, 'start': 920, 'end': 926}, {'text': 'asthma', 'label': 'problem', 'score': 0.9975, 'start': 928, 'end': 934}, {'text': 'emphfaema', 'label': 'problem', 'score': 0.9822, 'start': 936, 'end': 945}, {'text': 'broqchitis', 'label': 'problem', 'score': 0.9935, 'start': 963, 'end': 973}, {'text': 'bronchial or tracheal stenoeis', 'label': 'problem', 'score': 0.9945, 'start': 975, 'end': 1005}, {'text': 'cicatrix  eyphilis', 'label': 'problem', 'score': 0.8896, 'start': 1011, 'end': 1030}, {'text': 'preaaure  aneurism', 'label': 'problem', 'score': 0.8247, 'start': 1041, 'end': 1059}, {'text': 'tumor', 'label': 'problem', 'score': 0.8007, 'start': 1063, 'end': 1069}, {'text': 'inspiratoiy', 'label': 'problem', 'score': 0.819, 'start': 1092, 'end': 1103}, {'text': 'expiratory dyspucea', 'label': 'problem', 'score': 0.9189, 'start': 1111, 'end': 1130}, {'text': 'inspiratory dyspnoea', 'label': 'problem', 'score': 0.8931, 'start': 1132, 'end': 1152}, {'text': 'obstruction in the upper air passages', 'label': 'problem', 'score': 0.9984, 'start': 1161, 'end': 1198}, {'text': 'croup', 'label': 'problem', 'score': 0.6193, 'start': 1201, 'end': 1206}, {'text': 'diphtheria', 'label': 'problem', 'score': 0.9871, 'start': 1209, 'end': 1219}, {'text': 'quinsy', 'label': 'problem', 'score': 0.9687, 'start': 1221, 'end': 1227}, {'text': 'post - pharyngeal abaceeb', 'label': 'problem', 'score': 0.9933, 'start': 1230, 'end': 1253}, {'text': 'foreign bodies in the larynx', 'label': 'problem', 'score': 0.9899, 'start': 1255, 'end': 1283}, {'text': 'expiratory dyspnixa', 'label': 'problem', 'score': 0.8625, 'start': 1285, 'end': 1304}, {'text': 'asthma', 'label': 'problem', 'score': 0.9792, 'start': 1325, 'end': 1331}, {'text': 'emphysema', 'label': 'problem', 'score': 0.8683, 'start': 1336, 'end': 1345}, {'text': 'other diseases of the lungs', 'label': 'problem', 'score': 0.9115, 'start': 1368, 'end': 1396}, {'text': 'of the heart', 'label': 'problem', 'score': 0.9744, 'start': 1401, 'end': 1413}, {'text': 'blood examination', 'label': 'test', 'score': 0.7985, 'start': 1429, 'end': 1446}, {'text': 'leucocytosis', 'label': 'problem', 'score': 0.9438, 'start': 1500, 'end': 1512}, {'text': 'pnuemonia', 'label': 'problem', 'score': 0.9011, 'start': 1535, 'end': 1544}, {'text': 'sputum findings', 'label': 'problem', 'score': 0.5279, 'start': 1650, 'end': 1665}, {'text': 'treatment', 'label': 'treatment', 'score': 0.7274, 'start': 1735, 'end': 1744}, {'text': 'laryngeal diphtheria', 'label': 'problem', 'score': 0.9705, 'start': 1759, 'end': 1779}, {'text': 'acute laiyngitis', 'label': 'problem', 'score': 0.9976, 'start': 1781, 'end': 1797}, {'text': 'tracheitis', 'label': 'problem', 'score': 0.9514, 'start': 1803, 'end': 1813}, {'text': 'asthma', 'label': 'problem', 'score': 0.9956, 'start': 1818, 'end': 1824}, {'text': 'ludwig  s angina', 'label': 'problem', 'score': 0.9977, 'start': 1827, 'end': 1842}, {'text': 'aneurism', 'label': 'problem', 'score': 0.9877, 'start': 1844, 'end': 1852}]","[PROBLEM]:a wheeze;aathma;acute laiyngitis;aneu - rism;aneurism;aome difficulty;aome tough brown masses;asthma;bronchial or tracheal stenoeis;broqchitis;cicatrix  eyphilis;cold;croup;diphtheria;diseases;distressed for breath;emphfaema;emphysema;expiratory dyspnixa;expiratory dyspucea;exudation in the pharynx;fhtutngitis;foreign bodies in the larynx;hvid;inspiratoiy;inspiratory dyspnoea;laryngeal diphtheria;leucocytosis;ludwig  s angina;mediastinal tumois;obstruction in the upper air passages;of the heart;other diseases of the lungs;pain;pain at;pnuemonia;post - pharyngeal abaceeb;preaaure  aneurism;quinsy;sore throat;sputum findings;sternum;swollen;the epiglottis;the stomum;throat;tonsillar abscess;tonsillitis;tonsils;tracbeitia;tracheitis;tumor;weakened or embarrassed heart;wheeze;white frothy mucus.[TREATMENT]:exi;ratio;treatment.[TEST]:blood examination;ex;signs;temperature;the pulse","Laryngeal diphtheria, acute laiyngitis with tracheitis and asthma, Ludwig's angina, aneurism, and ""central"" pneumonia are the most important poesibihtiee. The temperature and the absence of any physical signs on the fourth day make pneumonia very unlikely. (This opinion was later","[PROBLEM]:acute laiyngitis;aneurism;any physical signs;asthma;central  pneumonia;laryngeal diphtheria;ludwig  s angina;pneumonia;tracheitis"
"42","CASE 42 

A rather nervous gentleman, 43 years old, both of whose parents died 
of cancer, moved from the city to the couatry about a year before his 
present illness began, and became quite active out doors, with benefit 
to his appetite and general health. The winter snows, however, forced 
him to be more sedentary. When first seen in consultation with the 
family physician, who had been called only four days before, he com- 
plained of obstinate constipation. For six weeks he had had darting 
pains in the lower abdomen, worse at night, but relieved by walking.,^ 
The physician had first prescribed a laxative pill, which caused 
pain but no dejection. The next night he sat bending forward in 
pain most of the night, getting relief from an hypodermic of one 
quarter grain of morphia, twice repeated, which v/sls followed by a 
fecal discharge. The bowels were soft, except for resistance corre- 
sponding to the ascending and transverse colon. The next night he 
had an ounce each of glycerine and castor oil, but was worse the 
following day. Some flatus escaped on the day of the consultation, 
but no fecal matter had come away for at least four days. The 
temperature had remained normal. There was no vomiting. 

Physical examination showed a spare man, with an anxious face. 
Rectal examination was negative. The abdomen was distended with 
gas and somewhat tense, but nowhere especially tender. When the 
patient's attention was diverted, the resistance already described could 
be felt. The pulse was not remarkable at first, but after the examina- 
tion it became rapid and feeble, improving again after a little brandy. 

1. What special significance has the effect of the morphia in thb case? When 

morphia produces & fecal movement it doea bo t^ relieving spaem. Such 
spasm is apt to occur above a stricture (cancerotis or other) of the gut. 

2. What can be inferred from the rectal examination here? That there is no ob- 

struction within reach of the examiner's finger. 

3. How do you interpret the absence of vomiting? The obstruction is not com- 

plete (gas pasBcs) and is probablj' low down in the large gut. 

4. Why were his pains relieved by walking? The element of spasm above men- 

tioned may have been helped by walking, as any form of constipation may be. 

5. Diagnosis? Prognosis? Treatment? 

Diagnosis: Gradually increasing constipation, leading finally to complete stop- 
page of fecal movements, with abdominal distention, pain, and a pulse that 
easily becomes rapid and feeble, all point to intestinal obstruction, apparently 
in the region of tbe splenic flexure of tbe colon, behind which feces are 
accumulated. At his age, and in the absence of any history of previous 
peritonitis or laparotomy, cancer of the bowel is the commonest cause- 
Prognosis: Orave; operation may relieve, but early recurrence is the rule. 
Treatment: Immediate laparotomy, artificial anus; later an attempt to ex- 
tirpate the growth.","[{'text': 'cancer', 'label': 'problem', 'score': 0.9796, 'start': 83, 'end': 89}, {'text': 'his present illness', 'label': 'problem', 'score': 0.8314, 'start': 146, 'end': 166}, {'text': 'obstinate constipation', 'label': 'problem', 'score': 0.9933, 'start': 443, 'end': 465}, {'text': 'darting pains in the lower abdomen', 'label': 'problem', 'score': 0.9974, 'start': 492, 'end': 527}, {'text': 'a laxative pill', 'label': 'treatment', 'score': 0.968, 'start': 608, 'end': 623}, {'text': 'pain', 'label': 'problem', 'score': 0.9884, 'start': 639, 'end': 643}, {'text': 'dejection', 'label': 'problem', 'score': 0.888, 'start': 651, 'end': 660}, {'text': 'pain', 'label': 'problem', 'score': 0.9545, 'start': 704, 'end': 708}, {'text': 'an hypodermic', 'label': 'problem', 'score': 0.9397, 'start': 748, 'end': 761}, {'text': 'morphia', 'label': 'problem', 'score': 0.9048, 'start': 787, 'end': 794}, {'text': 'a fecal discharge', 'label': 'problem', 'score': 0.9745, 'start': 836, 'end': 854}, {'text': 'resistance', 'label': 'problem', 'score': 0.9039, 'start': 889, 'end': 899}, {'text': 'sp', 'label': 'problem', 'score': 0.5709, 'start': 908, 'end': 910}, {'text': 'colon', 'label': 'problem', 'score': 0.5206, 'start': 949, 'end': 954}, {'text': 'glycerine', 'label': 'treatment', 'score': 0.9408, 'start': 996, 'end': 1005}, {'text': 'castor oil', 'label': 'treatment', 'score': 0.9906, 'start': 1010, 'end': 1020}, {'text': 'some flatus', 'label': 'problem', 'score': 0.8923, 'start': 1056, 'end': 1067}, {'text': 'the', 'label': 'test', 'score': 0.6753, 'start': 1090, 'end': 1093}, {'text': 'fecal matter', 'label': 'problem', 'score': 0.8346, 'start': 1116, 'end': 1128}, {'text': 'vomiting', 'label': 'problem', 'score': 0.9975, 'start': 1218, 'end': 1226}, {'text': 'physical examination', 'label': 'test', 'score': 0.9957, 'start': 1230, 'end': 1250}, {'text': 'an anxious', 'label': 'problem', 'score': 0.8485, 'start': 1276, 'end': 1286}, {'text': 'rectal examination', 'label': 'test', 'score': 0.9969, 'start': 1294, 'end': 1312}, {'text': 'distended', 'label': 'problem', 'score': 0.925, 'start': 1343, 'end': 1352}, {'text': 'gas', 'label': 'problem', 'score': 0.9032, 'start': 1359, 'end': 1362}, {'text': 'somewhat tense', 'label': 'problem', 'score': 0.7104, 'start': 1367, 'end': 1381}, {'text': 'tender', 'label': 'problem', 'score': 0.9204, 'start': 1406, 'end': 1412}, {'text': 'the resistance', 'label': 'problem', 'score': 0.976, 'start': 1458, 'end': 1472}, {'text': 'the pulse', 'label': 'test', 'score': 0.8344, 'start': 1507, 'end': 1516}, {'text': 'the examinaon', 'label': 'test', 'score': 0.9419, 'start': 1556, 'end': 1574}, {'text': 'rapid', 'label': 'problem', 'score': 0.9792, 'start': 1585, 'end': 1590}, {'text': 'feeble', 'label': 'problem', 'score': 0.7503, 'start': 1595, 'end': 1601}, {'text': 'little brandy', 'label': 'treatment', 'score': 0.7489, 'start': 1627, 'end': 1640}, {'text': 'the morphia', 'label': 'problem', 'score': 0.9881, 'start': 1691, 'end': 1702}, {'text': 'thb', 'label': 'problem', 'score': 0.82, 'start': 1706, 'end': 1709}, {'text': 'morphia', 'label': 'problem', 'score': 0.9469, 'start': 1723, 'end': 1730}, {'text': 'fecal movement', 'label': 'problem', 'score': 0.8674, 'start': 1742, 'end': 1756}, {'text': 'such spasm', 'label': 'problem', 'score': 0.9903, 'start': 1788, 'end': 1799}, {'text': 'a stricture', 'label': 'problem', 'score': 0.9825, 'start': 1822, 'end': 1833}, {'text': 'cancerotis', 'label': 'problem', 'score': 0.9567, 'start': 1835, 'end': 1845}, {'text': 'other', 'label': 'problem', 'score': 0.766, 'start': 1849, 'end': 1854}, {'text': 'of the gut', 'label': 'problem', 'score': 0.9741, 'start': 1856, 'end': 1866}, {'text': 'the rectal examination', 'label': 'test', 'score': 0.9971, 'start': 1899, 'end': 1921}, {'text': 'ob - struction', 'label': 'problem', 'score': 0.9964, 'start': 1945, 'end': 1960}, {'text': 'examiner', 'label': 'test', 'score': 0.7827, 'start': 1981, 'end': 1989}, {'text': 'vomiting', 'label': 'problem', 'score': 0.9694, 'start': 2041, 'end': 2049}, {'text': 'the obstruction', 'label': 'problem', 'score': 0.9966, 'start': 2051, 'end': 2066}, {'text': 'com', 'label': 'problem', 'score': 0.4386, 'start': 2074, 'end': 2077}, {'text': 'pl', 'label': 'test', 'score': 0.3874, 'start': 2081, 'end': 2083}, {'text': 'gas pasbcs', 'label': 'test', 'score': 0.5542, 'start': 2088, 'end': 2098}, {'text': 'proba', 'label': 'problem', 'score': 0.74, 'start': 2107, 'end': 2112}, {'text': 'his pains', 'label': 'problem', 'score': 0.9972, 'start': 2158, 'end': 2167}, {'text': 'spasm', 'label': 'problem', 'score': 0.9367, 'start': 2204, 'end': 2209}]","[PROBLEM]:a fecal discharge;a stricture;an anxious;an hypodermic;cancer;cancerotis;colon;com;darting pains in the lower abdomen;dejection;distended;fecal matter;fecal movement;feeble;gas;his pains;his present illness;morphia;ob - struction;obstinate constipation;of the gut;other;pain;proba;rapid;resistance;some flatus;somewhat tense;sp;spasm;such spasm;tender;thb;the morphia;the obstruction;the resistance;vomiting.[TREATMENT]:a laxative pill;castor oil;glycerine;little brandy.[TEST]:examiner;gas pasbcs;physical examination;pl;rectal examination;the;the examinaon;the pulse;the rectal examination","Gradually increasing constipation, leading finally to complete stop- page of fecal movements, with abdominal distention, pain, and a pulse that easily becomes rapid and feeble, all point to intestinal obstruction, apparently in the region of tbe splenic flexure of tbe colon, behind which feces are accumulated. At his age, and in the absence of any history of previous peritonitis or laparotomy, cancer of the bowel is the commonest cause- Prognosis: Orave; operation may relieve, but early recurrence is the rule. Treatment: Immediate laparotomy, artificial anus; later an attempt to ex- tirpate the growth.","[PROBLEM]:abdominal distention;artificial anus;cancer of the bowel;early recurrence;fecal movements;feces;feeble;gradually increasing constipation;intestinal obstruction;laparotomy;orave;pain;previous peritonitis;rapid;tbe colon;tbe splenic flexure;the growth.[TREATMENT]:immediate laparotomy;operation;treatment.[TEST]:pulse"
"43","CASE 43 

A busineee maD of 26, of good family history, habits, and previous 
health, is seen in November, 1900, In the latter part of July, after golf, 
which he plays with the left hand down, he suffered during part of the 
night from severe pain throughout the left arm. A month later he had 
a similar attack, not following golf, and the pain then recurred nightly 
after 1 a.m. During the daytime the pain was only occasional. About 
eight weeks ago he began to have ""indigestion"" — i.e., a sensation as if 
food was arrested on its way to the stomach, which, apparently, man- 
aged it well enough after its arrival. About two weeks later a dry, harass- 
it^ cough came on, troubling him most when on his back or right side, 
but also excited by taking food. Soon after this he noticed that the 
veins in his neck swelled up when he stooped over, and he had to have his 
head higher at night. Lately he has had severe night sweats. Pain, espe- 
cially in his left arm, dysphagia, and dry cough are now the most prom- 
inent symptoms. There has been some loss of weight, more of strength. 

He is pale, nervous, and excited. The pulse and respiration are 
normal in the erect position. Lying down causes marked dyspncea. 
Toward the root of the neck on the left side discreet, non-tender lumps 
can be felt, without attachment to or reddening of the skin. Percus- 
sion is dull over the upper sternum, without prominence or pulsation. 
The radiala are a3'nehronous and equal in volume; the pupils are equal; 
there is no tracheal tug. Thoracic and abdominal exploration is other- 
wise negative. So also the urine. The axillary and inguinal glands 
are not enlarged. Hemoglobin 70 %; reds 4^ million; whites 22,300. 

1. What is the significance of p»n which is worse at night? Congestive pain, such 

as that of toothache, of certain headaches and of qrphilitic periostitis, is 
increaaed by a position that bringa more blood to the part. Any relatively 
mild pain is felt more severely at night because of the absence of distraction. 

2. What temperature should you expect in this case7 Slight, irregular fever. 

3. What importance has the age of this patient? Cancer and aneurism are un- 

likely at twenty-six. 

4. IMagno^? Prognosis? Treatment? 

EKagnoMs; Piun in the left arm, dysphagia, dyspncea, dry cough, lumps in the 
neck, duhiess behind the sternum, marked increase of leucocytes, are the im- 
portant data here, and all suggest aneurism or mediastinal tumor. Aneurism 
is rare at 26 years and does not produce leucocytosis or lumps in the neck. 
Hodgkins disease and leucaemia are identical but for the blood. In this case 
the blood showed lymphocytes 65.3%, polynucleara 34% eosinophiles and 
myelocytes each 4%. Lymphatic leuceemia is accordingly the diagnosis. 

Prognosis: Cases with fever usually run a short couise — six months or less. 

Treatment: X-ray exposures may diminish the size of glands and possibly pro- 
long lite. Daily exposure of five to ten minutes over the sternum and 
neck with a bard tube should be continued until there is the faintest sug- 
gesUon of bum. Then the spleen and long bones may be exposed. ","[{'text': 'a bus', 'label': 'problem', 'score': 0.4402, 'start': 10, 'end': 15}, {'text': 'mad', 'label': 'problem', 'score': 0.5918, 'start': 21, 'end': 24}, {'text': 'severe pain throughout the left arm', 'label': 'problem', 'score': 0.9031, 'start': 237, 'end': 272}, {'text': 'a similar attack', 'label': 'problem', 'score': 0.992, 'start': 296, 'end': 312}, {'text': 'the pain', 'label': 'problem', 'score': 0.9912, 'start': 338, 'end': 346}, {'text': 'the pain', 'label': 'problem', 'score': 0.9617, 'start': 402, 'end': 410}, {'text': 'indigestion', 'label': 'problem', 'score': 0.8621, 'start': 473, 'end': 484}, {'text': 'a dry harass - it ^ cough', 'label': 'problem', 'score': 0.9108, 'start': 644, 'end': 669}, {'text': 'the veins in his neck', 'label': 'problem', 'score': 0.9066, 'start': 796, 'end': 818}, {'text': 'severe night sweats', 'label': 'problem', 'score': 0.9973, 'start': 916, 'end': 935}, {'text': 'pain', 'label': 'problem', 'score': 0.9965, 'start': 937, 'end': 941}, {'text': 'espe - cially in his left arm', 'label': 'problem', 'score': 0.8144, 'start': 943, 'end': 972}, {'text': 'dysphagia', 'label': 'problem', 'score': 0.9726, 'start': 974, 'end': 983}, {'text': 'dry cough', 'label': 'problem', 'score': 0.9967, 'start': 989, 'end': 998}, {'text': 'prom - inent symptoms', 'label': 'problem', 'score': 0.8644, 'start': 1016, 'end': 1037}, {'text': 'some loss of weight', 'label': 'problem', 'score': 0.9361, 'start': 1054, 'end': 1073}, {'text': 'of strength', 'label': 'problem', 'score': 0.6022, 'start': 1080, 'end': 1091}, {'text': 'pale', 'label': 'problem', 'score': 0.9875, 'start': 1101, 'end': 1105}, {'text': 'nervous', 'label': 'problem', 'score': 0.9864, 'start': 1107, 'end': 1114}, {'text': 'excited', 'label': 'problem', 'score': 0.9599, 'start': 1120, 'end': 1127}, {'text': 'the pulsepiration', 'label': 'test', 'score': 0.6587, 'start': 1129, 'end': 1154}, {'text': 'marked dyspncea', 'label': 'problem', 'score': 0.992, 'start': 1208, 'end': 1223}, {'text': 'non - tender lumps', 'label': 'problem', 'score': 0.9949, 'start': 1281, 'end': 1297}, {'text': 'attachment', 'label': 'problem', 'score': 0.8868, 'start': 1320, 'end': 1330}, {'text': 'reddening of the skin', 'label': 'problem', 'score': 0.9403, 'start': 1337, 'end': 1358}, {'text': 'percus - sion', 'label': 'problem', 'score': 0.7564, 'start': 1360, 'end': 1373}, {'text': 'dull', 'label': 'problem', 'score': 0.8351, 'start': 1377, 'end': 1381}, {'text': 'prominence', 'label': 'problem', 'score': 0.8543, 'start': 1414, 'end': 1424}, {'text': 'pulsation', 'label': 'problem', 'score': 0.7552, 'start': 1428, 'end': 1437}, {'text': 'tracheal tug', 'label': 'problem', 'score': 0.9784, 'start': 1525, 'end': 1537}, {'text': 'thoracic and abdominal exploration', 'label': 'test', 'score': 0.9412, 'start': 1539, 'end': 1573}, {'text': 'hemogbin', 'label': 'test', 'score': 0.8571, 'start': 1671, 'end': 1681}, {'text': 'reds', 'label': 'test', 'score': 0.9941, 'start': 1688, 'end': 1692}, {'text': 'whites', 'label': 'test', 'score': 0.9772, 'start': 1705, 'end': 1711}, {'text': 'congestive pain', 'label': 'problem', 'score': 0.9758, 'start': 1782, 'end': 1797}, {'text': 'toothache', 'label': 'problem', 'score': 0.9854, 'start': 1817, 'end': 1826}, {'text': 'certain headaches', 'label': 'problem', 'score': 0.9673, 'start': 1831, 'end': 1848}, {'text': 'qrphilitic periostitis', 'label': 'problem', 'score': 0.8931, 'start': 1856, 'end': 1878}, {'text': 'blood', 'label': 'problem', 'score': 0.7682, 'start': 1925, 'end': 1930}, {'text': 'the', 'label': 'problem', 'score': 0.5765, 'start': 1934, 'end': 1937}, {'text': 'any relatively mild pain', 'label': 'problem', 'score': 0.9025, 'start': 1944, 'end': 1969}, {'text': 'distraction', 'label': 'problem', 'score': 0.8825, 'start': 2027, 'end': 2038}]","[PROBLEM]:a bus;a dry harass - it ^ cough;a similar attack;any relatively mild pain;attachment;blood;certain headaches;congestive pain;distraction;dry cough;dull;dysphagia;espe - cially in his left arm;excited;indigestion;mad;marked dyspncea;nervous;non - tender lumps;of strength;pain;pale;percus - sion;prom - inent symptoms;prominence;pulsation;qrphilitic periostitis;reddening of the skin;severe night sweats;severe pain throughout the left arm;some loss of weight;the;the pain;the veins in his neck;toothache;tracheal tug.[TEST]:hemogbin;reds;the pulsepiration;thoracic and abdominal exploration;whites","Piun in the left arm, dysphagia, dyspncea, dry cough, lumps in the neck, duhiess behind the sternum, marked increase of leucocytes, are the im- portant data here, and all suggest aneurism or mediastinal tumor. Aneurism is rare at 26 years and does not produce leucocytosis or lumps in the neck. Hodgkins disease and leucaemia are identical but for the blood. In this case the blood showed lymphocytes 65.3%, polynucleara 34% eosinophiles and myelocytes each 4%. Lymphatic leuceemia is accordingly the diagnosis.","[PROBLEM]:aneurism;dry cough;duhiess behind the sternum;dysphagia;dyspncea;hodgkins disease;in the left arm;leucaemia;leucocytosis;lumps in the neck;lymphatic leuceemia;marked increase of leucocytes;mediastinal tumor.[TEST]:lymphocytes;myelocytes;piun;polynuclearanophile;portant;the blood"
"44","CASE 44 

A woman of 35, maFried ten years, five children. Has had con- 
siderable womb trouble and been treated for it by local physician. Of 
late, it has been less troublesome. Father died of cancer, mother of 
""a decline."" For a year has had much to worry her, and has been 
running down and getting nervous. Is troubled with sour eructations 
after meals, especially in the morning. Bowels rather costive. Appe- 
tite as good as usual. Lost no flesh. Occasional severe headache, 
frontal and occipital. Sleeps poorly. ""Hot flushes"" frequent. For 
the last day or two (since coming to Boston) has been voniiting a good 
deal of greenish stuS. 

When seen, was drawn and pinched in the face and nauseated. 
Complained of general abdominal pain, but no tenderness could be 
found, and physical examination was negative except a sharply accented 
aortic second sound. At times she was quite hysterical, after which 
she passed a large amount of pale urine. Very nervous, restless, and 
alarmed about herself. No fever; pulse 110. Complained at times 
of headache. Knee-jerks lively; no clonus. Uterus retroflexed and 
bound down with adhesions. 

Diagnows: Increa^g nervousness and debility for a yeas, beadachea, dyspepsia, 

and vomiting, might all be explained aa the conmion portion of hysterical 
women at this age. The association of headache and vomiting (""sick head- 
ache"") suggests EQigraine, and the condition of the uterus might be thought of 
as helping, together with dyspepsia and constipation, to explain these head- 
aches. Such was in fact the diagnosis made in this case, and thereby a serious 
mistake was made. The woman died in three days of uremia. The urine 
by some accident was not examined, but even without that the sharply 
accented aortic second sound should, at her age, have suggested nephritis. 
At autopsy secondary contracted kidneys weie found. 

In this case the hysterical symptoms so impressed themselves on us, that we neg- 
lected a thorough search for organic disease. It is imftortant to remember 
that the combination of headache and vomiting may mean eititer a commoa 
""sick headache"" or a dangerous ursmia. Organic brain disease, tumor, 
abscess, meningitis, are also possible, but there were no focal symptoms or 
choked disk in this case. The high tension pulse, sharp aortic second, and 
abundant pale urine pointed straight to the diagnosis, had we aot been blind 
to it.* The uterine condition in this, as in many other cases, produced no 
symptoms and bad nothing to do with the case. Much harm is often done 
by treating such lesions as disease, instead of letting them alone. 

Prognosb; In such a case, by vigorous depletion (including perhaps venesection) 
urtemia may perhaps be staved off for weeks or even months. 

Treatment: Bleeding and saline transfusion should be tried at once. Next 
day purgation with concentrated magnesic sulphate, followed on the day 
after by a sweat bath. Whichever method produces the best results should 
be repeated from time to time. It often works well to sweat and purge on 
alternate days. Milk diet for a few days is best. 
• 3« aba Case 71.","[{'text': 'con - siderable womb trouble', 'label': 'problem', 'score': 0.9914, 'start': 67, 'end': 95}, {'text': 'cancer', 'label': 'problem', 'score': 0.9955, 'start': 195, 'end': 201}, {'text': 'a decline', 'label': 'problem', 'score': 0.9906, 'start': 215, 'end': 224}, {'text': 'nervous', 'label': 'problem', 'score': 0.909, 'start': 304, 'end': 311}, {'text': 'sour eructations', 'label': 'problem', 'score': 0.9731, 'start': 330, 'end': 346}, {'text': 'costive', 'label': 'problem', 'score': 0.7586, 'start': 402, 'end': 409}, {'text': 'app', 'label': 'test', 'score': 0.3885, 'start': 411, 'end': 414}, {'text': 'severe headache', 'label': 'problem', 'score': 0.9894, 'start': 467, 'end': 482}, {'text': 'frontal and occipital', 'label': 'problem', 'score': 0.9604, 'start': 485, 'end': 506}, {'text': 'hot flushes', 'label': 'problem', 'score': 0.9948, 'start': 524, 'end': 535}, {'text': 'greenish stus', 'label': 'problem', 'score': 0.9939, 'start': 632, 'end': 645}, {'text': 'pinched in the face', 'label': 'problem', 'score': 0.9187, 'start': 674, 'end': 693}, {'text': 'nauseated', 'label': 'problem', 'score': 0.6861, 'start': 698, 'end': 707}, {'text': 'general abdominal pain', 'label': 'problem', 'score': 0.998, 'start': 724, 'end': 746}, {'text': 'tenderness', 'label': 'problem', 'score': 0.9598, 'start': 755, 'end': 765}, {'text': 'physical examination', 'label': 'test', 'score': 0.9949, 'start': 787, 'end': 807}, {'text': 'a sharply accented aortic second sound', 'label': 'problem', 'score': 0.9963, 'start': 828, 'end': 867}, {'text': 'hysterical', 'label': 'problem', 'score': 0.9121, 'start': 892, 'end': 902}, {'text': 'a large amount of pale urine', 'label': 'problem', 'score': 0.8306, 'start': 928, 'end': 956}, {'text': 'very nervous', 'label': 'problem', 'score': 0.9478, 'start': 958, 'end': 970}, {'text': 'restless', 'label': 'problem', 'score': 0.9707, 'start': 972, 'end': 980}, {'text': 'alarmed', 'label': 'problem', 'score': 0.8356, 'start': 987, 'end': 994}, {'text': 'fever', 'label': 'problem', 'score': 0.9937, 'start': 1013, 'end': 1018}, {'text': 'pulse', 'label': 'test', 'score': 0.9312, 'start': 1020, 'end': 1025}, {'text': 'headache', 'label': 'problem', 'score': 0.9977, 'start': 1055, 'end': 1063}, {'text': 'knee', 'label': 'test', 'score': 0.5168, 'start': 1065, 'end': 1069}, {'text': 'jerk', 'label': 'problem', 'score': 0.5162, 'start': 1070, 'end': 1074}, {'text': 'clonus', 'label': 'problem', 'score': 0.9951, 'start': 1087, 'end': 1093}, {'text': 'adhesions', 'label': 'problem', 'score': 0.6413, 'start': 1135, 'end': 1144}, {'text': 'increa ^ g nervousness and debility', 'label': 'problem', 'score': 0.908, 'start': 1158, 'end': 1191}, {'text': 'beachea', 'label': 'problem', 'score': 0.8086, 'start': 1204, 'end': 1213}, {'text': 'dyspepsia', 'label': 'problem', 'score': 0.9698, 'start': 1215, 'end': 1224}, {'text': 'vomiting', 'label': 'problem', 'score': 0.9953, 'start': 1232, 'end': 1240}, {'text': 'headache', 'label': 'problem', 'score': 0.9976, 'start': 1341, 'end': 1349}, {'text': 'vomiting', 'label': 'problem', 'score': 0.9915, 'start': 1354, 'end': 1362}, {'text': 'sick head - ache', 'label': 'problem', 'score': 0.9974, 'start': 1365, 'end': 1381}, {'text': 'eqigraine', 'label': 'treatment', 'score': 0.5397, 'start': 1393, 'end': 1402}, {'text': 'dyspepsia', 'label': 'problem', 'score': 0.9859, 'start': 1483, 'end': 1492}, {'text': 'constipation', 'label': 'problem', 'score': 0.8506, 'start': 1497, 'end': 1509}, {'text': 'these head - aches', 'label': 'problem', 'score': 0.9858, 'start': 1522, 'end': 1540}, {'text': 'a serious mistake', 'label': 'problem', 'score': 0.6255, 'start': 1604, 'end': 1622}, {'text': 'uremia', 'label': 'problem', 'score': 0.9801, 'start': 1665, 'end': 1671}, {'text': 'the urine', 'label': 'test', 'score': 0.7145, 'start': 1673, 'end': 1682}, {'text': 'the sharply accented aortic second sound', 'label': 'problem', 'score': 0.9509, 'start': 1741, 'end': 1782}, {'text': 'nephritis', 'label': 'problem', 'score': 0.9928, 'start': 1818, 'end': 1827}, {'text': 'autopsy', 'label': 'test', 'score': 0.9195, 'start': 1833, 'end': 1840}, {'text': 'secondary contracted kidneys', 'label': 'problem', 'score': 0.9924, 'start': 1841, 'end': 1869}, {'text': 'the hysterical symptoms', 'label': 'problem', 'score': 0.9966, 'start': 1897, 'end': 1920}, {'text': 'organic disease', 'label': 'problem', 'score': 0.9974, 'start': 1995, 'end': 2010}, {'text': 'headache', 'label': 'problem', 'score': 0.9721, 'start': 2066, 'end': 2074}, {'text': 'vomiting', 'label': 'problem', 'score': 0.9893, 'start': 2079, 'end': 2087}, {'text': 'a commoa', 'label': 'problem', 'score': 0.8305, 'start': 2105, 'end': 2116}, {'text': 'sick headache', 'label': 'problem', 'score': 0.7428, 'start': 2116, 'end': 2130}, {'text': 'a dangerous ursmia', 'label': 'problem', 'score': 0.9973, 'start': 2134, 'end': 2152}, {'text': 'organic brain disease', 'label': 'problem', 'score': 0.9983, 'start': 2154, 'end': 2175}, {'text': 'tumor', 'label': 'problem', 'score': 0.8128, 'start': 2177, 'end': 2183}, {'text': 'abscess', 'label': 'problem', 'score': 0.869, 'start': 2185, 'end': 2192}]","[PROBLEM]:a commoa;a dangerous ursmia;a decline;a large amount of pale urine;a serious mistake;a sharply accented aortic second sound;abscess;adhesions;alarmed;beachea;cancer;clonus;con - siderable womb trouble;constipation;costive;dyspepsia;fever;frontal and occipital;general abdominal pain;greenish stus;headache;hot flushes;hysterical;increa ^ g nervousness and debility;jerk;nauseated;nephritis;nervous;organic brain disease;organic disease;pinched in the face;restless;secondary contracted kidneys;severe headache;sick head - ache;sick headache;sour eructations;tenderness;the hysterical symptoms;the sharply accented aortic second sound;these head - aches;tumor;uremia;very nervous;vomiting.[TREATMENT]:eqigraine.[TEST]:app;autopsy;knee;physical examination;pulse;the urine","Increa^g nervousness and debility for a yeas, beadachea, dyspepsia,","[PROBLEM]:beadachea;debility;dyspepsia;increa;nervousness;yeas"
"45","CASE 45 

A washerwoman, 68 years old, generally healthy, has been feeling 
pooriy for a month and losing appetite. A week ago began to have 
pain in abdomen; at first all over, but later settling in the lower left 
comer. It is worse when she walks, but has not kept her awake until 
last night. She has always been constipated, and the bowels have 
not moved for two days; has eaten little for two days. 

Examination: Emaciated, sallow, tongue coated, breath offensive. 
Temporal arteries stiff and tortuous. Heart dulness reaches to the right 
sternal border and up to the second rib. Apex just below the fifth rib in 
the nipple line. At the ensiform cartilage, a short murmur replacing the 
second heart sound and heard less distinctly elsewhere. First sound 
at the apex very short; heart's action somewhat irregular. Few moist 
rales at bases of both lungs, with slight dulness and diminished breath- 
ing over lower half of left back; voice sounds normal, tactile fremitus 
diminished. Abdomen slightly distended; tender in left iliac fossa, 
where a deep resistance is felt, but no tumor. IJver dulness from 
seventh rib to rib margin. Right kidney palpable. Urine normal color; 
acid, 1017; trace of albumen; no sugar. Sediment: pus, squamous, 
and spindle cells, calcic oxalate and mucus. Knee-jerks not obtained. 
Temperature, 102° at entrance to the hospital, normal next day. Pulse 
100. An enema brought away a small movement, very dark in color. 

1. What is the significance of tortuous temporal art«ries7 Nothing, unleea they 

are also rough and bard. All temporal arteries are tortuous. 

2. How do you interpret the dimensiona of the heart in this case? They are Dormal. 

3. How do you explain the murmur^ If the pulse ie collapsing the murmur is 

probably due to aortic regurgitation. 

4. How does the significance of arhythmia in aortic regurgitation differ from ils 

significance in mitral stenoaisT It is much more serious in aortic diaeaae. 
Mitral arhythmia is conaiBtent with years of fair health. 

5. Name three common causes of cardiac arhythmia? Myocardial weakness, 
mitral disease, tobacco. 

6. What sort of pulae should you expect in this case ? A collapsing pulse. 

7. How much can be inferred from the pulmonary signs here described? CEdema 

of the lungs with right hydratborax. 

8. How do you explain the area of liver dulness here given? Senile emphysema. 

9. What does the calcic oxalate mean here? Nothmg, — as ia usually the case. 

10. How is the temperature accounted for? The fatigue and emotion strain of 

entering the hospital. 

11. Diagnosis? Prognosis? Treatment? 

Diagnosis: A high enema brought away an enormous amount of feces with 
great relief to all symptoms. Fecal impaction and arterio-«cler(«is seemed 
to account for all the facts in her case. Sigmoid cancer was excluded by 
the course of the case. 
Prognosis and Treatment; By regular enemata the recurrence of impaction can 
probably be prevented. ","[{'text': 'pooriy', 'label': 'problem', 'score': 0.8658, 'start': 76, 'end': 82}, {'text': 'pain in abdomen', 'label': 'problem', 'score': 0.9976, 'start': 142, 'end': 157}, {'text': 'constipate', 'label': 'problem', 'score': 0.9093, 'start': 317, 'end': 327}, {'text': 'emaciated', 'label': 'problem', 'score': 0.9403, 'start': 421, 'end': 430}, {'text': 'sallow', 'label': 'problem', 'score': 0.9335, 'start': 432, 'end': 438}, {'text': 'tongue coated', 'label': 'problem', 'score': 0.9907, 'start': 440, 'end': 453}, {'text': 'breath offensive', 'label': 'problem', 'score': 0.9744, 'start': 455, 'end': 471}, {'text': 'stiff', 'label': 'problem', 'score': 0.8589, 'start': 492, 'end': 497}, {'text': 'tortuous', 'label': 'problem', 'score': 0.7813, 'start': 502, 'end': 510}, {'text': 'a short murmur', 'label': 'problem', 'score': 0.9965, 'start': 667, 'end': 681}, {'text': 'short', 'label': 'problem', 'score': 0.6897, 'start': 783, 'end': 788}, {'text': 'few moist rales at bases', 'label': 'problem', 'score': 0.9386, 'start': 825, 'end': 850}, {'text': 'both lungs', 'label': 'problem', 'score': 0.9378, 'start': 854, 'end': 864}, {'text': 'slight dulness', 'label': 'problem', 'score': 0.9979, 'start': 871, 'end': 885}, {'text': 'diminished breath - ing over', 'label': 'problem', 'score': 0.8908, 'start': 890, 'end': 918}, {'text': 'tactile fremitus diminished', 'label': 'problem', 'score': 0.9229, 'start': 965, 'end': 993}, {'text': 'abdomen', 'label': 'problem', 'score': 0.9281, 'start': 995, 'end': 1002}, {'text': 'slightly distended', 'label': 'problem', 'score': 0.9228, 'start': 1003, 'end': 1021}, {'text': 'tender in left iliac fossa', 'label': 'problem', 'score': 0.9864, 'start': 1023, 'end': 1049}, {'text': 'a deep resistance', 'label': 'problem', 'score': 0.996, 'start': 1058, 'end': 1075}, {'text': 'tumor', 'label': 'problem', 'score': 0.9957, 'start': 1092, 'end': 1097}, {'text': 'albumen', 'label': 'problem', 'score': 0.8635, 'start': 1211, 'end': 1218}, {'text': 'sugar', 'label': 'problem', 'score': 0.9047, 'start': 1223, 'end': 1228}, {'text': 'pus', 'label': 'problem', 'score': 0.9819, 'start': 1240, 'end': 1243}, {'text': 'squamous and spindle cells', 'label': 'problem', 'score': 0.9418, 'start': 1245, 'end': 1273}, {'text': 'calcic oxalate', 'label': 'problem', 'score': 0.9229, 'start': 1275, 'end': 1289}, {'text': 'mucus', 'label': 'problem', 'score': 0.7031, 'start': 1294, 'end': 1299}, {'text': 'knee - jerks', 'label': 'test', 'score': 0.5949, 'start': 1301, 'end': 1311}, {'text': 'temperature', 'label': 'test', 'score': 0.9804, 'start': 1327, 'end': 1338}, {'text': 'pulse', 'label': 'test', 'score': 0.9641, 'start': 1391, 'end': 1396}, {'text': 'an enema', 'label': 'problem', 'score': 0.9966, 'start': 1403, 'end': 1411}, {'text': 'a small movement', 'label': 'problem', 'score': 0.8406, 'start': 1425, 'end': 1441}, {'text': 'very dark in color', 'label': 'problem', 'score': 0.8425, 'start': 1443, 'end': 1461}, {'text': 'tortu', 'label': 'problem', 'score': 0.9896, 'start': 1496, 'end': 1501}, {'text': 'temporal art', 'label': 'problem', 'score': 0.7455, 'start': 1505, 'end': 1517}, {'text': 'rough', 'label': 'problem', 'score': 0.5361, 'start': 1556, 'end': 1561}, {'text': 'bard', 'label': 'problem', 'score': 0.4207, 'start': 1566, 'end': 1570}, {'text': 'tortuous', 'label': 'problem', 'score': 0.5696, 'start': 1598, 'end': 1606}, {'text': 'the murmur', 'label': 'problem', 'score': 0.9929, 'start': 1717, 'end': 1727}, {'text': 'the pulse ie', 'label': 'problem', 'score': 0.9561, 'start': 1732, 'end': 1744}, {'text': 'the murmur', 'label': 'problem', 'score': 0.9573, 'start': 1756, 'end': 1766}, {'text': 'aortic regurgitation', 'label': 'problem', 'score': 0.995, 'start': 1788, 'end': 1808}, {'text': 'arhythmia', 'label': 'problem', 'score': 0.997, 'start': 1844, 'end': 1853}, {'text': 'aortic regurgitationrticae', 'label': 'problem', 'score': 0.7416, 'start': 1857, 'end': 1970}, {'text': 'mitral arhythmia', 'label': 'problem', 'score': 0.9955, 'start': 1973, 'end': 1989}, {'text': 'cardiac arhythmia', 'label': 'problem', 'score': 0.9976, 'start': 2064, 'end': 2081}, {'text': 'myocardial weakness', 'label': 'problem', 'score': 0.9989, 'start': 2083, 'end': 2102}, {'text': 'mitral', 'label': 'problem', 'score': 0.9485, 'start': 2105, 'end': 2111}]","[PROBLEM]:a deep resistance;a short murmur;a small movement;abdomen;albumen;an enema;aortic regurgitation;aortic regurgitationrticae;arhythmia;bard;both lungs;breath offensive;calcic oxalate;cardiac arhythmia;constipate;diminished breath - ing over;emaciated;few moist rales at bases;mitral;mitral arhythmia;mucus;myocardial weakness;pain in abdomen;pooriy;pus;rough;sallow;short;slight dulness;slightly distended;squamous and spindle cells;stiff;sugar;tactile fremitus diminished;temporal art;tender in left iliac fossa;the murmur;the pulse ie;tongue coated;tortu;tortuous;tumor;very dark in color.[TEST]:knee - jerks;pulse;temperature","A high enema brought away an enormous amount of feces with great relief to all symptoms. Fecal impaction and arterio-«cler(«is seemed to account for all the facts in her case. Sigmoid cancer was excluded by the course of the case. Prognosis and Treatment; By regular enemata the recurrence of impaction can probably be prevented.","[PROBLEM]:a high enema;all symptoms;an enormous amount of feces;arterio;cl;fecal impaction;impaction;sigmoid cancer;the recurrence.[TREATMENT]:regular enema;treatment"
"46","CASE 46 

A banker, 58 years old, of good family and previom history, of good 
habits except for very rapid eating, is seen May 1st. About a year ago 
his remaining teeth, which were few and inefficient, were extracted. 
False teeth were procured, but he has not been able to wear thenn on 
account of sore mouth, apparently subjective rather than objective. 
His wife states that for at least a year he has not been as vigorous as 
formerly. He says that during the summer his sleep was poor, without 
apparent cause. In June he took a vacation, but returned weaker than 
when he went, complaining of poor appetite and digestion, nausea and 
occasional vomiting. The vomitus was not characteristic. He did not 
gain in the summer and his complexion became sallow, November 15th, 
after drinking moderately of cider, diarrhcea came on; and between 
this date and February he lost fifty-one pounds in weight. Soon after 
this the diarrhoea was cheeked, and since the last of February loss in 
weight has been trifling, though his color and strength have continued 
to fail. His digestion is better, and he takes a fair amount of food. 
His main complaint at present is of weakness, lassitude, and shortness 
of breath on slight exertion. No fever has been noted. Several exam- 
inations of the urine have been made, all negative until a week ago 
when a single specimen showed sp. gr. 1008, albumen ^%, some pus — 
not' enough, it was thought, to count for the albumen — and a few 
hyaline casts. The twenty-four hour amount is not known, but is 
believed by the attending physician to be increased. Pulse 84, regu- 
lar, feeble, and of low tension. Temperature 99,6"". Marked pallor of 
skin and mucous membranes, with a yellowish tinge. Soft systolic 
murmurs are heard in the mitral and pulmonic areas; the heart is not 
enlarged. There is slight cedema of the ankles. Visceral examination 
is otherwise negative. 

1. What chronic dbeases are most prone to appear at 587 Cancer, arterio-sclero- 

ais and its results. 

2. What seems to account for the dian4i(ea? (See diagnosis.) 

3. What is the signiHcance of a urine of low specific gravity? Profuse ingestion of 

fluid, nervousness, chronic intestitial nephritis, diabetes insipidus. 

4. Diagnosis? Prognosis? Treatment? 

Diagnosis: Yellowish pallor, weakness, and dyspncea, with no obvious disease of 
the heart or lungs, suggest grave antemia. The urinaiy abnonnaUties are 
too recent to account for the ^mptoms. Gaatro-intestmal symptoms such 
as are described often occur in ansemia. ""Hie cider bad probably no effect. 
Blood examination revealed typical pernicious aniemia. 

PrognoMS and Treatment. (See above, Case 4.)","[{'text': 'ineffint', 'label': 'problem', 'score': 0.5414, 'start': 191, 'end': 202}, {'text': 'thenn', 'label': 'treatment', 'score': 0.7757, 'start': 281, 'end': 286}, {'text': 'sore mouth', 'label': 'problem', 'score': 0.9963, 'start': 302, 'end': 312}, {'text': 'poor appetite and digestion', 'label': 'problem', 'score': 0.9336, 'start': 602, 'end': 629}, {'text': 'nausea', 'label': 'problem', 'score': 0.9955, 'start': 631, 'end': 637}, {'text': 'vomiting', 'label': 'problem', 'score': 0.5725, 'start': 654, 'end': 662}, {'text': 'sal', 'label': 'problem', 'score': 0.626, 'start': 757, 'end': 760}, {'text': 'diarrhcea', 'label': 'problem', 'score': 0.8763, 'start': 817, 'end': 826}, {'text': 'in weight', 'label': 'problem', 'score': 0.8174, 'start': 897, 'end': 906}, {'text': 'the diarrhoea', 'label': 'problem', 'score': 0.9934, 'start': 925, 'end': 938}, {'text': 'loss in weight', 'label': 'problem', 'score': 0.9855, 'start': 983, 'end': 998}, {'text': 'color', 'label': 'problem', 'score': 0.589, 'start': 1029, 'end': 1034}, {'text': 'weakness', 'label': 'problem', 'score': 0.9982, 'start': 1171, 'end': 1179}, {'text': 'lassitude', 'label': 'problem', 'score': 0.7805, 'start': 1181, 'end': 1190}, {'text': 'shortness of breath', 'label': 'problem', 'score': 0.8934, 'start': 1196, 'end': 1216}, {'text': 'fever', 'label': 'problem', 'score': 0.9972, 'start': 1240, 'end': 1245}, {'text': 'several', 'label': 'problem', 'score': 0.5337, 'start': 1262, 'end': 1269}, {'text': 'exam -', 'label': 'test', 'score': 0.5299, 'start': 1270, 'end': 1275}, {'text': 'inations', 'label': 'test', 'score': 0.6604, 'start': 1277, 'end': 1285}, {'text': 'of the urine', 'label': 'problem', 'score': 0.5975, 'start': 1286, 'end': 1298}, {'text': 'sp', 'label': 'problem', 'score': 0.7585, 'start': 1376, 'end': 1378}, {'text': 'albumen', 'label': 'problem', 'score': 0.9401, 'start': 1390, 'end': 1397}, {'text': 'some pus', 'label': 'problem', 'score': 0.992, 'start': 1402, 'end': 1410}, {'text': 'albumen', 'label': 'problem', 'score': 0.4543, 'start': 1460, 'end': 1467}, {'text': 'hyaline casts', 'label': 'problem', 'score': 0.8998, 'start': 1481, 'end': 1494}, {'text': 'pulse', 'label': 'test', 'score': 0.825, 'start': 1599, 'end': 1604}, {'text': 'regu', 'label': 'problem', 'score': 0.7323, 'start': 1609, 'end': 1613}, {'text': 'la', 'label': 'problem', 'score': 0.5622, 'start': 1616, 'end': 1618}, {'text': 'feeble', 'label': 'problem', 'score': 0.9568, 'start': 1621, 'end': 1627}, {'text': 'low tension', 'label': 'problem', 'score': 0.7607, 'start': 1636, 'end': 1647}, {'text': 'temperature', 'label': 'test', 'score': 0.9727, 'start': 1649, 'end': 1660}, {'text': 'marked pallor of skin and mucous membranes', 'label': 'problem', 'score': 0.9936, 'start': 1668, 'end': 1711}, {'text': 'a yellowish tinge', 'label': 'problem', 'score': 0.9309, 'start': 1718, 'end': 1735}, {'text': 'soft systolic murmurslm', 'label': 'problem', 'score': 0.9153, 'start': 1737, 'end': 1792}, {'text': 'enlarged', 'label': 'problem', 'score': 0.8122, 'start': 1822, 'end': 1830}, {'text': 'slight cedema of the ankles', 'label': 'problem', 'score': 0.9978, 'start': 1841, 'end': 1868}, {'text': 'visceral examination', 'label': 'test', 'score': 0.9941, 'start': 1870, 'end': 1890}, {'text': 'chronic dbeases', 'label': 'problem', 'score': 0.9206, 'start': 1925, 'end': 1940}, {'text': '587', 'label': 'problem', 'score': 0.7986, 'start': 1969, 'end': 1972}, {'text': 'cancer', 'label': 'problem', 'score': 0.6908, 'start': 1973, 'end': 1979}, {'text': 'arterio - sclero - ais', 'label': 'problem', 'score': 0.8584, 'start': 1981, 'end': 2002}, {'text': 'the dian4i  ea', 'label': 'problem', 'score': 0.8264, 'start': 2051, 'end': 2064}, {'text': 'a urine of low specific gravity', 'label': 'problem', 'score': 0.9564, 'start': 2115, 'end': 2146}, {'text': 'profuse ingest', 'label': 'problem', 'score': 0.9006, 'start': 2148, 'end': 2162}]","[PROBLEM]:587;a urine of low specific gravity;a yellowish tinge;albumen;arterio - sclero - ais;cancer;chronic dbeases;color;diarrhcea;enlarged;feeble;fever;hyaline casts;in weight;ineffint;la;lassitude;loss in weight;low tension;marked pallor of skin and mucous membranes;nausea;of the urine;poor appetite and digestion;profuse ingest;regu;sal;several;shortness of breath;slight cedema of the ankles;soft systolic murmurslm;some pus;sore mouth;sp;the dian4i  ea;the diarrhoea;vomiting;weakness.[TREATMENT]:thenn.[TEST]:exam -;inations;pulse;temperature;visceral examination","Yellowish pallor, weakness, and dyspncea, with no obvious disease of the heart or lungs, suggest grave antemia. The urinaiy abnonnaUties are too recent to account for the ^mptoms. Gaatro-intestmal symptoms such as are described often occur in ansemia. ""Hie cider bad probably no effect. Blood examination revealed typical pernicious aniemia.","[PROBLEM]:ansemia;dyspncea;gaatro - intestmal symptoms;grave antemia;obvious disease of the heart or lungs;typical pernicious aniemia;weakness;yellowish pallor.[TREATMENT]:cider.[TEST]:blood examination;the ^ mptoms;the urinaiy abnonnauties"
"47","CASE 47 

A merchant, aged 35, is seea March 30. Has never beeo very rugged. 
Last summer had a cough which peraiated until he went to the moun- 
tains, lately has felt rather better than usual. On the evening of 
March 28 attended an elaborate dinner. Shortly after returning home, 
he had a chill and began to vomit, lobster and mushrooms being noted 
in the vomitus. On the morning of the 29th he complained of nausea 
and violent headache. Temperature 101°, pulse 96. Toward noon he 
began to grow stupid and within an hour could not be roused. The 
respiration became rhythmical with occasional intervals of apncea lasting 
twenty-five seconds. The pulse also was rhythmical, varying from 38 
to 108 as extreme limits, the lower rate corresponding to the periods 
of apncea. On the morning of the 30th he had regained consciousness 
but was still dull. Headache much better. Temperature normal, 
pulse and respiration showed a hardly noticeable rhythm. Vomiting 
had not occurred since eleven o'clock the preceding day. He remained 
dull, but could be roused to take interest in his surroundings. Is 
constantly tossing about the bed. At five o'clock in the afternoon, 
his physician noticed that he was absolutely deaf. Examination of 
ears negative. He replied intelligently but slowly to written ques- 
tions, but appeared to have some difficulty in seeing them. For the 
past twenty-four houra he has required catheterization. Temperature 
98°, pulse 72, respiration 24, 

Physical examination shows a pale but fairly well nourished man. 
Pupils contracted and unresponsive to light. Head moves freely except 
forward, 'in which direction motion seems slightly restricted. Examina- 
tion of chest and abdomen negative except for a slight systohc murmur 
over the pulmonic area. Knee-jerks lively, but equal. No Babinski, 
no ankle clonus. Patient apparently has full control of all his muscles. 
White cells 16,000. Urine high-colored, sp. gr. 1024, acid, very slight 
trace of albumen, few hyaline and fine granular casts, no sugar. Amount 
in past twenty-four hours, 32 oz. 

1. What is the significance of rhythmic changes in pulse and respiration? Cheyue- 

Stokes breathing, 

2. How do you explain the cough of the previous summer? It may have been 

due to tuberculosis or simply to bronchitis. 

3. What was the use of asking him to answer written queetiona? To test bis 

cerebration. 

4. Diagnosis? Prognosis? Treatment? 

Diagnosis: Ptomaine poisoning, unemia, and menin^tia should be considered, 
The first two do not stitTen the neck or produce deafness. The urine is not 
characteristic of any type of nephritis. The blood and urine are consistent 
with any of the diagnoses considered. In favor of meningitis are the pre- 
dominiiDce of cei«brftl eymptamB (coma, CheyTie-Stokee breathing, deafness, 
stiffened neek, he&dacbe) in a febrile disease of acute onset. Death occurred 
in three dajrs and epidemic meningitis was found at autopsy. 

Prognoeia: About 75% die within ten days. Deafness and blindness may 
result if recoveiy occim. 

Treatment: Wholly symptomatic and supportive.","[{'text': 'a cough', 'label': 'problem', 'score': 0.9889, 'start': 94, 'end': 101}, {'text': 'a chill', 'label': 'problem', 'score': 0.993, 'start': 291, 'end': 298}, {'text': 'nausea', 'label': 'problem', 'score': 0.9983, 'start': 414, 'end': 420}, {'text': 'violent headache', 'label': 'problem', 'score': 0.9978, 'start': 426, 'end': 442}, {'text': 'temperature', 'label': 'test', 'score': 0.812, 'start': 444, 'end': 455}, {'text': 'pulse', 'label': 'test', 'score': 0.7448, 'start': 462, 'end': 467}, {'text': 'stupid', 'label': 'problem', 'score': 0.8233, 'start': 502, 'end': 508}, {'text': 'the res', 'label': 'test', 'score': 0.7072, 'start': 549, 'end': 557}, {'text': 'apncea', 'label': 'problem', 'score': 0.6291, 'start': 613, 'end': 619}, {'text': 'the pulse', 'label': 'test', 'score': 0.8161, 'start': 650, 'end': 659}, {'text': 'apncea', 'label': 'problem', 'score': 0.7478, 'start': 772, 'end': 778}, {'text': 'dull', 'label': 'problem', 'score': 0.9595, 'start': 852, 'end': 856}, {'text': 'headache', 'label': 'problem', 'score': 0.9572, 'start': 858, 'end': 866}, {'text': 'temperature', 'label': 'test', 'score': 0.7438, 'start': 880, 'end': 891}, {'text': 'pulse', 'label': 'test', 'score': 0.9442, 'start': 901, 'end': 906}, {'text': 'respiration', 'label': 'test', 'score': 0.7093, 'start': 911, 'end': 922}, {'text': 'noticeable', 'label': 'problem', 'score': 0.6428, 'start': 939, 'end': 949}, {'text': 'vomiting', 'label': 'problem', 'score': 0.9857, 'start': 958, 'end': 966}, {'text': 'dull', 'label': 'problem', 'score': 0.8974, 'start': 1038, 'end': 1042}, {'text': 'absolutely deaf', 'label': 'problem', 'score': 0.932, 'start': 1209, 'end': 1224}, {'text': 'examination of ears', 'label': 'test', 'score': 0.9961, 'start': 1226, 'end': 1246}, {'text': 'written ques - tions', 'label': 'test', 'score': 0.7986, 'start': 1296, 'end': 1316}, {'text': 'some difficulty in', 'label': 'problem', 'score': 0.9188, 'start': 1339, 'end': 1357}, {'text': 'catheterization', 'label': 'test', 'score': 0.9835, 'start': 1419, 'end': 1434}, {'text': 'temperature', 'label': 'test', 'score': 0.9293, 'start': 1436, 'end': 1447}, {'text': 'pulse', 'label': 'test', 'score': 0.9826, 'start': 1454, 'end': 1459}, {'text': 'respiration', 'label': 'test', 'score': 0.9713, 'start': 1464, 'end': 1475}, {'text': 'physical examination', 'label': 'test', 'score': 0.9966, 'start': 1482, 'end': 1502}, {'text': 'pupils contracted', 'label': 'problem', 'score': 0.841, 'start': 1548, 'end': 1565}, {'text': 'unresponsive', 'label': 'problem', 'score': 0.9112, 'start': 1570, 'end': 1582}, {'text': 'slightly restricted', 'label': 'problem', 'score': 0.9673, 'start': 1661, 'end': 1680}, {'text': 'examina - tion of chest and abdomen', 'label': 'test', 'score': 0.9542, 'start': 1682, 'end': 1717}, {'text': 'a slight systohc murmur over the pulmonic area', 'label': 'problem', 'score': 0.9413, 'start': 1738, 'end': 1785}, {'text': 'knee - jerk', 'label': 'test', 'score': 0.587, 'start': 1787, 'end': 1796}, {'text': 'babinski', 'label': 'problem', 'score': 0.7586, 'start': 1820, 'end': 1828}, {'text': 'ankle clonus', 'label': 'problem', 'score': 0.9969, 'start': 1834, 'end': 1846}, {'text': 'white cells', 'label': 'test', 'score': 0.9827, 'start': 1905, 'end': 1916}, {'text': 'urine', 'label': 'test', 'score': 0.7762, 'start': 1925, 'end': 1930}, {'text': 'high', 'label': 'problem', 'score': 0.7645, 'start': 1931, 'end': 1935}, {'text': 'colored', 'label': 'problem', 'score': 0.9194, 'start': 1936, 'end': 1943}, {'text': 'acid', 'label': 'problem', 'score': 0.8125, 'start': 1959, 'end': 1963}, {'text': 'trace of albumen', 'label': 'problem', 'score': 0.7375, 'start': 1978, 'end': 1994}, {'text': 'few hyaline and fine granular casts', 'label': 'problem', 'score': 0.9876, 'start': 1996, 'end': 2031}, {'text': 'sugar', 'label': 'problem', 'score': 0.9439, 'start': 2036, 'end': 2041}, {'text': 'rhythmic changes in pulse and respiration', 'label': 'problem', 'score': 0.8677, 'start': 2118, 'end': 2159}, {'text': 'stokes breathing', 'label': 'problem', 'score': 0.7162, 'start': 2171, 'end': 2187}, {'text': 'the cough', 'label': 'problem', 'score': 0.9641, 'start': 2213, 'end': 2222}, {'text': 'tuberculosis', 'label': 'problem', 'score': 0.9955, 'start': 2273, 'end': 2285}, {'text': 'bronchitis', 'label': 'problem', 'score': 0.8781, 'start': 2299, 'end': 2309}]","[PROBLEM]:a chill;a cough;a slight systohc murmur over the pulmonic area;absolutely deaf;acid;ankle clonus;apncea;babinski;bronchitis;colored;dull;few hyaline and fine granular casts;headache;high;nausea;noticeable;pupils contracted;rhythmic changes in pulse and respiration;slightly restricted;some difficulty in;stokes breathing;stupid;sugar;the cough;trace of albumen;tuberculosis;unresponsive;violent headache;vomiting.[TEST]:catheterization;examina - tion of chest and abdomen;examination of ears;knee - jerk;physical examination;pulse;respiration;temperature;the pulse;the res;urine;white cells;written ques - tions","Ptomaine poisoning, unemia, and menin^tia should be considered, The first two do not stitTen the neck or produce deafness. The urine is not characteristic of any type of nephritis. The blood and urine are consistent with any of the diagnoses considered. In favor of meningitis are the pre- dominiiDce of cei«brftl eymptamB (coma, CheyTie-Stokee breathing, deafness, stiffened neek, he&dacbe) in a febrile disease of acute onset. Death occurred in three dajrs and epidemic meningitis was found at autopsy.","[PROBLEM]:a febrile disease;acute onset;any type of nephritis;cheytie;coma;deafness;epidemic meningitis;menin ^ tia;meningitisini;ptomaine poisoning;st;stiffened neek;stokee breathing;unemia.[TEST]:the blood;the urine;urine"
"48","CASE 48 

A married lady of 62 is seen. March 1. The family and previous 
histories are good. Three years ago the left breast was removed by a 
competent surgeon for cancer. Since then her health has been good 
until December 15, 1902, when, for failing eyesight, she consulted an 
oculist, who found detachment of the retina in the left eye. 

About January 1, she noticed that she wa^ short of breath. After 
this she kept very quiet as exertion brought on dyapncea. Dyapncea 
has continued her main complaint, brought on by exertion, but, espe- 
cially of late, often waking her from sleep. About two weeks ago she 
could lie on the right better than on the left side; since then there has 
been orthopncea. She has a slight dry cough, no pain, fever, or vomit- 
ing. Bowels regular. The appetite is poor. Loss of weight has not 
been marked. The pulse is 112, regular. The right chest is dull on 
percussion above, fiat below, with feeble respiration, diminished voice 
sounds, and fremitus. There is puerile breathing over the left lung, 
and a few fine rales in the fifth interspace in front. The heart's impulse 
is in the sixth space, anterior axillary line. The sounds are clear. The 
abdomen is negative; the urine, 1016-1018 in specific gravity, contains 
neither albumen nor sugar; the amount is not known, but thought to 
be normal for one in her condition. There is no cedema. 

1. Name the most important causes of dyspnoea. Cardiac weakness, emphysema, 

pteural effusion, pneumonia. 

2. (a) Significance of orthoprtoea7 (b) In what diseases does it moat often occurT 

(a) Orthopncea means dyepncea so great that lying down causes distress. 
(6) It is oftenest seen in the diseases mentioned above. 

3. Causes of displacement of the apex impulse? Cardiac hypertrophy or dilata- 

tion, pressure of pleural el!uaion or of subdiaphragmatic tumors, contraction 
of a diseased lung with pleural and pericardial adhesions, situs inverstiB. 

4. At what a^ is pleural effusion most common? Under 40. 

5. Why does she prefer to lie upon the right side? Because that frees the left 

lung for breathing, the right being embarrassed by hydrothorax. 

6. What symptoms are likely to develop later in the course of this case? Pfun, 

oedema of the right arm and of the adjacent parts. 

7. Diagnosis? Prognosis? Treatment? 

Diagnosis : Evidence of pleural effusion coming on in an elderly woman whose 
breast has been removed for cancer suggests at once a cancerous metastasis 
at the root of the lung. A simple pleuritic effusion might develop at this 
Bge, but is rare. Hydrothorax is ruled out by the absence of notable cardiac 
weakness. Paracentesis will probably decide the diagnosis by revealing a 
heavy bloody fluid such as is common only in cancerous effusions. 

Prognosis: The outlook is hopeless and life cannot be prolonged many months. 

Treatment: Temporary relief can be given by tapping the chest whenever 
dyspnoea becomes urgent. Otherwise the treatment is wholly symptomatic.","[{'text': 'cancer', 'label': 'problem', 'score': 0.994, 'start': 166, 'end': 172}, {'text': 'failing eyesight', 'label': 'problem', 'score': 0.9975, 'start': 246, 'end': 262}, {'text': 'detachment of the retina in the left eye', 'label': 'problem', 'score': 0.9975, 'start': 301, 'end': 341}, {'text': 'short of breath', 'label': 'problem', 'score': 0.9867, 'start': 387, 'end': 402}, {'text': 'orthopncea', 'label': 'problem', 'score': 0.9688, 'start': 699, 'end': 709}, {'text': 'a slight dry cough', 'label': 'problem', 'score': 0.9269, 'start': 719, 'end': 737}, {'text': 'pain', 'label': 'problem', 'score': 0.9976, 'start': 742, 'end': 746}, {'text': 'fever', 'label': 'problem', 'score': 0.9974, 'start': 748, 'end': 753}, {'text': 'vomit', 'label': 'problem', 'score': 0.9855, 'start': 758, 'end': 763}, {'text': 'ing', 'label': 'problem', 'score': 0.7275, 'start': 766, 'end': 769}, {'text': 'bow', 'label': 'problem', 'score': 0.9867, 'start': 771, 'end': 774}, {'text': 'the appetite', 'label': 'problem', 'score': 0.7414, 'start': 787, 'end': 799}, {'text': 'poor', 'label': 'problem', 'score': 0.8294, 'start': 803, 'end': 807}, {'text': 'loss of weight', 'label': 'problem', 'score': 0.9955, 'start': 809, 'end': 823}, {'text': 'the pulse', 'label': 'test', 'score': 0.9333, 'start': 846, 'end': 855}, {'text': 'dull', 'label': 'problem', 'score': 0.8667, 'start': 892, 'end': 896}, {'text': 'percussion', 'label': 'test', 'score': 0.9096, 'start': 901, 'end': 911}, {'text': 'feeble respiration', 'label': 'problem', 'score': 0.9977, 'start': 936, 'end': 954}, {'text': 'diminished voice sounds', 'label': 'problem', 'score': 0.9986, 'start': 956, 'end': 980}, {'text': 'fremitus', 'label': 'problem', 'score': 0.7657, 'start': 986, 'end': 994}, {'text': 'puerile breathing over', 'label': 'problem', 'score': 0.807, 'start': 1005, 'end': 1027}, {'text': 'a few fine rales in', 'label': 'problem', 'score': 0.9431, 'start': 1048, 'end': 1067}, {'text': 'the heart  s impulse', 'label': 'test', 'score': 0.8326, 'start': 1099, 'end': 1118}, {'text': 'the urine', 'label': 'test', 'score': 0.8759, 'start': 1215, 'end': 1224}, {'text': 'albumen', 'label': 'test', 'score': 0.6348, 'start': 1275, 'end': 1282}, {'text': 'sugar', 'label': 'test', 'score': 0.7386, 'start': 1287, 'end': 1292}, {'text': 'her condition', 'label': 'problem', 'score': 0.8695, 'start': 1356, 'end': 1369}, {'text': 'cedema', 'label': 'problem', 'score': 0.9955, 'start': 1383, 'end': 1389}, {'text': 'dyspnoea', 'label': 'problem', 'score': 0.9553, 'start': 1430, 'end': 1438}, {'text': 'cardiac weakness', 'label': 'problem', 'score': 0.9985, 'start': 1440, 'end': 1456}, {'text': 'emphysema', 'label': 'problem', 'score': 0.9369, 'start': 1458, 'end': 1467}, {'text': 'pteural effusion', 'label': 'problem', 'score': 0.9983, 'start': 1471, 'end': 1487}, {'text': 'pneumonia', 'label': 'problem', 'score': 0.9958, 'start': 1489, 'end': 1498}, {'text': 'orthoprt', 'label': 'problem', 'score': 0.7648, 'start': 1525, 'end': 1533}, {'text': 'diseases', 'label': 'problem', 'score': 0.4964, 'start': 1550, 'end': 1558}, {'text': 'dyepa', 'label': 'problem', 'score': 0.7732, 'start': 1608, 'end': 1616}, {'text': 'distress', 'label': 'problem', 'score': 0.9868, 'start': 1649, 'end': 1657}, {'text': 'displacement of the apex impulse', 'label': 'problem', 'score': 0.9952, 'start': 1732, 'end': 1764}, {'text': 'cardiac hypertrophy', 'label': 'problem', 'score': 0.9982, 'start': 1766, 'end': 1785}, {'text': 'dilata - tion', 'label': 'problem', 'score': 0.9968, 'start': 1789, 'end': 1803}, {'text': 'pressure of pleural el! uaion', 'label': 'problem', 'score': 0.8933, 'start': 1805, 'end': 1833}, {'text': 'subdiaphragmatic tumors', 'label': 'problem', 'score': 0.9965, 'start': 1840, 'end': 1863}, {'text': 'contraction of a diseased lung', 'label': 'problem', 'score': 0.8986, 'start': 1865, 'end': 1896}, {'text': 'pleural and pericardial adhesions', 'label': 'problem', 'score': 0.9544, 'start': 1902, 'end': 1935}, {'text': 'situs inverstib', 'label': 'problem', 'score': 0.708, 'start': 1937, 'end': 1952}, {'text': 'pleural effusion', 'label': 'problem', 'score': 0.9754, 'start': 1973, 'end': 1989}]","[PROBLEM]:a few fine rales in;a slight dry cough;bow;cancer;cardiac hypertrophy;cardiac weakness;cedema;contraction of a diseased lung;detachment of the retina in the left eye;dilata - tion;diminished voice sounds;diseases;displacement of the apex impulse;distress;dull;dyepa;dyspnoea;emphysema;failing eyesight;feeble respiration;fever;fremitus;her condition;ing;loss of weight;orthopncea;orthoprt;pain;pleural and pericardial adhesions;pleural effusion;pneumonia;poor;pressure of pleural el! uaion;pteural effusion;puerile breathing over;short of breath;situs inverstib;subdiaphragmatic tumors;the appetite;vomit.[TEST]:albumen;percussion;sugar;the heart  s impulse;the pulse;the urine","Evidence of pleural effusion coming on in an elderly woman whose breast has been removed for cancer suggests at once a cancerous metastasis at the root of the lung. A simple pleuritic effusion might develop at this Bge, but is rare. Hydrothorax is ruled out by the absence of notable cardiac weakness. Paracentesis will probably decide the diagnosis by revealing a heavy bloody fluid such as is common only in cancerous effusions.","[PROBLEM]:a cancerous metastasis at;a heavy bloody fluid;a simple pleuritic effusion;cancer;cancerous effusions;notable cardiac weakness;pleural effusion;root;the lung.[TREATMENT]:paracentesis.[TEST]:hydroax"
"49","CASE 49 

A shoemaker of 24, who haa previously t>6«D well, h&a noted for aix 
months, gradually increasing weakness of the legs. He dates the trouble 
from a fall from a horse car six months before, when he struck violently 
upon his knees and fell several times more on his way home. Kept at 
work till three months ago, when he took a three weeks' vacation and 
improved considerably; but, on returning, found himself unable to 
work more than half a day. 

Two months ago the hands and arms began to get weak and numb, 
and now he can't button his collar. The hands feel rather better when 
he stirs about and uses them. For the past week has felt as if some- 
thing were tied tightly about his waist. In other respects he feels per- 
fectly well. He haa never used alcohol and denies venereal disease. 

Examination: Pupils equal and react normally. Soft systolic 
murmur at the apex, transmitted two inches to the left. Pulmonic 
second decidedly louder than aortic. No evidences of cardiac enlarge- 
ment. Chest and belly otherwise negative. Deep tenderness over 
calves, thighs, and buttocks. Knee-jerks absent, muscular power feeble, 
sensation perfect, moderate general atrophy. Faradie irritability of the 
muscles impaired in both arms and legs. Galvanic irritability normal. 
At times the tips of the fingers sweat profusely. 

When seen his temperature was 99.8°, pulse 120, respiration 24. 

1. What can be inferred trom the mode of onset here? The fall was not the cause 

but only the first manifestation of his trouble. 

2. What can be inferred from the atrophy? It mdicatee neuritie, not tabes. 

3. Causes and types of atrophy? Disuse, neuritis, progressive muscular atrophy, 

chronic joint disease, poliomyelitis anterior, amyotrophic lateral sclerosis. 

4. Causes of muscular tenderness? Neuritis, myositis (cf)., trichiniasis), (edema, 

or infiammation of neighbonng tissues. 

5. What other types of tenderness are there? Cutaneous hypertestheeia, serous 

membrane hyperssthesia (as in appendicitis and other abdominal lesions), 
bone tenderness, as in periostitis, nerve tenderness, as in neuritis. 

6. What do (a) the electrical reactions in this case teach? (b) the sweating fingers? 

(a) typical action of degeneration is absent, (t) vasomotor changes. 

7. ESagnoMS? Prognosis? Treatment? 

Diagnosis : Muscular weakness and tenderness with absent knee-jerks, atrophy, 
and partial reaction of degeneration, all suggest neuritis. In tabes, there is 
DO tenderness and muscular power is good. In progressive muscular atrophy 
the knee-jerk is not lost so early and sensory symptoms are usually absent. 
The slight fever points towards neuritis, likewise the vasomotor symptoms. 
The cause of the neuritis cannot be guessed from the data before us. 

Prognosis: Recovery will probably be complete if the cause of the neuritis is 
removed, but it will be slow and will take many months. 

Treatment: Nourish the muscles and the skin by massage, hydrotherapy and 
electricity. The patient should do such work as he can painlessly. If any 
cause for the neuritis can be found (lead, arsenic), it should be removed. ","[{'text': 'gradually increasing weakness of the legs', 'label': 'problem', 'score': 0.9871, 'start': 87, 'end': 128}, {'text': 'the trouble', 'label': 'problem', 'score': 0.947, 'start': 139, 'end': 150}, {'text': 'a fall', 'label': 'problem', 'score': 0.6281, 'start': 157, 'end': 163}, {'text': 'weak', 'label': 'problem', 'score': 0.9653, 'start': 508, 'end': 512}, {'text': 'numb', 'label': 'problem', 'score': 0.8922, 'start': 517, 'end': 521}, {'text': 'venereal disease', 'label': 'problem', 'score': 0.9053, 'start': 789, 'end': 805}, {'text': 'soft systolic murmur at the apex', 'label': 'problem', 'score': 0.9826, 'start': 855, 'end': 888}, {'text': 'puonic second', 'label': 'problem', 'score': 0.6768, 'start': 926, 'end': 942}, {'text': 'cardiac enlarge', 'label': 'problem', 'score': 0.9967, 'start': 989, 'end': 1004}, {'text': 'ment', 'label': 'problem', 'score': 0.6655, 'start': 1007, 'end': 1011}, {'text': 'and', 'label': 'problem', 'score': 0.555, 'start': 1019, 'end': 1022}, {'text': 'belly', 'label': 'test', 'score': 0.4716, 'start': 1023, 'end': 1028}, {'text': 'deep tenderness over calves thighs and buttocks', 'label': 'problem', 'score': 0.9893, 'start': 1049, 'end': 1099}, {'text': 'knee - jerks', 'label': 'problem', 'score': 0.933, 'start': 1101, 'end': 1111}, {'text': 'muscular power feeble', 'label': 'problem', 'score': 0.9611, 'start': 1120, 'end': 1141}, {'text': 'sensation', 'label': 'problem', 'score': 0.7685, 'start': 1144, 'end': 1153}, {'text': 'moderate general atrophy', 'label': 'problem', 'score': 0.9984, 'start': 1163, 'end': 1187}, {'text': 'faradie irritability of the muscles impaired', 'label': 'problem', 'score': 0.9025, 'start': 1189, 'end': 1234}, {'text': 'both', 'label': 'problem', 'score': 0.4994, 'start': 1238, 'end': 1242}, {'text': 'and', 'label': 'problem', 'score': 0.6109, 'start': 1248, 'end': 1251}, {'text': 'galvanic irritability', 'label': 'problem', 'score': 0.7333, 'start': 1258, 'end': 1279}, {'text': 'profusely', 'label': 'problem', 'score': 0.7628, 'start': 1328, 'end': 1337}, {'text': 'his temperature', 'label': 'test', 'score': 0.9854, 'start': 1351, 'end': 1366}, {'text': 'pulse', 'label': 'test', 'score': 0.9929, 'start': 1378, 'end': 1383}, {'text': 'respiration', 'label': 'test', 'score': 0.9908, 'start': 1389, 'end': 1400}, {'text': 'the fall', 'label': 'problem', 'score': 0.9876, 'start': 1460, 'end': 1468}, {'text': 'his trouble', 'label': 'problem', 'score': 0.9973, 'start': 1525, 'end': 1536}, {'text': 'the atrophy', 'label': 'problem', 'score': 0.9949, 'start': 1569, 'end': 1580}, {'text': 'tab', 'label': 'problem', 'score': 0.5755, 'start': 1608, 'end': 1611}, {'text': 'atrophy', 'label': 'problem', 'score': 0.9149, 'start': 1640, 'end': 1647}, {'text': 'disuse', 'label': 'problem', 'score': 0.9537, 'start': 1649, 'end': 1655}, {'text': 'neuritis', 'label': 'problem', 'score': 0.8518, 'start': 1657, 'end': 1665}, {'text': 'progressive muscular atrophy', 'label': 'problem', 'score': 0.9985, 'start': 1667, 'end': 1695}, {'text': 'chronic joint disease', 'label': 'problem', 'score': 0.9986, 'start': 1699, 'end': 1720}, {'text': 'poliomyelitis anterior', 'label': 'problem', 'score': 0.9802, 'start': 1722, 'end': 1744}, {'text': 'amyotrophic lateral sclerosis', 'label': 'problem', 'score': 0.9934, 'start': 1746, 'end': 1775}, {'text': 'muscular tenderness', 'label': 'problem', 'score': 0.9977, 'start': 1792, 'end': 1811}, {'text': 'neuritis', 'label': 'problem', 'score': 0.9812, 'start': 1813, 'end': 1821}, {'text': 'myositis', 'label': 'problem', 'score': 0.9934, 'start': 1823, 'end': 1831}, {'text': 'cf', 'label': 'problem', 'score': 0.7092, 'start': 1833, 'end': 1836}, {'text': 'trichiniasis', 'label': 'problem', 'score': 0.9971, 'start': 1839, 'end': 1851}, {'text': 'edema', 'label': 'problem', 'score': 0.886, 'start': 1854, 'end': 1860}, {'text': 'infiammation of neighbonng tissues', 'label': 'problem', 'score': 0.9187, 'start': 1867, 'end': 1901}, {'text': 'tenderness', 'label': 'problem', 'score': 0.8241, 'start': 1928, 'end': 1938}, {'text': 'cutaneous hypertestheeia', 'label': 'problem', 'score': 0.9969, 'start': 1950, 'end': 1974}, {'text': 'serous membrane hyperssthesia', 'label': 'problem', 'score': 0.933, 'start': 1976, 'end': 2007}, {'text': 'appendicitis', 'label': 'problem', 'score': 0.9096, 'start': 2015, 'end': 2027}, {'text': 'other abdominal lesions', 'label': 'problem', 'score': 0.9964, 'start': 2032, 'end': 2055}, {'text': 'bone tenderness', 'label': 'problem', 'score': 0.9954, 'start': 2059, 'end': 2074}, {'text': 'periostitis', 'label': 'problem', 'score': 0.9906, 'start': 2082, 'end': 2093}, {'text': 'nerve', 'label': 'problem', 'score': 0.9308, 'start': 2095, 'end': 2100}]","[PROBLEM]:a fall;amyotrophic lateral sclerosis;and;appendicitis;atrophy;bone tenderness;both;cardiac enlarge;cf;chronic joint disease;cutaneous hypertestheeia;deep tenderness over calves thighs and buttocks;disuse;edema;faradie irritability of the muscles impaired;galvanic irritability;gradually increasing weakness of the legs;his trouble;infiammation of neighbonng tissues;knee - jerks;ment;moderate general atrophy;muscular power feeble;muscular tenderness;myositis;nerve;neuritis;numb;other abdominal lesions;periostitis;poliomyelitis anterior;profusely;progressive muscular atrophy;puonic second;sensation;serous membrane hyperssthesia;soft systolic murmur at the apex;tab;tenderness;the atrophy;the fall;the trouble;trichiniasis;venereal disease;weak.[TEST]:belly;his temperature;pulse;respiration","Muscular weakness and tenderness with absent knee-jerks, atrophy, and partial reaction of degeneration, all suggest neuritis. In tabes, there is DO tenderness and muscular power is good. In progressive muscular atrophy the knee-jerk is not lost so early and sensory symptoms are usually absent. The slight fever points towards neuritis, likewise the vasomotor symptoms. The cause of the neuritis cannot be guessed from the data before us.","[PROBLEM]:absent knee - jerks;atrophy;do;muscular weakness;neuritis;partial reaction of degeneration;progressive muscular atrophy;sensory symptoms;tenderness;the;the neuritis;the slight fever;vasomotor symptoms"
"50","CASE 50 

A married lady, childless, 55 years old, of good family history, is 
seen in February, 1900. She passed the menopause without difficulty, 
and several years ago had cystitis, with good recovery. During the 
winter of 1899 she travelled in North Africa, going to Germany toward 
spring. There her appetite became capricious and she suffered occa- 
sionally from slight nausea, without vomiting. She then had an attack 
of ""grippe,"" which much impaired her strength. In the early summer 
she returned home, when her appetite and digestion improved much 
and her strength returned in great measure, though her friends remarlced 
that she was distinctly paler than formerly. She considered herself 
well enough until five months ago, when she began to suffer from sciatica, 
at first and more severely in the right side, but later also in the left. 
About a month later her appetite failed again and more or less constant 
nausea came on, with occasional vomiting, the latter without relief or 
definite relation to either the time of taking food or its quality. Then 
came on very troublesome salivation, leading her constantly to spit up 
a clear, somewhat frothy fluid, which is sometimes poured out in such 
quantity as to run from her mouth. This persists to the present time. 
The sciatic pain now has practically disappeared. She has kept her 
bed for some weeks, losing flesh (though she is still stout), but sleeping 
well. Of late there has been slight bleeding from the gums, but no 
other hemorrhage has been noted. 

Pulse 96, regular, soft; temperature 99, above which point it is said 
not to have risen. Except for marked pallor, physical examination is 
negative. The urine is negative and contains no arsenic. Several 
examinations of the gastric contents show neither free HCl nor lactic 
acid. 

An examination of blood slides shows: Red cells 3,000,000 or there- 
abouts; white 15,000; Hg. relatively low. 

Reds: Rouleaux well formed, deformities slight, no polychroma- 
tophilia, average diameter normal, one normoblast. 

Whites: Polymorphonuclear 80%; lymphocjrtes 20%; eosino- 
philes 0%. 

1. What typee of aniemia are oftenest seen at 557 PemiciouH ansmia, aad that 
* secondaiy to cancer, metrorrhagia or other hemorrtiage. 

2. What dieeaaes are oftenest diagnosed (wrongly) as ""Grippe""? Tuberculoeis, 

febrile gastro-enteritia, tonaillitij9 and phaiyogitia, bronchitis, and many 
infections not yet named. 

3. Significance of the atnence of free HCl in tlie gastric contents? It may be 

temporarily absent in many conditions and often without any known cause. 
Permanent absence of HCl is commonest in diabetes, gastric catarrii and 
other chronic dyspepsias, gastric cancer, and pernicious aniemia.

4. What further infonnation about the stomach is needed here? Its wie and 
motor power. 

6. Diagnoms? PrognowHT Treatment? 

IKagDoais: The cause of the marked uuemia here present should be looked for 
ui one of the foUoinng diseases: Intestinal parasites, mTxiedenia, malignant 
disease, pernicious anieinia. Mjxoedenia is suggested only by the saUva- 
tion and can be ruled out by the therapeutic test. The stools should be 
searched for eggs of intestinal parasites. Careful pdvic and alxlominal ex- 
amination should be made under ether or in a warm bath in search for a 
foous for malignant disease. The blood is not typical of pernicious aniemia, 
but is consiatent with that disease in a period of remission. Diagnosis is 
impoesiUe from the data liere given. [Later in the case evidences of gastric 
cancer appeared.] 
Prognoeie: The outlook is almost hopeless, though early operation saves some 
cases. As a rule life is not prolonged tieyond two years, but after careful 
diet, with or without gastro-ent«roBtomy, a great improvement may occur 
for a few months. 
Treatment; Careful diet and lavage produce striking temporary improvement 
in some cases. The administration of HCl is apparently of value. In ail 
doubtful or eufy cases operation should be advised.","[{'text': 'cystitis', 'label': 'problem', 'score': 0.9492, 'start': 175, 'end': 183}, {'text': 'capricious', 'label': 'problem', 'score': 0.87, 'start': 322, 'end': 332}, {'text': 'occa - sional', 'label': 'problem', 'score': 0.7501, 'start': 350, 'end': 363}, {'text': 'slight nausea', 'label': 'problem', 'score': 0.9977, 'start': 371, 'end': 384}, {'text': 'vomiting', 'label': 'problem', 'score': 0.9949, 'start': 394, 'end': 402}, {'text': 'grippe', 'label': 'problem', 'score': 0.9292, 'start': 431, 'end': 438}, {'text': 'distinctly paler', 'label': 'problem', 'score': 0.8483, 'start': 649, 'end': 665}, {'text': 'sciatica', 'label': 'problem', 'score': 0.9909, 'start': 770, 'end': 778}, {'text': 'her appetite', 'label': 'problem', 'score': 0.6714, 'start': 876, 'end': 888}, {'text': 'more', 'label': 'problem', 'score': 0.9735, 'start': 906, 'end': 910}, {'text': 'less', 'label': 'problem', 'score': 0.5904, 'start': 914, 'end': 918}, {'text': 'constant nausea', 'label': 'problem', 'score': 0.962, 'start': 919, 'end': 935}, {'text': 'occasional', 'label': 'problem', 'score': 0.7441, 'start': 950, 'end': 960}, {'text': 'vomiting', 'label': 'problem', 'score': 0.7088, 'start': 961, 'end': 969}, {'text': 'relief', 'label': 'problem', 'score': 0.7466, 'start': 990, 'end': 996}, {'text': 'very troublesome salivation', 'label': 'problem', 'score': 0.9826, 'start': 1083, 'end': 1110}, {'text': 'a clear somewhat frothy fluid', 'label': 'problem', 'score': 0.991, 'start': 1147, 'end': 1177}, {'text': 'the sciatic pain', 'label': 'problem', 'score': 0.997, 'start': 1289, 'end': 1305}, {'text': 'flesh', 'label': 'problem', 'score': 0.6234, 'start': 1384, 'end': 1389}, {'text': 'slight bleeding from the gums', 'label': 'problem', 'score': 0.9984, 'start': 1462, 'end': 1491}, {'text': 'other hemorrhage', 'label': 'problem', 'score': 0.9966, 'start': 1501, 'end': 1517}, {'text': 'pulse', 'label': 'test', 'score': 0.9885, 'start': 1536, 'end': 1541}, {'text': 'temperature', 'label': 'test', 'score': 0.9945, 'start': 1561, 'end': 1572}, {'text': 'marked pallor', 'label': 'problem', 'score': 0.9886, 'start': 1637, 'end': 1650}, {'text': 'physical examination', 'label': 'test', 'score': 0.9949, 'start': 1652, 'end': 1672}, {'text': 'the urine', 'label': 'test', 'score': 0.9899, 'start': 1687, 'end': 1696}, {'text': 'arsenic', 'label': 'problem', 'score': 0.9882, 'start': 1725, 'end': 1732}, {'text': 'several examinations of the gastric contents', 'label': 'test', 'score': 0.9805, 'start': 1734, 'end': 1779}, {'text': 'free hcl', 'label': 'problem', 'score': 0.6053, 'start': 1793, 'end': 1801}, {'text': 'lactic acid', 'label': 'problem', 'score': 0.9267, 'start': 1806, 'end': 1818}, {'text': 'an examination of', 'label': 'test', 'score': 0.9166, 'start': 1822, 'end': 1839}, {'text': 'blood slides', 'label': 'test', 'score': 0.9268, 'start': 1840, 'end': 1852}, {'text': 'red cells', 'label': 'test', 'score': 0.892, 'start': 1860, 'end': 1869}, {'text': 'white', 'label': 'test', 'score': 0.9209, 'start': 1899, 'end': 1904}, {'text': 'deformities slight', 'label': 'problem', 'score': 0.867, 'start': 1963, 'end': 1981}, {'text': 'polychroma - tophilialas', 'label': 'problem', 'score': 0.7666, 'start': 1986, 'end': 2047}, {'text': 'polymorphonuclear', 'label': 'test', 'score': 0.8487, 'start': 2060, 'end': 2077}, {'text': 'lymphocjrtes', 'label': 'test', 'score': 0.8687, 'start': 2083, 'end': 2095}, {'text': 'eosino -', 'label': 'problem', 'score': 0.7473, 'start': 2101, 'end': 2108}, {'text': 'philes', 'label': 'test', 'score': 0.8153, 'start': 2110, 'end': 2116}, {'text': 'aniemia', 'label': 'problem', 'score': 0.9403, 'start': 2140, 'end': 2147}, {'text': 'secondai', 'label': 'problem', 'score': 0.6615, 'start': 2203, 'end': 2211}, {'text': 'cancer', 'label': 'problem', 'score': 0.5808, 'start': 2216, 'end': 2222}, {'text': 'metro', 'label': 'problem', 'score': 0.8328, 'start': 2224, 'end': 2229}]","[PROBLEM]:a clear somewhat frothy fluid;aniemia;arsenic;cancer;capricious;constant nausea;cystitis;deformities slight;distinctly paler;eosino -;flesh;free hcl;grippe;her appetite;lactic acid;less;marked pallor;metro;more;occa - sional;occasional;other hemorrhage;polychroma - tophilialas;relief;sciatica;secondai;slight bleeding from the gums;slight nausea;the sciatic pain;very troublesome salivation;vomiting.[TEST]:an examination of;blood slides;lymphocjrtes;philes;physical examination;polymorphonuclear;pulse;red cells;several examinations of the gastric contents;temperature;the urine;white","The cause of the marked uuemia here present should be looked for ui one of the foUoinng diseases: Intestinal parasites, mTxiedenia, malignant disease, pernicious anieinia. Mjxoedenia is suggested only by the saUva- tion and can be ruled out by the therapeutic test. The stools should be searched for eggs of intestinal parasites. Careful pdvic and alxlominal ex- amination should be made under ether or in a warm bath in search for a foous for malignant disease. The blood is not typical of pernicious aniemia, but is consiatent with that disease in a period of remission. Diagnosis is impoesiUe from the data liere given. [Later in the case evidences of gastric cancer appeared.] Prognoeie: The outlook is almost hopeless, though early operation saves some cases. As a rule life is not prolonged tieyond two years, but after careful diet, with or without gastro-ent«roBtomy, a great improvement may occur for a few months. Treatment; Careful diet and lavage produce striking temporary improvement in some cases. The administration of HCl is apparently of value. In ail doubtful or eufy cases operation should be advised.","[PROBLEM]:ail doubtful;eggs;eufy cases;gastric cancer;imp;intestinal parasites;malignant disease;mjxoedenia;mtxiedenia;pernicious anieinia;pernicious aniemia;that disease;the fng diseases;the marked uuemia.[TREATMENT]:administration;alxlominal ex - amination;careful pdvic;early operation;ether;gastro - ent « robtomy;hcl;lavage;operation;treatment.[TEST]:the;the therapeutic test"
"51","CASE 51 

A bank president, 74 years old, of large frame, lost his father at 64 
from apoplexy, his mother at about the same age from phthisis. Sev- 
eral of his sisters also died of phthisis. His health has been exception- 
ally good, and a daughter cannot remember his having taken to his bed 
before. During the past year his weight has gradually fallen from 240 
to perhaps 190 lbs. His color has been poor occaeionally, and it has 
been noticed that a sudden pull on the part of his horses while driving 
would make him cry out, ""Oh! my stomach!"" He has not been able 
to walk as much as formerly on account of pain in the back and dysp- 
noea. He has also had sleepy turns, even after breakfast, for a year or 
more. About four weeks ago, walking up a slight incline after a con- 
cert, he lost his breath and had to stop six times on his way home, even 
after he reached level ground. December 25 he sent for his physician 
for a ""catarrhal cold,"" The pulse was 38, regular, the temperature 
subnormal; there was some cedema and eczema of the legs, and moist 
rales over the base of both lungs, without notable dulness or change in 
the quality of the ""respiratory murmur. He stayed indoors and three 
days later took to his bed. Very soon after this he had frothy, profuse 
and thin, pink expectoration, with somewhat labored but not quickened 
respiration. The slow pulse persisted. The urine was about a quart 
in twenty-four hours, normal in specific gravity, with hyaline and finely 
granular casts. 

January 13 he was seen in consultation. Hia chief complaint was 
of weakness and anorexia. Digestion fair, bowels regular; practically 
no cough or expectoration. Most of the time is passed in sleep. He 
lies by preference on the right side, with the head low. He looks less 
than his age; the lips are slightly cyanotic, the respiration easy, the 
tongue moist and clean, the mind clear when awake. The pulse is 38, 
regular, synchronous with the apex beat. During the last fortnight it 
has never been found above 40, and has been counted at 24, The 
radial arteries are slightly degenerated. The cardiac impulse is in the 
fifth space, nearly an inch beyond the left nipple; dulness seems rather 
increased to the right. Systolic murmurs are heard in both the aortic 
and mitral areas, and the second sound is reduplicated at the apex. 
The lungs are clear. There is dulness below the right costal border, 
but palpation gives negative results in that region. Beyond sUght 
oedema of the feet, physical examination is otherwise practically n^a- 
tive. 

1. Common cauaes of loss of weight? Improper or ineufficient diet, diarrbcea, 
arterio-scleroais and the attendant changes of old age, loss of sleep, malignaDt 
disease. 

2. Causes of bradycardiat It is important to distingui^ infrequent heart-beat 

from infrequent pulae-beat due to f^ure of transmission of a weakened car- 
diac impulse. True bradycardia occuib after fevers, great esertion, par- 
turition, in the toxtemia of nephritis, cirrhosia, and jaundice, in organic brain 
disease (tumor, absceas, meningitiB). The moat marked and long continued 
cases of biadf cardia are usually associated with coronary sclerosis and myo- 
carditis. 

3. How is the frothy, pink expectoration to be explained in view of the fact 

that at a later examination the lungs were clear? Frothy, pink expec- 
toration with labored respiration is in all probability due to pulmonary 
<Bdenva. This condition may be teropoiarily produced and arrested by 
unknown causes, and thus at a later examination may be wholly absent. 

4. What is to be suspected when epigastric pain seems to be brought on (as in 

this case) by exertion? Angina pectoris. 

5. What physical signs should be looked for in the neck in this caeef Systolic 

jugular pulsation. 

6. Diagnosis? Prognows? Treatment? 

Diagnosis: In a man of 74, with symptoms distinctly suggesting angina pectoris, 
the association of sleepy turns and a pulse between 24 and 38 means Stokee- 
Adams syndrome with coronary sclerosis. The dyqtncea, the ""catarrhal 
cold,"" the later attack of pulmonary cedema, the urinary and digestive symp- 
toms, and the slight ledema of the feet, are all to be explained as results of 
myocardial weakness. The loss of wei(^t is probably due to arterio-eclerods. 

Prognosis: Nothing is more difficult than to state the probable duration of 
life in such a case. Recovery is impossible and death may occur at any 
time, yet life may be prolonged and consideiable comfort secmsd for months 
or years. ^^ 

Treatment: Restriction of activity, mental and phyNcal, gOg^^giene, limita- 
tion of sodium chloride in the diet, and the administrat^p of KI and nitro- 
glycerine in small dosee, are the chief indications. .j","[{'text': 'apoplexy', 'label': 'problem', 'score': 0.8987, 'start': 86, 'end': 94}, {'text': 'phthisis', 'label': 'problem', 'score': 0.9537, 'start': 134, 'end': 142}, {'text': 'phthisis', 'label': 'problem', 'score': 0.9657, 'start': 183, 'end': 191}, {'text': 'a sudden pull on the', 'label': 'problem', 'score': 0.8669, 'start': 455, 'end': 475}, {'text': 'of', 'label': 'problem', 'score': 0.7155, 'start': 481, 'end': 483}, {'text': 'horses', 'label': 'problem', 'score': 0.7025, 'start': 488, 'end': 494}, {'text': 'pain in the back', 'label': 'problem', 'score': 0.9971, 'start': 616, 'end': 632}, {'text': 'dysp - noea', 'label': 'problem', 'score': 0.9412, 'start': 637, 'end': 648}, {'text': 'sleepy turns', 'label': 'problem', 'score': 0.9366, 'start': 666, 'end': 678}, {'text': 'con - cert', 'label': 'test', 'score': 0.6223, 'start': 781, 'end': 791}, {'text': 'breath', 'label': 'problem', 'score': 0.5052, 'start': 805, 'end': 811}, {'text': 'a  catarrhal cold', 'label': 'problem', 'score': 0.9974, 'start': 935, 'end': 952}, {'text': 'the pulse', 'label': 'test', 'score': 0.8886, 'start': 955, 'end': 964}, {'text': 'the temperature', 'label': 'test', 'score': 0.7501, 'start': 982, 'end': 997}, {'text': 'some cedema', 'label': 'problem', 'score': 0.9794, 'start': 1020, 'end': 1031}, {'text': 'eczema of the legs', 'label': 'problem', 'score': 0.9474, 'start': 1036, 'end': 1054}, {'text': 'moist rales', 'label': 'problem', 'score': 0.9958, 'start': 1060, 'end': 1072}, {'text': 'notable dulness', 'label': 'problem', 'score': 0.9967, 'start': 1110, 'end': 1125}, {'text': 'change in the quality', 'label': 'problem', 'score': 0.9558, 'start': 1129, 'end': 1151}, {'text': 'the  respiratory murmur', 'label': 'problem', 'score': 0.9037, 'start': 1155, 'end': 1178}, {'text': 'frothy profuse and thin pink expectoration', 'label': 'problem', 'score': 0.9887, 'start': 1265, 'end': 1310}, {'text': 'somewhat labored but not quickened respiration', 'label': 'problem', 'score': 0.9559, 'start': 1317, 'end': 1364}, {'text': 'the slow pulse', 'label': 'problem', 'score': 0.8678, 'start': 1366, 'end': 1380}, {'text': 'the urine', 'label': 'test', 'score': 0.9865, 'start': 1392, 'end': 1401}, {'text': 'hyaline and finely granular casts', 'label': 'problem', 'score': 0.9962, 'start': 1476, 'end': 1510}, {'text': 'weakness', 'label': 'problem', 'score': 0.9979, 'start': 1582, 'end': 1590}, {'text': 'anorexia', 'label': 'problem', 'score': 0.9774, 'start': 1595, 'end': 1603}, {'text': 'cough', 'label': 'problem', 'score': 0.9961, 'start': 1653, 'end': 1658}, {'text': 'expectoration', 'label': 'problem', 'score': 0.9908, 'start': 1662, 'end': 1675}, {'text': 'slightly cyanotic', 'label': 'problem', 'score': 0.996, 'start': 1817, 'end': 1834}, {'text': 'the pulse', 'label': 'test', 'score': 0.6039, 'start': 1914, 'end': 1923}, {'text': 'slightly degenerated', 'label': 'problem', 'score': 0.9295, 'start': 2087, 'end': 2107}, {'text': 'the cardiac impulse', 'label': 'test', 'score': 0.9034, 'start': 2109, 'end': 2128}]","[PROBLEM]:a  catarrhal cold;a sudden pull on the;anorexia;apoplexy;breath;change in the quality;cough;dysp - noea;eczema of the legs;expectoration;frothy profuse and thin pink expectoration;horses;hyaline and finely granular casts;moist rales;notable dulness;of;pain in the back;phthisis;sleepy turns;slightly cyanotic;slightly degenerated;some cedema;somewhat labored but not quickened respiration;the  respiratory murmur;the slow pulse;weakness.[TEST]:con - cert;the cardiac impulse;the pulse;the temperature;the urine","In a man of 74, with symptoms distinctly suggesting angina pectoris, the association of sleepy turns and a pulse between 24 and 38 means Stokee- Adams syndrome with coronary sclerosis. The dyqtncea, the ""catarrhal cold,"" the later attack of pulmonary cedema, the urinary and digestive symp- toms, and the slight ledema of the feet, are all to be explained as results of myocardial weakness. The loss of wei(^t is probably due to arterio-eclerods.","[PROBLEM]:angina pectoris;coronary sclerosis;myocardial weakness;pulmonary cedema;sleepy turns;stokee - adams syndrome;symptoms;the  catarrhal cold;the dyqtncea;the loss of wei  ^ t;the slight ledema of the feet;the urinary and digestive symp - toms.[TREATMENT]:arterio - eclerods.[TEST]:a pulse"
"52","CASE 52 

A well-developed and fairly well-nourished man, 18 years old, is seen 
for tbe first time February 26. His father died ol oonaumption, his 
mother of rheumatism and heart disease. He has never drunk steadily, 
though occasionally to excess. He chews five cents' worth of tobacco 
and smokes twenty cigarettes daily. For eighteen months, ending 
seven months ago, he had almost daily coitus. For the last six months 
he has had gonorrhcea. When a child he had diphtheria, at fourteen 
typhoid, for the past seven months pain in the epigastrium, on rising, 
and latterly some pains about the head. Ten days ago, when he tried 
to get up, he had vertigo, chiUiness, sweating, and a feeling of un- 
steadiness. He has been in bed most of the time since. 

The symptoms were: weakness, backache, epigastric pain (without 
nausea or vomiting), cough with whitish expectoration, thirst, headache, 
and constipation. His chief complaint now is weakness, next to that 
headache and dizziness. There is some dyspncea, but the cough is not 
troublesome. There has been no nosebleed. 

The patient is pale. His pupils are equal and react to light. The 
tongue is protruded promptly and in a straight line, is not particularly 
tremulous and bears a slight white coat. Both sides of the chest move 
equally; there are no areas of marked dulness, of increased vocal reso- 
nance, or of bronchial breathing. A few coarse moist rales are heard 
persistently at the right apex. The heart's apex is in the fourth space 
in the nipple line. There is no murmur nor enlargement. The pec- 
toral muscle contracts when percussed. The skin flushes easily. The 
abdomen is enlarged, tympanitic, not tender. There is gurgling in the 
right iliac fossa. The spleen cannot be felt; its area is tympanitic. 
The hepatic area is normal. There are no rose spots. The knee-jerks 
are hvely. A few glands are felt in the left side of the neck, and on the 
right side is a scar. The white cells number 3600. Temperature 101°, 
pulse 80, respirations 25. The urine has a slight trace of albumen, with 
a sediment containing pus and squamous epithelium. No diazo reaction 
is present. No tubercle bacilli are found in the sputum. 

During the next five days the temperature is irregular, varpng 
between 99° and 103°. The respirations rise slightly, to 30. On 
March 1 a faint diazo reaction is obtained. The headache ceases after 
February 29, Constipation persists. On March 2 the physical exam- 
ination is the same as on February 26, On March 3 there are invol- 
untary micturition, Cheyne-Stokes respiration, and external strabismus 
Nothing peculiar is noticed about the neck. 

1. What are the most eignificant facts in tbia case? The family history of tuber- 
culoais, the debilitating habits, the existing gonorrhcea, the headache and 
vertigo, the penistent raiea at the right apeix, the fever, the leucopenia, the 
headache, Cheyne-Stokee breathing, and strabiatnus. 

2. What b the importance of the puknooary signs? In spite of the abeence of the 

tubercle bacilli in tbe sputum, such signs are distinctly suggestive of tuber- 
culous. Tbey may, however, result from broncho-pneumonia due to infiuraia 
or unknown infections. 

3. Why is tbe cardiac impulse displaced upward? Because of the abdominal dis- 

tention. 

4. What do you infer if a pectoral muscle contracts when percussed? Increased 

muscular irritability, such as is present in many cases of debility, however 
produced. 
6. Doee the course of the temperature curve suggeet any particular disease? Such 
a curve is most often seen in pyogenic infections. 

6. What is the value of the diaio reaction in this case? The presence of a diazo 

reaction is never of conuderable diagnostic value, thou^ its absence in a 
febrile case argues against typhoid. In any disease it is a bad prognostic sign. 

7. What is the value of the sputum examination in this case? A single negative 

sputum examination must be repeatedly confirmed t)efore it becomes evi- 
dence against pulmonaiy tuberculosis. 

8. What further examinations should be made in this case? None is essential, 

but a Widal test and a lumbar puncture would help to decide the question 
between typhoid and meningitis, and if the latter exists, to determine the 
organism to which it is due. 

9. How do you explain the condition of the neck? Only by saying that any single 

symptom of any disease may be absent in a particular case. 

10. rKagnosisT Prognosis? Treatment? 

DiagnoMs: The data collected in the answer to question (1) point strongly 
toward acute general tuberculosis with predominant menmgeal symptoms. 
Typhoid fever is the moat important alternative, but seems unlikely, in view 
(A tbe marked cerebral symptoms. A WidaJ reaction would help to settle 
this question, also a lumbar puncture. The leucopenia is C0QBist«nt with 
tufcerculous meningitis, but not with other types. The famUy bbtory of tu- 
berculosis, the cervical adenitis, the scar and the signs at the ri^t pulmonaty 
apex, also support the diagnosis of general tuberculous infection. The tem- 
perature is consistent, likewise the diazo I'eaction. The condition of the 
abdomen is one often seen in a variety of infectious diseases. 

In the further coume of the case, the mental dulness deepened to stupor, the 
pulse gradually fell to 70, swallowing became difficult, ankle-clonus appeared, 
and the arms were at times rigid and contracted, lu view of all these facts, 
tbe diagnosis of general tuberculosis with menin^tis was made with con- 
fidence and was confirmed at autopsy. 

Prognosis and Treatment. (See above. Case 20.)","[{'text': 'rheumatism', 'label': 'problem', 'score': 0.8961, 'start': 160, 'end': 170}, {'text': 'heart diseaseitus', 'label': 'problem', 'score': 0.8794, 'start': 175, 'end': 399}, {'text': 'gonorrhcea', 'label': 'problem', 'score': 0.981, 'start': 437, 'end': 447}, {'text': 'diphtheria', 'label': 'problem', 'score': 0.9615, 'start': 469, 'end': 479}, {'text': 'typhoid', 'label': 'problem', 'score': 0.8129, 'start': 494, 'end': 501}, {'text': 'pain in the epigastrium', 'label': 'problem', 'score': 0.9918, 'start': 529, 'end': 552}, {'text': 'some pains about the head', 'label': 'problem', 'score': 0.9056, 'start': 579, 'end': 604}, {'text': 'vertigo', 'label': 'problem', 'score': 0.9969, 'start': 653, 'end': 660}, {'text': 'chiuiness', 'label': 'problem', 'score': 0.9562, 'start': 662, 'end': 671}, {'text': 'sweating', 'label': 'problem', 'score': 0.9961, 'start': 673, 'end': 681}, {'text': 'feeling', 'label': 'problem', 'score': 0.8035, 'start': 689, 'end': 696}, {'text': 'un - steadiness', 'label': 'problem', 'score': 0.95, 'start': 700, 'end': 715}, {'text': 'the symptoms', 'label': 'problem', 'score': 0.904, 'start': 762, 'end': 774}, {'text': 'weakness', 'label': 'problem', 'score': 0.9978, 'start': 781, 'end': 789}, {'text': 'backache', 'label': 'problem', 'score': 0.9823, 'start': 791, 'end': 799}, {'text': 'epigastric pain', 'label': 'problem', 'score': 0.9616, 'start': 801, 'end': 816}, {'text': 'nausea', 'label': 'problem', 'score': 0.9872, 'start': 827, 'end': 833}, {'text': 'vomiting', 'label': 'problem', 'score': 0.9855, 'start': 837, 'end': 845}, {'text': 'cough', 'label': 'problem', 'score': 0.9964, 'start': 848, 'end': 853}, {'text': 'whitish expectoration', 'label': 'problem', 'score': 0.9914, 'start': 859, 'end': 880}, {'text': 'thirst', 'label': 'problem', 'score': 0.9962, 'start': 882, 'end': 888}, {'text': 'headache', 'label': 'problem', 'score': 0.9979, 'start': 890, 'end': 898}, {'text': 'constipation', 'label': 'problem', 'score': 0.8107, 'start': 905, 'end': 917}, {'text': 'weakness', 'label': 'problem', 'score': 0.9981, 'start': 946, 'end': 954}, {'text': 'that headache', 'label': 'problem', 'score': 0.7766, 'start': 964, 'end': 978}, {'text': 'dizziness', 'label': 'problem', 'score': 0.9544, 'start': 983, 'end': 992}, {'text': 'some dyspncea', 'label': 'problem', 'score': 0.9545, 'start': 1003, 'end': 1016}, {'text': 'the cough', 'label': 'problem', 'score': 0.9846, 'start': 1022, 'end': 1031}, {'text': 'troublesome', 'label': 'problem', 'score': 0.7641, 'start': 1040, 'end': 1051}, {'text': 'nosebleed', 'label': 'problem', 'score': 0.9928, 'start': 1071, 'end': 1080}, {'text': 'pale', 'label': 'problem', 'score': 0.9745, 'start': 1099, 'end': 1103}, {'text': 'particularly tremulous', 'label': 'problem', 'score': 0.9744, 'start': 1211, 'end': 1234}, {'text': 'a slight white coat', 'label': 'problem', 'score': 0.8396, 'start': 1245, 'end': 1264}, {'text': 'marked dulness', 'label': 'problem', 'score': 0.9963, 'start': 1327, 'end': 1341}, {'text': 'increased vocal reso - nance', 'label': 'problem', 'score': 0.9934, 'start': 1346, 'end': 1374}, {'text': 'bronchial breathing', 'label': 'problem', 'score': 0.9121, 'start': 1382, 'end': 1401}, {'text': 'a few coarse moist rales', 'label': 'problem', 'score': 0.9825, 'start': 1403, 'end': 1427}, {'text': 'murmur', 'label': 'problem', 'score': 0.998, 'start': 1544, 'end': 1550}, {'text': 'enlargement', 'label': 'problem', 'score': 0.9571, 'start': 1555, 'end': 1566}, {'text': 'enlarged', 'label': 'problem', 'score': 0.9574, 'start': 1658, 'end': 1666}, {'text': 'tympanitic', 'label': 'problem', 'score': 0.8158, 'start': 1668, 'end': 1678}, {'text': 'tender', 'label': 'problem', 'score': 0.9581, 'start': 1684, 'end': 1690}, {'text': 'gurgling in the right iliac fossa', 'label': 'problem', 'score': 0.9793, 'start': 1701, 'end': 1735}, {'text': 'tympanitic', 'label': 'problem', 'score': 0.9327, 'start': 1776, 'end': 1786}, {'text': 'rose spots', 'label': 'problem', 'score': 0.9966, 'start': 1830, 'end': 1840}, {'text': 'a scar', 'label': 'problem', 'score': 0.9963, 'start': 1947, 'end': 1953}, {'text': 'the white cells', 'label': 'test', 'score': 0.8899, 'start': 1955, 'end': 1970}, {'text': 'temperature', 'label': 'test', 'score': 0.9891, 'start': 1984, 'end': 1995}, {'text': 'pulse', 'label': 'test', 'score': 0.9889, 'start': 2003, 'end': 2008}, {'text': 'respirations', 'label': 'test', 'score': 0.9711, 'start': 2013, 'end': 2025}, {'text': 'the urine', 'label': 'test', 'score': 0.9311, 'start': 2030, 'end': 2039}, {'text': 'slight trace', 'label': 'problem', 'score': 0.9222, 'start': 2046, 'end': 2058}]","[PROBLEM]:a few coarse moist rales;a scar;a slight white coat;backache;bronchial breathing;chiuiness;constipation;cough;diphtheria;dizziness;enlarged;enlargement;epigastric pain;feeling;gonorrhcea;gurgling in the right iliac fossa;headache;heart diseaseitus;increased vocal reso - nance;marked dulness;murmur;nausea;nosebleed;pain in the epigastrium;pale;particularly tremulous;rheumatism;rose spots;slight trace;some dyspncea;some pains about the head;sweating;tender;that headache;the cough;the symptoms;thirst;troublesome;tympanitic;typhoid;un - steadiness;vertigo;vomiting;weakness;whitish expectoration.[TEST]:pulse;respirations;temperature;the urine;the white cells","The data collected in the answer to question (1) point strongly toward acute general tuberculosis with predominant menmgeal symptoms. Typhoid fever is the moat important alternative, but seems unlikely, in view (A tbe marked cerebral symptoms. A WidaJ reaction would help to settle this question, also a lumbar puncture. The leucopenia is C0QBist«nt with tufcerculous meningitis, but not with other types. The famUy bbtory of tu- berculosis, the cervical adenitis, the scar and the signs at the ri^t pulmonaty apex, also support the diagnosis of general tuberculous infection. The tem- perature is consistent, likewise the diazo I'eaction. The condition of the abdomen is one often seen in a variety of infectious diseases.","[PROBLEM]:a tbe;a widaj reaction;acute general tuberculosis;cerebral symptoms;general tuberculous infection;predominant menmgeal symptoms;the cervical adenitis;the condition of the abdomen;the diazo i  eaction;the leucopenia;the scar;tu - berculosis;tufcerculous meningitis;typhoid fever.[TEST]:a lumbar puncture;puonaty;signs;the tem - perature"
"53","CASE 53 

Single Iftdy, 57 years old, always more or less of a nervoua invalid, 
consults a physician for palpitation and dyspncea on exertion. The 
menopause occurred five years ago, and since then she has been getting 
very stout and disinclined to exertion. She is thirsty and her skin is 
dry and perspires very little. Of late, the feet have been swelling and 
her face seems puffy all the time, not especially under the eyes. She 
is troubled a great deal with headaches, worse, at night, and her hair has 
been coming out of late. No sore throat, but the shin bones are tender 
and the tissues over them pit slightly on pressure. The bowels are very 
costive, appetite capricious, sleep disturbed by headache. Her mem- 
ory is very poor and she takes little interest in anything. 

Physical Examination: Heart's area cannot be marked out on ac- 
count of the great thickness of the fat layer. The apex is not seen 
or felt; best heard in sixth space, one inch outside nipple. Sounds 
heard feebly, action irregular. Pulmonic second sound accentuated; 
no murmur. Lungs and abdomen negative. Temperature 97.8°, 
pulse 100. Urine 1018, acid, large trace of albumen, ho sugar. Amount 
two quarts. Sediment: hyaline, granular casts, small diameter, some 
with cells adherent. Blood: Red 6,000,000; white 12,000. CEdema of 
ankles. Hands and feet cold. 

1. Cause of feeble heart sounds in this case? The thick fat I&yer. 

2. What are the common causes of teademess over the shins? (Edema, periostjtia. 

3. Why is the number of red cells bo large? This number is oftea found in periect 

health. Here it ia probably due to weak circulation and peripheral stasis. 

4. What causes of headache are common at 577 Arierio-BclepOBia, urtemia. 

fi. What further teats ate important for diagnosis? Measuteraent of the day and 
the night urine. The effects of thyroid extract. 

6. Diagnosis? Prognosis? Treatment? 

Diagnosis: (a) Obesity and its results, (6) arterio-eclerosb with involution 
psychosis, and (c) myxtedema, should be considered. Neither of the first two 
oft«n produces dry skin or loss of hair. In favor of myxtedenia are the age 
and sex, the cutaneous, facial, and mental changes, and the sub-normal tem- 
perature.' The administration of thyroid extract was followed by a rapid and 
permanent amelioration of all the symptoms (including those referable to the 
heart and kidney), and the diagnosis of myxoedema was thus confirmed. 
Prognosis: In most cases the symptoms can be permanently checked by the 
continued use of thyroid extract; occasionally it is difficult rightly to gauge 
the dose, and a few patients do not at first bear the drug well. 
Treatment: The thyroid preparations furnished by any of the leading pharma- 
ceutical firms are usually satisfactory. Beginning with two grains twice 
a day, the dose should be gradually increased until fifteen grains a day are 
taken. If at any time the pulse rises more than ten beats above its normal 
level, the drug should be stopped until the rate becomes normal again. If 
this precaution is observed no serious symptoms of thyroidiam will occur. 
In the earlier stages of treatment, loss of weight is rapid and laudable. ","[{'text': 'ne', 'label': 'problem', 'score': 0.6226, 'start': 63, 'end': 65}, {'text': 'the menopause', 'label': 'problem', 'score': 0.921, 'start': 144, 'end': 158}, {'text': 'di', 'label': 'problem', 'score': 0.6285, 'start': 236, 'end': 238}, {'text': 'thirsty', 'label': 'problem', 'score': 0.9598, 'start': 268, 'end': 275}, {'text': 'dry', 'label': 'problem', 'score': 0.7606, 'start': 293, 'end': 296}, {'text': 'per', 'label': 'problem', 'score': 0.6237, 'start': 301, 'end': 304}, {'text': 'the feet', 'label': 'problem', 'score': 0.9001, 'start': 333, 'end': 341}, {'text': 'swelling', 'label': 'problem', 'score': 0.9822, 'start': 352, 'end': 360}, {'text': 'puffy', 'label': 'problem', 'score': 0.9627, 'start': 381, 'end': 386}, {'text': 'headaches', 'label': 'problem', 'score': 0.9926, 'start': 467, 'end': 476}, {'text': 'sore throat', 'label': 'problem', 'score': 0.9952, 'start': 541, 'end': 552}, {'text': 'pressure', 'label': 'test', 'score': 0.5413, 'start': 627, 'end': 635}, {'text': 'costive', 'label': 'problem', 'score': 0.6893, 'start': 658, 'end': 665}, {'text': 'appetite capricious', 'label': 'problem', 'score': 0.9257, 'start': 667, 'end': 686}, {'text': 'sleep disturbed', 'label': 'problem', 'score': 0.8231, 'start': 688, 'end': 703}, {'text': 'headache', 'label': 'problem', 'score': 0.995, 'start': 707, 'end': 715}, {'text': 'her me', 'label': 'test', 'score': 0.7739, 'start': 717, 'end': 723}, {'text': 'ac - count', 'label': 'test', 'score': 0.9633, 'start': 848, 'end': 858}, {'text': 'action irregular', 'label': 'problem', 'score': 0.5744, 'start': 1005, 'end': 1021}, {'text': 'pulm', 'label': 'problem', 'score': 0.6923, 'start': 1023, 'end': 1027}, {'text': 'second sound', 'label': 'problem', 'score': 0.832, 'start': 1032, 'end': 1044}, {'text': 'murmur', 'label': 'problem', 'score': 0.9915, 'start': 1062, 'end': 1068}, {'text': 'lungs and abdomen', 'label': 'test', 'score': 0.8138, 'start': 1070, 'end': 1087}, {'text': 'temperature', 'label': 'test', 'score': 0.9923, 'start': 1098, 'end': 1109}, {'text': 'pulse', 'label': 'test', 'score': 0.9933, 'start': 1118, 'end': 1123}, {'text': 'urine', 'label': 'test', 'score': 0.9886, 'start': 1129, 'end': 1134}, {'text': 'acid', 'label': 'problem', 'score': 0.4868, 'start': 1141, 'end': 1145}, {'text': 'large trace of albumen', 'label': 'problem', 'score': 0.7985, 'start': 1147, 'end': 1169}, {'text': 'sugar', 'label': 'test', 'score': 0.5187, 'start': 1174, 'end': 1179}, {'text': 'amount', 'label': 'test', 'score': 0.4957, 'start': 1181, 'end': 1187}, {'text': 'hyaline', 'label': 'problem', 'score': 0.8375, 'start': 1211, 'end': 1218}, {'text': 'granular casts', 'label': 'problem', 'score': 0.9939, 'start': 1220, 'end': 1234}, {'text': 'small', 'label': 'problem', 'score': 0.7217, 'start': 1236, 'end': 1241}, {'text': 'cedema of ankles', 'label': 'problem', 'score': 0.9892, 'start': 1315, 'end': 1332}, {'text': 'hands and feet cold', 'label': 'problem', 'score': 0.992, 'start': 1334, 'end': 1353}, {'text': 'feeble heart sounds', 'label': 'problem', 'score': 0.9974, 'start': 1369, 'end': 1388}, {'text': 'the thick fat', 'label': 'problem', 'score': 0.9856, 'start': 1403, 'end': 1416}, {'text': 'teademess over the shins', 'label': 'problem', 'score': 0.9939, 'start': 1459, 'end': 1483}, {'text': 'edema', 'label': 'problem', 'score': 0.9083, 'start': 1486, 'end': 1491}, {'text': 'periostjtia', 'label': 'problem', 'score': 0.923, 'start': 1493, 'end': 1504}, {'text': 'red cells', 'label': 'problem', 'score': 0.9269, 'start': 1532, 'end': 1541}, {'text': 'weak circulation', 'label': 'problem', 'score': 0.9977, 'start': 1627, 'end': 1643}, {'text': 'peripheral stasis', 'label': 'problem', 'score': 0.9967, 'start': 1648, 'end': 1665}, {'text': 'headache', 'label': 'problem', 'score': 0.9968, 'start': 1687, 'end': 1695}, {'text': 'arierio', 'label': 'problem', 'score': 0.6639, 'start': 1714, 'end': 1721}, {'text': 'bclepobia', 'label': 'problem', 'score': 0.9482, 'start': 1722, 'end': 1731}, {'text': 'urtemia', 'label': 'problem', 'score': 0.994, 'start': 1733, 'end': 1740}, {'text': 'measuteraent', 'label': 'problem', 'score': 0.6612, 'start': 1796, 'end': 1808}, {'text': 'urine', 'label': 'problem', 'score': 0.7481, 'start': 1835, 'end': 1840}, {'text': 'thyroid extract', 'label': 'treatment', 'score': 0.9934, 'start': 1857, 'end': 1872}, {'text': 'obesity', 'label': 'problem', 'score': 0.9909, 'start': 1929, 'end': 1936}, {'text': 'arterio', 'label': 'problem', 'score': 0.689, 'start': 1958, 'end': 1965}, {'text': 'eclerosb', 'label': 'treatment', 'score': 0.6059, 'start': 1966, 'end': 1974}, {'text': 'involution psychosis', 'label': 'problem', 'score': 0.9264, 'start': 1980, 'end': 2001}]","[PROBLEM]:acid;action irregular;appetite capricious;arierio;arterio;bclepobia;cedema of ankles;costive;di;dry;edema;feeble heart sounds;granular casts;hands and feet cold;headache;headaches;hyaline;involution psychosis;large trace of albumen;measuteraent;murmur;ne;obesity;per;periostjtia;peripheral stasis;puffy;pulm;red cells;second sound;sleep disturbed;small;sore throat;swelling;teademess over the shins;the feet;the menopause;the thick fat;thirsty;urine;urtemia;weak circulation.[TREATMENT]:eclerosb;thyroid extract.[TEST]:ac - count;amount;her me;lungs and abdomen;pressure;pulse;sugar;temperature;urine","(a) Obesity and its results, (6) arterio-eclerosb with involution psychosis, and (c) myxtedema, should be considered. Neither of the first two oft«n produces dry skin or loss of hair. In favor of myxtedenia are the age and sex, the cutaneous, facial, and mental changes, and the sub-normal tem- perature.' The administration of thyroid extract was followed by a rapid and permanent amelioration of all the symptoms (including those referable to the heart and kidney), and the diagnosis of myxoedema was thus confirmed. Prognosis: In most cases the symptoms can be permanently checked by the continued use of thyroid extract; occasionally it is difficult rightly to gauge the dose, and a few patients do not at first bear the drug well. Treatment: The thyroid preparations furnished by any of the leading pharma- ceutical firms are usually satisfactory. Beginning with two grains twice a day, the dose should be gradually increased until fifteen grains a day are taken. If at any time the pulse rises more than ten beats above its normal level, the drug should be stopped until the rate becomes normal again. If this precaution is observed no serious symptoms of thyroidiam will occur. In the earlier stages of treatment, loss of weight is rapid and laudable.","[PROBLEM]:dry skin;involution psychosis;loss of hair;loss of weight;myxoedema;myxtedema;myxtedenia;obesity;perat;serious symptoms of;the cutaneous facial and mental changes;the symptoms;thyroidiam.[TREATMENT]:arterio -;eclerosb;the drug;the thyroid preparations;this;thyroid extract;treatment.[TEST]:dose;the pulse"
"54","CASE 54 

A sailor, 39 years old, is seen on November 5, Hia mother died ot 
""stomach trouble."" Has had gonorrhoea three times, and 10 years ago 
a sore on hia penis. No secondary symptoms were observed. Always 
well up to two years ago, when he began to have epigastric pain after 
eating. He vomited frequently and usually with relief of pain. After 
three months in a hospital, he improved somewhat, but after dis- 
charge the old symptoms returned and with them headache and 
alternate constipation and diarrhoea. He again entered a hospital and 
remained 6 months, but lost strength and weight steadily and vomited 
everything taken. The vomitus, occasionally amounting to a quart at 
a time, was often ""dark in color, and now and then contained a streak 
of blood."" The patient is much prostrated and emaciated. The 
abdomen is retracted, but more prominent in the epigastrium, where 
there is some rigidity of the muscles and a little tenderness. Physi- 
cal examination is otherwise negative. Pulse 110, respiration 18, 
temperature 98°, Urine 1020, alkaline, no albumen, no sugar. The 
inflated stomach extends from the normal limit above to an inch below 
the umbilicus. Its capacity is fifty-four ounces. Two days ago, an 
hour after a test breakfast of one ounce of bread and ten ounces of 
water, twenty ounces of brownish fluid, containing much mucus, were 
withdrawn. Free HCl and blood absent. Lactic acid, intense reac- 
tion. Butjoic present. This morning the stomach was washed out 
again, and a pint of oat-gruel was given. An hour and a quarter later 
twenty ounces were withdrawn which contained considerable mucus 
but no blood. Free HCl absent; combined, present in small quan- 
tity. Lactic acid, a trace. Total acidity, .237. The leucocytes 
before eating numbered 5600; after 7300. The stomach after infla- 
tion extended from the normal limits above to an inch below the 
umbilicus. Its capacity was fifty-seven ounces. 

1. How many ouncea of fluid does the aomutl stomach hold? About torty-eight- 

2. Significance of mucus in the stomach content? Mucus ia always present 

in the stomach. By practice with many cases needing gastric lavage, one 
leams to ncognize how much mucus is to be extracted from the normal 
stomach, and hence to recognize marked excess suggesting catarrh. 

3. Diagnosis? Prognosis? Treatment? 

Diagnosis : Gastric pain and vomiting {the vomitus bloody, and sometimes a quart 
inamount), loss of fiesb and strength, evidences of gastric dilatation and stasis, 
and the contbued absence ot HCl, all point towards pyloric cancer. The sear 
ot an ulcer near the pylorus (peptic or syphilitic) might, by contraction and 
obetruction ot the pylorus, bring about gaitric dilatation, staus, and the other 
symptoms ot this case; but the continued absence of HCl, the absence ot 
hemoptysis and the age, make gastric cancer more likely. 

Prognosis and Treatment. (See above. Case 50.) ","[{'text': 'stomach trouble', 'label': 'problem', 'score': 0.9932, 'start': 78, 'end': 93}, {'text': 'gonorrhoea', 'label': 'problem', 'score': 0.8908, 'start': 104, 'end': 114}, {'text': 'a sore on hia penis', 'label': 'problem', 'score': 0.989, 'start': 146, 'end': 165}, {'text': 'secondary symptoms', 'label': 'problem', 'score': 0.9971, 'start': 170, 'end': 188}, {'text': 'epigastric pain', 'label': 'problem', 'score': 0.994, 'start': 260, 'end': 275}, {'text': 'pain', 'label': 'problem', 'score': 0.8928, 'start': 340, 'end': 344}, {'text': 'the old symptoms', 'label': 'problem', 'score': 0.969, 'start': 426, 'end': 442}, {'text': 'headache', 'label': 'problem', 'score': 0.9981, 'start': 466, 'end': 474}, {'text': 'alternate constipation', 'label': 'problem', 'score': 0.9966, 'start': 480, 'end': 502}, {'text': 'diarrhoea', 'label': 'problem', 'score': 0.9644, 'start': 507, 'end': 516}, {'text': 'dark in color', 'label': 'problem', 'score': 0.7826, 'start': 709, 'end': 722}, {'text': 'a streak of blood', 'label': 'problem', 'score': 0.7911, 'start': 751, 'end': 769}, {'text': 'much prostrated', 'label': 'problem', 'score': 0.7791, 'start': 787, 'end': 802}, {'text': 'emaciated', 'label': 'problem', 'score': 0.8135, 'start': 807, 'end': 816}, {'text': 'some rigidity of the muscles', 'label': 'problem', 'score': 0.9293, 'start': 900, 'end': 928}, {'text': 'a little tenderness', 'label': 'problem', 'score': 0.9724, 'start': 933, 'end': 952}, {'text': 'physi - cal examination', 'label': 'test', 'score': 0.9931, 'start': 954, 'end': 977}, {'text': 'pulse', 'label': 'test', 'score': 0.9925, 'start': 1001, 'end': 1006}, {'text': 'respiration', 'label': 'test', 'score': 0.967, 'start': 1012, 'end': 1023}, {'text': 'temperature', 'label': 'test', 'score': 0.9954, 'start': 1029, 'end': 1040}, {'text': 'urine', 'label': 'test', 'score': 0.9948, 'start': 1046, 'end': 1051}, {'text': 'albumen', 'label': 'problem', 'score': 0.6716, 'start': 1071, 'end': 1078}, {'text': 'sugar', 'label': 'problem', 'score': 0.8201, 'start': 1083, 'end': 1088}, {'text': 'inflated', 'label': 'problem', 'score': 0.8228, 'start': 1095, 'end': 1103}, {'text': 'brownish fluid', 'label': 'problem', 'score': 0.8848, 'start': 1327, 'end': 1341}, {'text': 'much mucusl', 'label': 'problem', 'score': 0.7388, 'start': 1354, 'end': 1391}, {'text': 'bloodtic', 'label': 'problem', 'score': 0.7136, 'start': 1396, 'end': 1416}, {'text': 'acid', 'label': 'problem', 'score': 0.9572, 'start': 1417, 'end': 1421}, {'text': 'intense reac - tion', 'label': 'problem', 'score': 0.9424, 'start': 1423, 'end': 1442}, {'text': 'oat - gruel', 'label': 'treatment', 'score': 0.9386, 'start': 1523, 'end': 1532}, {'text': 'considerable mucus', 'label': 'problem', 'score': 0.9948, 'start': 1618, 'end': 1636}, {'text': 'blood', 'label': 'problem', 'score': 0.9656, 'start': 1645, 'end': 1650}, {'text': 'hcl', 'label': 'problem', 'score': 0.524, 'start': 1657, 'end': 1660}, {'text': 'small quan', 'label': 'problem', 'score': 0.7402, 'start': 1690, 'end': 1700}, {'text': 'tity', 'label': 'problem', 'score': 0.8221, 'start': 1703, 'end': 1707}, {'text': 'lactic acid', 'label': 'problem', 'score': 0.9909, 'start': 1709, 'end': 1720}, {'text': 'total acidity', 'label': 'test', 'score': 0.9298, 'start': 1731, 'end': 1744}, {'text': 'the leucocytes', 'label': 'test', 'score': 0.6664, 'start': 1752, 'end': 1766}, {'text': 'ina - tion', 'label': 'test', 'score': 0.8203, 'start': 1827, 'end': 1839}, {'text': 'mucus in the stomach content', 'label': 'problem', 'score': 0.9715, 'start': 2048, 'end': 2076}, {'text': 'mucus', 'label': 'problem', 'score': 0.8995, 'start': 2078, 'end': 2083}, {'text': 'gastric lavage', 'label': 'treatment', 'score': 0.9545, 'start': 2156, 'end': 2170}]","[PROBLEM]:a little tenderness;a sore on hia penis;a streak of blood;acid;albumen;alternate constipation;blood;bloodtic;brownish fluid;considerable mucus;dark in color;diarrhoea;emaciated;epigastric pain;gonorrhoea;hcl;headache;inflated;intense reac - tion;lactic acid;much mucusl;much prostrated;mucus;mucus in the stomach content;pain;secondary symptoms;small quan;some rigidity of the muscles;stomach trouble;sugar;the old symptoms;tity.[TREATMENT]:gastric lavage;oat - gruel.[TEST]:ina - tion;physi - cal examination;pulse;respiration;temperature;the leucocytes;total acidity;urine","Gastric pain and vomiting {the vomitus bloody, and sometimes a quart inamount), loss of fiesb and strength, evidences of gastric dilatation and stasis, and the contbued absence ot HCl, all point towards pyloric cancer. The sear ot an ulcer near the pylorus (peptic or syphilitic) might, by contraction and obetruction ot the pylorus, bring about gaitric dilatation, staus, and the other symptoms ot this case; but the continued absence of HCl, the absence ot hemoptysis and the age, make gastric cancer more likely.","[PROBLEM]:a quart;an ulcer near the pylorus;gaitric dilatation;gastric cancer;gastric dilatation;gastric pain;hcl;hemoptysis;loss of fiesb and strength;ot hcl;peptic;pyloric cancer;stasis;staus;syphilitic;the age;the other symptoms;the vomitus bloody;vomiting.[TREATMENT]:contraction;obetruction;the sear"
"55","CASE 55 

A woman of 41, with good family history, has been married twice. 
The cause of the death of her first husband is unknown. During her 
first marriage she had two miscarriages. By her second husband, who 
appears healthy, she has never been pregnant. She has no rheumatic 
history. For 10 years she has not been able to walk far without dysp- 
no^, but her health was good until seven years ago, when at Carls- 
bad she took several baths, and just after the last a sudden left 
hemiplegia developed. For 4 months she could not be moved, and 
the left arm and leg, though useful, have never regained full power. 
She has always risen once in the night to urinate. Yesterday she was 
as well as usual. She wakened her husband about 1 a.m. to-day, and 
again, later, spoke to him. By 4 a,m. she was semi-conscious, could 
not speak, and had a right hemiparesis, most marked in the face. 

Next mormng the color and nutrition were good, the face not 
flushed, respiration easy, the breath free from odor. The tongue was 
slowly protruded on demand, but her comprehension was much limited. 
Temperature normal. The radial pulse could not be counted: the 
apex beat was sometimes 44, again 72 per minute. The first apex 
sound was excessively sharp, the pulmonic second accentuated. No 
murmurs, no thrill. The heart did not seem enlarged. Complete 
aphasia and inability to swallow. She moved the right arm somewhat, 
the right leg a very little. Contractures of the left fingers. The su- 
perficial reflexes were absent; no deep reflexes in the right arm or left 
leg; knee-jerk present on right. Abdomen negative. The urine was 
1012i in specific gravity, pale, with a slight trace of albumen, no sugar, 
a few hyaline and fine granular casts. 

1. Types of faciaJ paraljisis? Centr<d paralysis, usually appearing as part of hemi- 

plegia, aural paralyeig, occurring in catea of well-marked ear disease, and 
peripheral paraly^, occurring without any other leaioD. 

2. What odors in the breath are of diagnostic or prognostic value? Those of 

alcohol, acetone, and illuminating gas in diagnosb; the foul, heavy odor of 
many serious diseases in prognosis. 

3. Diagnosis? Prognosis? Treatment? 

Diagnosis: The sharp first sound, accented pulmonic second with chronic 
dyspncea and two attacks of hemiplegia point to mitral stenosis and cerebral 
embolism. The presystolic murmur has disappeared owing to cardiac weak- 
ness. Cerebral syphilis is suggested only by the history of miscarriage. 

Prognosis: She may live yeara, but the paralysis is not likely to be recovered 
from whoUy. 

Treatment: Feed by rectum until she can swallow, KI to exclude syphilis. ","[{'text': 'two miscarriages', 'label': 'problem', 'score': 0.7718, 'start': 167, 'end': 183}, {'text': 'rheumatic history', 'label': 'problem', 'score': 0.9029, 'start': 270, 'end': 288}, {'text': 'dysp', 'label': 'problem', 'score': 0.9175, 'start': 345, 'end': 349}, {'text': 'a sudden left hemiplegia', 'label': 'problem', 'score': 0.9471, 'start': 472, 'end': 497}, {'text': 'a right hemiparesis', 'label': 'problem', 'score': 0.9922, 'start': 847, 'end': 866}, {'text': 'flushed', 'label': 'problem', 'score': 0.9009, 'start': 956, 'end': 963}, {'text': 'odor', 'label': 'problem', 'score': 0.8694, 'start': 1004, 'end': 1008}, {'text': 'the radial pulse', 'label': 'test', 'score': 0.9508, 'start': 1115, 'end': 1131}, {'text': 'the apex beat', 'label': 'test', 'score': 0.9347, 'start': 1154, 'end': 1168}, {'text': 'sharponic', 'label': 'test', 'score': 0.5461, 'start': 1246, 'end': 1265}, {'text': 'murmurs', 'label': 'problem', 'score': 0.9952, 'start': 1290, 'end': 1297}, {'text': 'thrill', 'label': 'problem', 'score': 0.9884, 'start': 1302, 'end': 1308}, {'text': 'enlarged', 'label': 'problem', 'score': 0.825, 'start': 1333, 'end': 1341}, {'text': 'complete aphasia', 'label': 'problem', 'score': 0.9957, 'start': 1343, 'end': 1360}, {'text': 'inability to swallow', 'label': 'problem', 'score': 0.9829, 'start': 1365, 'end': 1385}, {'text': 'contractures of the left fingers', 'label': 'problem', 'score': 0.9762, 'start': 1451, 'end': 1483}, {'text': 'the su - perficial reflexes', 'label': 'test', 'score': 0.866, 'start': 1485, 'end': 1512}, {'text': 'deep reflexes in the', 'label': 'problem', 'score': 0.8611, 'start': 1529, 'end': 1549}, {'text': 'jerk', 'label': 'problem', 'score': 0.4909, 'start': 1579, 'end': 1583}, {'text': 'the urine', 'label': 'test', 'score': 0.9468, 'start': 1620, 'end': 1629}, {'text': 'pale', 'label': 'problem', 'score': 0.9379, 'start': 1662, 'end': 1666}, {'text': 'slight trace', 'label': 'problem', 'score': 0.712, 'start': 1675, 'end': 1687}, {'text': 'albumen', 'label': 'problem', 'score': 0.8265, 'start': 1691, 'end': 1698}, {'text': 'sugar', 'label': 'problem', 'score': 0.864, 'start': 1703, 'end': 1708}, {'text': 'a few hyaline and fine granular casts', 'label': 'problem', 'score': 0.8654, 'start': 1711, 'end': 1748}, {'text': 'faciaj paraljisis', 'label': 'problem', 'score': 0.9787, 'start': 1764, 'end': 1781}, {'text': 'centr  d paralysis', 'label': 'problem', 'score': 0.8404, 'start': 1783, 'end': 1800}, {'text': 'hemi - plegia', 'label': 'problem', 'score': 0.986, 'start': 1831, 'end': 1845}, {'text': 'aural paralyeig', 'label': 'problem', 'score': 0.9756, 'start': 1847, 'end': 1862}, {'text': 'well - marked ear disease', 'label': 'problem', 'score': 0.9969, 'start': 1886, 'end': 1909}, {'text': 'peripheral paraly ^', 'label': 'problem', 'score': 0.9593, 'start': 1916, 'end': 1934}, {'text': 'odors in the breath', 'label': 'problem', 'score': 0.794, 'start': 1982, 'end': 2001}, {'text': 'acetone', 'label': 'treatment', 'score': 0.8231, 'start': 2061, 'end': 2068}, {'text': 'illuminating', 'label': 'test', 'score': 0.4297, 'start': 2074, 'end': 2086}, {'text': 'gas', 'label': 'treatment', 'score': 0.4507, 'start': 2087, 'end': 2090}, {'text': 'the foul heavy odor', 'label': 'problem', 'score': 0.8559, 'start': 2104, 'end': 2124}]","[PROBLEM]:a few hyaline and fine granular casts;a right hemiparesis;a sudden left hemiplegia;albumen;aural paralyeig;centr  d paralysis;complete aphasia;contractures of the left fingers;deep reflexes in the;dysp;enlarged;faciaj paraljisis;flushed;hemi - plegia;inability to swallow;jerk;murmurs;odor;odors in the breath;pale;peripheral paraly ^;rheumatic history;slight trace;sugar;the foul heavy odor;thrill;two miscarriages;well - marked ear disease.[TREATMENT]:acetone;gas.[TEST]:illuminating;sharponic;the apex beat;the radial pulse;the su - perficial reflexes;the urine","The sharp first sound, accented pulmonic second with chronic dyspncea and two attacks of hemiplegia point to mitral stenosis and cerebral embolism. The presystolic murmur has disappeared owing to cardiac weak- ness. Cerebral syphilis is suggested only by the history of miscarriage.","[PROBLEM]:cardiac weak - ness;cerebral embolism;cerebral syphilis;chronic dyspncea;hemiplegia;miscarriage;mitral stenosis;the presystolic murmur;two attacks"
"56","CASE 56 

A clerk, married, twenty-four, i9 seen Jan. 5. His family and 
previous history and habits are good. He went to bed the night of the 
3d in his usual health and slept well. On rising in the morning he had 
a severe chill, but went to business. After an hour or two he was 
obliged to return home, feeling very weak and aching all over. He 
took to his bed, raised some bloody sputum, had some nosebleed, and 
passed urine freely without pain, containing much fresh blood. 

When seen he did not look very ill; pulse 100, respiration 24, tem- 
perature 103.6°. He complained of no pain. Physical examination 
was negative, except for slight dulness with feeble respiration and fine 
rales over the left posterior base of the chest. 

There were several discrete, viscid, tawny sputa in a cup. The 
urine was smoky, 1014, with a very large trace of albumen, urea 1.64%. 

The sediment contained considerable normal and abnormal blood, 
rather numerous epithelial ca^ts of large diameter, one disintegrated 
blood cast; one or two large, fine granular casts. 

1. What diseases are apt to have such ao onset? Meningitis, infltienca, septictemia, 

tonsillitis, and pneumonia. 

2. What diagnoBtic data are wanting? The twenty-four hour amount of urine, 

microscopic examination of the sputum and of the blood. 

3. What conclusions can be drawn from the percentage of urea? No conclusions 

of any importance, unless the quantity and quahty of the patient's diet 
is known and controlled, unleaa we know the twenty-four hour amount of 
urine, and unless we can exclude such influences as vomiting and diarrhcea. 
Obviously, these conditions are not often possible. 
i. Diagnosis? Prognosis? Treatment? 

Diagnosis: The cUnical picture is that of an infectious fever with signs pointing 
especially to the left lung and to the kidneys. Tuberculosis and pneumonia 
are especially to be considered. As the hemoptysis preceded the nosebleed, 
it is not likely that all the blood came from the nose. The potation of the 
pulmonary signs and the suddenness of onset, with chill and general pains, 
are much more chaiucteristic of [meumonia than of tuberculosis. The absence 
of pain on the second day is unusual in pneumonia, but by no means unknown. 
The physical signs are not those of solidification, but are, nevertheless, just such 
as are often seen in the early stages of pneumonia. They are also consbtent, 
however, with tuberculoeis, and only by the course of the case and by repeated 
examinations of the sputum can tutiercuIostB be excluded. Jt leucocytosis 
were present it would favor the diagnosis of pneumonia as against tuberculous 
hemoptysis, but in tuberculosis pneumonia leucocytosis also occurs. 

Hematuria without pain and with so large a number of casta points to acute 
nephritis. Such an urine is decidedly characteristic of pueumococcus infec- 
tions and tends to support the diagnosis of pneumonia as against tuberculo^. 

Prognosis; About 75% of cases recover. The patient's good habits, previous 
history and present condition are in his favor, but the nephritis is unfavorable. 

Treatment : Diet according to digestive power. Open windows. Mild diuretics 
and the relief of symptoms aa they arise. ","[{'text': 'a severe chill', 'label': 'problem', 'score': 0.9903, 'start': 216, 'end': 230}, {'text': 'very weak', 'label': 'problem', 'score': 0.8302, 'start': 315, 'end': 324}, {'text': 'aching all over', 'label': 'problem', 'score': 0.9525, 'start': 329, 'end': 344}, {'text': 'some bloody sputum', 'label': 'problem', 'score': 0.8839, 'start': 374, 'end': 392}, {'text': 'some nosebleed', 'label': 'problem', 'score': 0.6283, 'start': 398, 'end': 412}, {'text': 'urine', 'label': 'test', 'score': 0.5797, 'start': 426, 'end': 431}, {'text': 'pain', 'label': 'problem', 'score': 0.9861, 'start': 447, 'end': 451}, {'text': 'pulse', 'label': 'test', 'score': 0.9715, 'start': 520, 'end': 525}, {'text': 'respiration', 'label': 'test', 'score': 0.9834, 'start': 531, 'end': 542}, {'text': 'tem -', 'label': 'test', 'score': 0.8, 'start': 547, 'end': 551}, {'text': 'perature', 'label': 'test', 'score': 0.7513, 'start': 553, 'end': 561}, {'text': 'pain', 'label': 'problem', 'score': 0.9875, 'start': 590, 'end': 594}, {'text': 'physical examination', 'label': 'test', 'score': 0.9923, 'start': 596, 'end': 616}, {'text': 'slight dulness', 'label': 'problem', 'score': 0.9978, 'start': 643, 'end': 657}, {'text': 'feeble respiration', 'label': 'problem', 'score': 0.9329, 'start': 663, 'end': 681}, {'text': 'fine rales over', 'label': 'problem', 'score': 0.9867, 'start': 686, 'end': 702}, {'text': 'chest', 'label': 'problem', 'score': 0.8342, 'start': 734, 'end': 739}, {'text': 'several', 'label': 'problem', 'score': 0.6765, 'start': 754, 'end': 761}, {'text': 'discrete viscid tawny sputa', 'label': 'problem', 'score': 0.9748, 'start': 762, 'end': 791}, {'text': 'cup', 'label': 'problem', 'score': 0.5506, 'start': 797, 'end': 800}, {'text': 'the urine', 'label': 'test', 'score': 0.9073, 'start': 802, 'end': 812}, {'text': 'smoky', 'label': 'problem', 'score': 0.8833, 'start': 817, 'end': 822}, {'text': 'albumen', 'label': 'problem', 'score': 0.9279, 'start': 857, 'end': 864}, {'text': 'urea', 'label': 'test', 'score': 0.9291, 'start': 866, 'end': 870}, {'text': 'considerable normal and abnormal blood', 'label': 'problem', 'score': 0.9859, 'start': 903, 'end': 941}, {'text': 'rather numerous epithelial ca', 'label': 'problem', 'score': 0.9075, 'start': 944, 'end': 973}, {'text': 'ts', 'label': 'test', 'score': 0.4037, 'start': 974, 'end': 976}, {'text': 'one disintegrated blood cast', 'label': 'problem', 'score': 0.9561, 'start': 996, 'end': 1025}, {'text': 'large fine granular casts', 'label': 'problem', 'score': 0.9137, 'start': 1038, 'end': 1064}, {'text': 'meningitis', 'label': 'problem', 'score': 0.8841, 'start': 1116, 'end': 1126}, {'text': 'infltienca', 'label': 'problem', 'score': 0.9782, 'start': 1128, 'end': 1138}, {'text': 'septictemia', 'label': 'problem', 'score': 0.9966, 'start': 1140, 'end': 1151}, {'text': 'tonsillitis', 'label': 'problem', 'score': 0.9959, 'start': 1155, 'end': 1166}, {'text': 'pneumonia', 'label': 'problem', 'score': 0.9953, 'start': 1172, 'end': 1181}, {'text': 'urine', 'label': 'test', 'score': 0.9679, 'start': 1253, 'end': 1258}, {'text': 'microscopic examination of the sputum', 'label': 'test', 'score': 0.9765, 'start': 1262, 'end': 1299}, {'text': 'the blood', 'label': 'test', 'score': 0.7723, 'start': 1307, 'end': 1316}, {'text': 'urea', 'label': 'problem', 'score': 0.5397, 'start': 1376, 'end': 1380}, {'text': 'urine', 'label': 'test', 'score': 0.8541, 'start': 1544, 'end': 1549}, {'text': 'vomiting', 'label': 'problem', 'score': 0.9903, 'start': 1596, 'end': 1604}, {'text': 'diarrhcea', 'label': 'problem', 'score': 0.775, 'start': 1609, 'end': 1618}, {'text': 'treatmentnical picture', 'label': 'test', 'score': 0.6329, 'start': 1699, 'end': 1742}, {'text': 'an infectious fever', 'label': 'problem', 'score': 0.996, 'start': 1754, 'end': 1773}, {'text': 'tuberculosis', 'label': 'problem', 'score': 0.997, 'start': 1843, 'end': 1855}, {'text': 'pneumonia', 'label': 'problem', 'score': 0.9946, 'start': 1860, 'end': 1869}, {'text': 'the hemoptysis', 'label': 'problem', 'score': 0.9837, 'start': 1907, 'end': 1921}, {'text': 'the blood', 'label': 'test', 'score': 0.5974, 'start': 1973, 'end': 1982}, {'text': 'the potation', 'label': 'problem', 'score': 0.8651, 'start': 2003, 'end': 2015}, {'text': 'the pulmonary signs', 'label': 'problem', 'score': 0.9293, 'start': 2019, 'end': 2039}, {'text': 'the suddenness of onset', 'label': 'problem', 'score': 0.8372, 'start': 2044, 'end': 2067}, {'text': 'chill', 'label': 'problem', 'score': 0.9948, 'start': 2074, 'end': 2079}, {'text': 'general pains', 'label': 'problem', 'score': 0.9954, 'start': 2084, 'end': 2097}, {'text': 'meumonia', 'label': 'problem', 'score': 0.9654, 'start': 2132, 'end': 2141}, {'text': 'tuberculosis', 'label': 'problem', 'score': 0.9867, 'start': 2150, 'end': 2162}, {'text': 'pain', 'label': 'problem', 'score': 0.5814, 'start': 2180, 'end': 2184}]","[PROBLEM]:a severe chill;aching all over;albumen;an infectious fever;chest;chill;considerable normal and abnormal blood;cup;diarrhcea;discrete viscid tawny sputa;feeble respiration;fine rales over;general pains;infltienca;large fine granular casts;meningitis;meumonia;one disintegrated blood cast;pain;pneumonia;rather numerous epithelial ca;septictemia;several;slight dulness;smoky;some bloody sputum;some nosebleed;the hemoptysis;the potation;the pulmonary signs;the suddenness of onset;tonsillitis;tuberculosis;urea;very weak;vomiting.[TEST]:microscopic examination of the sputum;perature;physical examination;pulse;respiration;tem -;the blood;the urine;treatmentnical picture;ts;urea;urine","The cUnical picture is that of an infectious fever with signs pointing especially to the left lung and to the kidneys. Tuberculosis and pneumonia are especially to be considered. As the hemoptysis preceded the nosebleed, it is not likely that all the blood came from the nose. The potation of the pulmonary signs and the suddenness of onset, with chill and general pains, are much more chaiucteristic of [meumonia than of tuberculosis. The absence of pain on the second day is unusual in pneumonia, but by no means unknown. The physical signs are not those of solidification, but are, nevertheless, just such as are often seen in the early stages of pneumonia. They are also consbtent, however, with tuberculoeis, and only by the course of the case and by repeated examinations of the sputum can tutiercuIostB be excluded. Jt leucocytosis were present it would favor the diagnosis of pneumonia as against tuberculous hemoptysis, but in tuberculosis pneumonia leucocytosis also occurs.","[PROBLEM]:an infectious fever;chill;general pains;jt leucocytosis;meumonia;pain;pneumonia;pulmonary signs;suddenness of;the blood;the hemoptysis;the nosebleed;tuberculoeis;tuberculosis;tuberculosis pneumonia leucocytosis;tuberculous hemoptysis.[TREATMENT]:tutiercuiostb.[TEST]:repeated examinations of the sputum"
"57","CASE 57 

An electrician, 31 years old, of good habits and family history, waii 
Been September 25. Except for an attack of ""inflammation of the 
bowels"" two years ago his previous health has been excellent. His 
work has been hard, and for about two months past he has been con- 
sciously tired. About ten days ago he had a little diarrhoea. He was 
then all right for several days. While walking in the street the evening 
of September 15, he was seized with severe cramps in the abdomen, not 
localized, Fecuning through the night and preventing sleep; no diarrhoea 
or vomiting. The next morning the doctor saw him in bed with noi^ 
mal pulse and temperature, no abdominal tenderness; the bowels had 
moved twice normally since the advent of the pain. The next day 
more or less general pain was still present; tenderness over the lower 
abdomen, more marked on the left side, was noted; the temperature 
was 102° A.M., 103° P.M.; there was some diarrhoea. Calomel was given 
the day before, opium both days. September 18 the morning tem- 
perature was 104.5°, pulse 110, pain and tenderness were more marked, 
and slight distention was noted. At the evening visit the pain had 
moved to the epigastrium and subsequently continued high rather than 
low. The following day the temperature dropped to 100, pulse to 90. 
The bowels did not move from the 18th until the 21st, then after enema. 
Again on the 24th there was a large, partly formed dejection, and 
much gas passed the 25th. Vomited twice on 21st after barley water; 
not before or since. Abdominal distention has gradually increased. 
The mind was clear; the pulse fairly good; tongue slightly coated; 
decubitus dorsal with legs outstretched; moderate pain and tenderness 
in upper abdomen, not sharply localized; chest negative; abdomen 
moderately and generally distended, duller in the flanks and hypogas- 
trium than superiorly, the dull areas changii^ somewhat with changing 
position. Urine and rectal examination negative. No tumor or local- 
ized resistance. Blood not examined. 

X. Common causes of symmetrical abdominal distention? Tympanites, obe«ty, 

ascites, tuberculous peritonitis. 
2. What can be inferred from the stat«ment ''decubitus dorsal with 1^;b out- 
stretched""? That no considerable abdominal ptun is present. 
3- Diagnosis? Prognosis? Treatment? 

Diagnosis: The sudden onset of severe abdominal pain, with fever, rapid pulse, 
constipation, abdominal dist«ntion, slight general tenderness and shifting dul- 
ness in the flanks, points to general peritonitis probably due to appendicitis, 
possibly to cholecystitis. Calomel aggravated the lesions and opium masked 
the eymptons. Intestinal obstruction is excluded by the effect of cathartics. 
Prognosis: Perhaps one case in five recovers; the outlook depends upon the 

virulence of the infection and the skill and speed of the surgeon. 
Treatment: Laparotomy and drabage. ","[{'text': 'inflammation of the bowels', 'label': 'problem', 'score': 0.967, 'start': 125, 'end': 152}, {'text': 'con - sciously tired', 'label': 'problem', 'score': 0.9081, 'start': 275, 'end': 295}, {'text': 'a little diarrhoea', 'label': 'problem', 'score': 0.9942, 'start': 323, 'end': 341}, {'text': 'severe cramps in the abdomen', 'label': 'problem', 'score': 0.9984, 'start': 461, 'end': 489}, {'text': 'localized', 'label': 'problem', 'score': 0.8293, 'start': 496, 'end': 505}, {'text': 'diarrhoea', 'label': 'problem', 'score': 0.9936, 'start': 559, 'end': 568}, {'text': 'vomiting', 'label': 'problem', 'score': 0.9975, 'start': 573, 'end': 581}, {'text': 'pulse', 'label': 'test', 'score': 0.4083, 'start': 641, 'end': 646}, {'text': 'temperature', 'label': 'test', 'score': 0.5667, 'start': 651, 'end': 662}, {'text': 'abdominal tenderness', 'label': 'problem', 'score': 0.9969, 'start': 667, 'end': 687}, {'text': 'the pain', 'label': 'problem', 'score': 0.9964, 'start': 746, 'end': 754}, {'text': 'more', 'label': 'problem', 'score': 0.9788, 'start': 770, 'end': 774}, {'text': 'general pain', 'label': 'problem', 'score': 0.769, 'start': 783, 'end': 795}, {'text': 'tenderness over the lower abdomen', 'label': 'problem', 'score': 0.9941, 'start': 815, 'end': 849}, {'text': 'the temperature', 'label': 'test', 'score': 0.532, 'start': 892, 'end': 907}, {'text': 'some diarrhoea', 'label': 'problem', 'score': 0.9751, 'start': 945, 'end': 959}, {'text': 'calomel', 'label': 'treatment', 'score': 0.9852, 'start': 961, 'end': 968}, {'text': 'tem - perature', 'label': 'test', 'score': 0.7812, 'start': 1038, 'end': 1052}, {'text': 'pulse', 'label': 'test', 'score': 0.9866, 'start': 1065, 'end': 1070}, {'text': 'pain', 'label': 'problem', 'score': 0.975, 'start': 1076, 'end': 1080}, {'text': 'tenderness', 'label': 'problem', 'score': 0.5743, 'start': 1085, 'end': 1095}, {'text': 'slight distention', 'label': 'problem', 'score': 0.9979, 'start': 1119, 'end': 1136}, {'text': 'the pain', 'label': 'problem', 'score': 0.9832, 'start': 1169, 'end': 1177}, {'text': 'the', 'label': 'test', 'score': 0.9014, 'start': 1276, 'end': 1279}, {'text': 'temperature', 'label': 'test', 'score': 0.4388, 'start': 1280, 'end': 1291}, {'text': 'pulse', 'label': 'test', 'score': 0.9903, 'start': 1308, 'end': 1313}, {'text': 'enema', 'label': 'test', 'score': 0.4642, 'start': 1387, 'end': 1392}, {'text': 'a large partly formed dejection', 'label': 'problem', 'score': 0.9987, 'start': 1423, 'end': 1455}, {'text': 'much', 'label': 'test', 'score': 0.4114, 'start': 1462, 'end': 1466}, {'text': 'gas', 'label': 'problem', 'score': 0.3417, 'start': 1467, 'end': 1470}, {'text': 'water', 'label': 'treatment', 'score': 0.522, 'start': 1523, 'end': 1528}, {'text': 'abdominal distention', 'label': 'problem', 'score': 0.9973, 'start': 1552, 'end': 1572}, {'text': 'tongue', 'label': 'problem', 'score': 0.9119, 'start': 1642, 'end': 1648}, {'text': 'slightly coated', 'label': 'problem', 'score': 0.8389, 'start': 1649, 'end': 1664}, {'text': 'decubitus dorsal', 'label': 'problem', 'score': 0.936, 'start': 1667, 'end': 1683}, {'text': 'moderate pain', 'label': 'problem', 'score': 0.9955, 'start': 1708, 'end': 1721}, {'text': 'tenderness in upper abdomen', 'label': 'problem', 'score': 0.981, 'start': 1726, 'end': 1754}, {'text': 'sharply localized', 'label': 'problem', 'score': 0.9773, 'start': 1760, 'end': 1777}, {'text': 'moderately and generally distended', 'label': 'problem', 'score': 0.8696, 'start': 1804, 'end': 1838}, {'text': 'duller in the flanks', 'label': 'problem', 'score': 0.9112, 'start': 1840, 'end': 1860}, {'text': 'hypogas - trium', 'label': 'problem', 'score': 0.8714, 'start': 1865, 'end': 1880}, {'text': 'the dull areasii', 'label': 'problem', 'score': 0.7903, 'start': 1898, 'end': 1920}, {'text': 'somewhat', 'label': 'problem', 'score': 0.6119, 'start': 1922, 'end': 1930}, {'text': 'urine and rectal examination', 'label': 'test', 'score': 0.9386, 'start': 1956, 'end': 1984}, {'text': 'tumor', 'label': 'problem', 'score': 0.9979, 'start': 1998, 'end': 2003}, {'text': 'local - ized resistance', 'label': 'problem', 'score': 0.9952, 'start': 2007, 'end': 2030}, {'text': 'symmetrical abdominal distention', 'label': 'problem', 'score': 0.9977, 'start': 2074, 'end': 2106}, {'text': 'tyanites', 'label': 'problem', 'score': 0.7603, 'start': 2108, 'end': 2118}, {'text': 'obe « ty', 'label': 'problem', 'score': 0.7296, 'start': 2120, 'end': 2126}, {'text': 'ascites', 'label': 'problem', 'score': 0.9595, 'start': 2130, 'end': 2137}, {'text': 'tuberculous peritonitis', 'label': 'problem', 'score': 0.9875, 'start': 2139, 'end': 2162}, {'text': 'ment', 'label': 'treatment', 'score': 0.6606, 'start': 2203, 'end': 2209}, {'text': 'decubitus', 'label': 'problem', 'score': 0.8126, 'start': 2210, 'end': 2219}]","[PROBLEM]:a large partly formed dejection;a little diarrhoea;abdominal distention;abdominal tenderness;ascites;con - sciously tired;decubitus;decubitus dorsal;diarrhoea;duller in the flanks;gas;general pain;hypogas - trium;inflammation of the bowels;local - ized resistance;localized;moderate pain;moderately and generally distended;more;obe « ty;pain;severe cramps in the abdomen;sharply localized;slight distention;slightly coated;some diarrhoea;somewhat;symmetrical abdominal distention;tenderness;tenderness in upper abdomen;tenderness over the lower abdomen;the dull areasii;the pain;tongue;tuberculous peritonitis;tumor;tyanites;vomiting.[TREATMENT]:calomel;ment;water.[TEST]:enema;much;pulse;tem - perature;temperature;the;the temperature;urine and rectal examination","The sudden onset of severe abdominal pain, with fever, rapid pulse, constipation, abdominal dist«ntion, slight general tenderness and shifting dul- ness in the flanks, points to general peritonitis probably due to appendicitis, possibly to cholecystitis. Calomel aggravated the lesions and opium masked the eymptons. Intestinal obstruction is excluded by the effect of cathartics. Prognosis: Perhaps one case in five recovers; the outlook depends upon the","[PROBLEM]:- ness in the flanks;abdominal dist;appendicitis;cholecystitis;constipation;fever;general peritonitis;intestinal obstruction;ntion;rapid pulse;severe abdominal pain;shifting du;slight general tenderness;the eymptons;the lesions.[TREATMENT]:calomel;cathartics;opium"
"58","CASE 58 

A plumber of 40, of good family and previous history and good 
habits, had clap many years ago with good recovery. 

One year ago he had an obstinate cough with expectoration (not 
examined) and a ""patch"" in his right lower front chest. He went to 
Florida and recovered entirely. About two months ago he noticed 
swelling of the face and neck, especially in the morning, and had to 
enlai^ Ms collars. Stooping caused headache, a slight choking sensa- 
tion, and swelling of the veins of his face and neck. After some 
weeks he had fever, malaise, and swollen tender glands (?) in the neck, 
especially on the left side. In the course of a week he was so much 
better that he resumed work. Recently the swelling of the face and neck 
have returned and are more marked in the morning. The left arm 
ha^ also swollen, without pain or tenderness. He has had several nose- 
bleeds, with relief to his head. Yesterday his temperature was 101.4°, 
to-day 99.6"". Pulse 80, regular. The appetite, digestion, bowels, and 
sleep and respiration, are normal. The eyelids have been puffy, but 
are not so now. The face, neck, and upper part of the thorax are 
swollen and hypenemic. The veins of the arms and their valves are 
very distinct, especially on the left side, and are markedly dilated in 
the left lower axillary region and along the right diaphragmatic attach- 
ment. Visceral examination, the blood, and the urine are negative, 
also the throat. The voice is clear. No glands in either axilla or groin. 

1. What are the poaaible cauaea of swelling of one smi7 Venoua thrombosis or 

pressure on a venous trunk between the arm and the heart; inflamma- 
tory exudation (sepsis); arterial thrombosis. Occaaionally dropsical cedema 
may settle in one arm if the patient has been lying long 9n one side. 

2. What are the commtm causes of swelling of the face? Nephritis, cardiac disease, 

inflammatory oedema (as in erysipelas), angio-neurotic <edema. In the early 
morning many persons have swelling of the face off and on without known 
cause or sequehe. 

3. What can be inferted from the increase o! the swelling in the early momingT 

All types of facial oedema (whether of known or unknown origin) are apt to 
be more marked in the morning. Hence this change has no diagnostic value. 

4. Diagnosis? Prognosis? Treatment? 

Diagnosis: (Edema and hyperemia of face, neck, upper thorax, and left ann, with 
dilated veins in these areas and lumps in the neck (later disappearing), point 
to mediastinal pressure on venous trunks. There are no signs of anemism. 
New growth is the only alternative. The thymus is a possible site of origin 
for the tumor. The other facts in the case are consistent with this diagnosis 
— which was confirmed at autopsy — cancer of the thymus. 

Prognosis; Progressive decline and death within six months. 

Treatment; X-ray should be tried, otherwise the treatment is symptomatic.","[{'text': 'an obstinate cough', 'label': 'problem', 'score': 0.997, 'start': 147, 'end': 165}, {'text': 'expectoration', 'label': 'problem', 'score': 0.8153, 'start': 171, 'end': 184}, {'text': 'a  patch', 'label': 'problem', 'score': 0.8395, 'start': 205, 'end': 213}, {'text': 'chest', 'label': 'problem', 'score': 0.5386, 'start': 240, 'end': 245}, {'text': 'swelling of the face and neck', 'label': 'problem', 'score': 0.9985, 'start': 324, 'end': 353}, {'text': 'ms collars', 'label': 'treatment', 'score': 0.8151, 'start': 401, 'end': 411}, {'text': 'stooping', 'label': 'problem', 'score': 0.6486, 'start': 413, 'end': 421}, {'text': 'headache', 'label': 'problem', 'score': 0.9985, 'start': 429, 'end': 437}, {'text': 'a slight choking sensa - tion', 'label': 'problem', 'score': 0.996, 'start': 439, 'end': 468}, {'text': 'swelling of the veins of his face and neck', 'label': 'problem', 'score': 0.9978, 'start': 474, 'end': 516}, {'text': 'fever', 'label': 'problem', 'score': 0.9984, 'start': 543, 'end': 548}, {'text': 'malaise', 'label': 'problem', 'score': 0.9617, 'start': 550, 'end': 557}, {'text': 'swollen tender glands', 'label': 'problem', 'score': 0.9988, 'start': 563, 'end': 584}, {'text': 'in the neck', 'label': 'problem', 'score': 0.9963, 'start': 589, 'end': 600}, {'text': 'the swelling of the face and neck', 'label': 'problem', 'score': 0.998, 'start': 710, 'end': 743}, {'text': 'arm ha', 'label': 'problem', 'score': 0.8204, 'start': 804, 'end': 811}, {'text': 'swollen', 'label': 'problem', 'score': 0.8671, 'start': 818, 'end': 825}, {'text': 'pain', 'label': 'problem', 'score': 0.9932, 'start': 835, 'end': 839}, {'text': 'tenderness', 'label': 'problem', 'score': 0.9865, 'start': 843, 'end': 853}, {'text': 'several nose - bleeds', 'label': 'problem', 'score': 0.9937, 'start': 866, 'end': 887}, {'text': 'his temperature', 'label': 'test', 'score': 0.9835, 'start': 924, 'end': 939}, {'text': 'pulse', 'label': 'test', 'score': 0.967, 'start': 967, 'end': 972}, {'text': 'puffy', 'label': 'problem', 'score': 0.9065, 'start': 1081, 'end': 1086}, {'text': 'swollen', 'label': 'problem', 'score': 0.9867, 'start': 1159, 'end': 1166}, {'text': 'hypenemic', 'label': 'problem', 'score': 0.8807, 'start': 1171, 'end': 1180}, {'text': 'markedly dilated in the left lower axillary region', 'label': 'problem', 'score': 0.9144, 'start': 1278, 'end': 1329}, {'text': 'diaphmatic attach', 'label': 'problem', 'score': 0.7095, 'start': 1350, 'end': 1370}, {'text': 'visceral examination', 'label': 'test', 'score': 0.9896, 'start': 1379, 'end': 1399}, {'text': 'the blood', 'label': 'test', 'score': 0.9912, 'start': 1401, 'end': 1410}, {'text': 'the urine', 'label': 'test', 'score': 0.77, 'start': 1416, 'end': 1425}, {'text': 'glands in either axilla or groin', 'label': 'problem', 'score': 0.9924, 'start': 1481, 'end': 1513}, {'text': 'swelling', 'label': 'problem', 'score': 0.9782, 'start': 1552, 'end': 1560}, {'text': 'one sm', 'label': 'problem', 'score': 0.7599, 'start': 1564, 'end': 1570}, {'text': 'venoua thrombosis', 'label': 'problem', 'score': 0.9581, 'start': 1573, 'end': 1590}, {'text': 'pressure on a venous trunk between the arm', 'label': 'problem', 'score': 0.9387, 'start': 1596, 'end': 1638}, {'text': 'the heart', 'label': 'problem', 'score': 0.8078, 'start': 1643, 'end': 1652}, {'text': 'inflamma - tory exudation  sepsis', 'label': 'problem', 'score': 0.9493, 'start': 1654, 'end': 1688}, {'text': 'arterial thrombosis', 'label': 'problem', 'score': 0.9987, 'start': 1690, 'end': 1709}, {'text': 'occaaionally dropsical cedema', 'label': 'problem', 'score': 0.9401, 'start': 1711, 'end': 1740}, {'text': 'swelling of the face', 'label': 'problem', 'score': 0.9978, 'start': 1847, 'end': 1867}, {'text': 'nephritis', 'label': 'problem', 'score': 0.9206, 'start': 1869, 'end': 1878}, {'text': 'cardiac disease', 'label': 'problem', 'score': 0.9983, 'start': 1880, 'end': 1895}, {'text': 'inflammatory oedema', 'label': 'problem', 'score': 0.9945, 'start': 1899, 'end': 1918}, {'text': 'erysipelas', 'label': 'problem', 'score': 0.877, 'start': 1926, 'end': 1936}, {'text': 'angio - neurotic  edema', 'label': 'problem', 'score': 0.9129, 'start': 1939, 'end': 1960}, {'text': 'swelling of the face', 'label': 'problem', 'score': 0.9981, 'start': 2002, 'end': 2022}, {'text': 'sehe', 'label': 'problem', 'score': 0.6073, 'start': 2058, 'end': 2065}]","[PROBLEM]:a  patch;a slight choking sensa - tion;an obstinate cough;angio - neurotic  edema;arm ha;arterial thrombosis;cardiac disease;chest;diaphmatic attach;erysipelas;expectoration;fever;glands in either axilla or groin;headache;hypenemic;in the neck;inflamma - tory exudation  sepsis;inflammatory oedema;malaise;markedly dilated in the left lower axillary region;nephritis;occaaionally dropsical cedema;one sm;pain;pressure on a venous trunk between the arm;puffy;sehe;several nose - bleeds;stooping;swelling;swelling of the face;swelling of the face and neck;swelling of the veins of his face and neck;swollen;swollen tender glands;tenderness;the heart;the swelling of the face and neck;venoua thrombosis.[TREATMENT]:ms collars.[TEST]:his temperature;pulse;the blood;the urine;visceral examination","(Edema and hyperemia of face, neck, upper thorax, and left ann, with dilated veins in these areas and lumps in the neck (later disappearing), point to mediastinal pressure on venous trunks. There are no signs of anemism. New growth is the only alternative. The thymus is a possible site of origin for the tumor. The other facts in the case are consistent with this diagnosis — which was confirmed at autopsy — cancer of the thymus.","[PROBLEM]:anemism;cancer of the thymus;dilated veins in these areas;edema;hyperemia of face neck upper thorax and left ann;lumps in the neck;mediastinal pressure on venous trunks;the tumor.[TEST]:autopsy"
"59","CASE 59 

A business man, 58, with good family history and habita, had, about 
twenty-five years ago, a severe rheumatic fever, disabhng him for several 
months. Ever since then his pulse has been more or less irregular; but 
he has suffered no inconvenience until about two years ago when he 
noticed that walking up hill caused dyspncea. Since then he has lost 
upwards of fifty pounds in weight. For the past three months he has 
driven to his business for an hour a day only, and been kept awake by 
dyspncea and pain in the right side of the abdomen. Appetite has been 
poor and digestion impaired. 

Pulse irregular, intermittent, rapd, not corresponding with the 
heart-beat. Respiration easy when quiet, temperature 98.6°, 

Complexion sallow, with yellowish tinge to sclerotics. No cyanosis. 
Tongue heavily coated. Moderate cedema of lower legs. Lungs clear. 
Cardiac apex not defined to eye or touch. Percussion shows increase 
in the transverse <Uameter of the heart, the action of which is so rapid 
and irregular that only a doubtful systolic apex murmur can be 
heard. The second sounds are clear, the pulmonic not specially 



The belly is flabby, the navel not flushed. Pereuswon dulness in 
the flanks shifts with changing position. No fluctuation wave. Three 
inches below the right costal border and across the epigastrium a solid 
body, tender, with a firm edge descending with inspiration, is felt. 

The urine, normal in amount, specific gravity 1028, contains a 
large trace of albumen, 2% of sugar, 1.26% urea, no bile, acetone, 
or diacetic acid. Sediment, a few normal blood globules, a rare 
hyaline cast. 

1. Common causea of sugar in the urine? Diabetes mellitus, neuroses (wony, 

fear, etc.), coma from any cause (including narcotics), pregnancy. 

2. How do you explain tlie loss of weight? Poor appetite and digestion combined 

with arterio-ederosia and with glycoeuria. 

3. Commonest causes of pain in that r^on? Appendidtis, gall-stones, pelvic 

inflammation <in women). 

4. What caused the pain in the right side of the abdomen? Hepatic congestion. 

5. Diagnosis? Prognosis? Treatment? 

Diagnosis: Dyspncea, digestive disturbance, a dilated, rapid, and irregular 
heart, swollen legs, ascites, enlarged liver with slight jaundice and a urine 
showing renal congestion,^ all point to an uncompensated cardiac lesion with 
passive congestion of the lungs, stomach, liver, peritoneal cavity, kidney, 
and legs. The exact condition of the heart cannot be stated. Its insufficient 
strength may be due to mitral regurgitation produced by the old rheumatic 
endocarditis (see history) and compensated until two years ago. It is mora 
likely to be a myocardial weakness (with or without mitral disease) that pro- 
duces the poor heart action. He is at the age for arterio-sclerosis and so for 
mjrocardial weakneos, but we have no data here as to hig arteries. The 

glycosuria will probably persist. If so it ia to be classed as diabetes. 
Prognosis: Impossible to state accurately. Probably he will not live over six 

months, but he may live years, or die suddenly in a few days. 
Treatment: Rest, depletion, restriction of salt in diet; later, digitalis (cautiously) 

and Naubeim treatment, also with great caution. Genenl hygiene, diet, 

sleep, air, eQcourogement are of great importance. ","[{'text': 'a severe rheumatic fever', 'label': 'problem', 'score': 0.9912, 'start': 102, 'end': 126}, {'text': 'his pulse', 'label': 'test', 'score': 0.7631, 'start': 178, 'end': 187}, {'text': 'inconven', 'label': 'problem', 'score': 0.6711, 'start': 245, 'end': 253}, {'text': 'dyspncea', 'label': 'problem', 'score': 0.8252, 'start': 330, 'end': 338}, {'text': 'dyspncea', 'label': 'problem', 'score': 0.9373, 'start': 504, 'end': 512}, {'text': 'pain in the right side of the abdomen', 'label': 'problem', 'score': 0.9955, 'start': 517, 'end': 554}, {'text': 'digestion impaired', 'label': 'problem', 'score': 0.511, 'start': 584, 'end': 602}, {'text': 'pulse irregular', 'label': 'problem', 'score': 0.7479, 'start': 606, 'end': 621}, {'text': 'intermittent', 'label': 'problem', 'score': 0.9526, 'start': 623, 'end': 635}, {'text': 'rapd', 'label': 'problem', 'score': 0.6417, 'start': 637, 'end': 641}, {'text': 'res', 'label': 'test', 'score': 0.4938, 'start': 683, 'end': 686}, {'text': 'temperature', 'label': 'test', 'score': 0.9842, 'start': 712, 'end': 723}, {'text': 'yellowish tinge', 'label': 'problem', 'score': 0.9543, 'start': 757, 'end': 772}, {'text': 'sclerotics', 'label': 'problem', 'score': 0.8837, 'start': 776, 'end': 786}, {'text': 'cyanosis', 'label': 'problem', 'score': 0.8968, 'start': 791, 'end': 799}, {'text': 'tongue heavily coated', 'label': 'problem', 'score': 0.9649, 'start': 802, 'end': 823}, {'text': 'moderate cedema of lower legs', 'label': 'problem', 'score': 0.9985, 'start': 825, 'end': 854}, {'text': 'percussion', 'label': 'test', 'score': 0.9842, 'start': 912, 'end': 922}, {'text': 'increase', 'label': 'problem', 'score': 0.5639, 'start': 929, 'end': 937}, {'text': 'transverse  uameter', 'label': 'test', 'score': 0.6396, 'start': 946, 'end': 965}, {'text': 'the heart', 'label': 'problem', 'score': 0.5249, 'start': 969, 'end': 978}, {'text': 'irregular', 'label': 'problem', 'score': 0.4859, 'start': 1017, 'end': 1026}, {'text': 'a doubtful systolic apex murmur', 'label': 'problem', 'score': 0.992, 'start': 1037, 'end': 1068}, {'text': 'flabby', 'label': 'problem', 'score': 0.7685, 'start': 1157, 'end': 1163}, {'text': 'flushed', 'label': 'problem', 'score': 0.6251, 'start': 1179, 'end': 1186}, {'text': 'pereuswon dulness in', 'label': 'problem', 'score': 0.7632, 'start': 1188, 'end': 1208}, {'text': 'fluctuation wave', 'label': 'problem', 'score': 0.9228, 'start': 1255, 'end': 1271}, {'text': 'specific gravity', 'label': 'test', 'score': 0.7438, 'start': 1453, 'end': 1469}, {'text': 'large trace', 'label': 'problem', 'score': 0.5103, 'start': 1488, 'end': 1499}, {'text': 'albumen', 'label': 'problem', 'score': 0.869, 'start': 1503, 'end': 1510}, {'text': 'sugar', 'label': 'test', 'score': 0.8702, 'start': 1518, 'end': 1523}, {'text': 'urea', 'label': 'problem', 'score': 0.8985, 'start': 1531, 'end': 1535}, {'text': 'bile', 'label': 'problem', 'score': 0.9306, 'start': 1540, 'end': 1544}, {'text': 'acetone', 'label': 'problem', 'score': 0.9103, 'start': 1546, 'end': 1553}, {'text': 'diacetic acid', 'label': 'problem', 'score': 0.9733, 'start': 1559, 'end': 1572}, {'text': 'a rare hyaline cast', 'label': 'problem', 'score': 0.8877, 'start': 1613, 'end': 1633}, {'text': 'sugar in the urine', 'label': 'problem', 'score': 0.993, 'start': 1657, 'end': 1675}, {'text': 'diabetes mellitus', 'label': 'problem', 'score': 0.9952, 'start': 1677, 'end': 1694}, {'text': 'neuroses', 'label': 'problem', 'score': 0.9793, 'start': 1696, 'end': 1704}, {'text': 'wony', 'label': 'problem', 'score': 0.9266, 'start': 1706, 'end': 1710}, {'text': 'fear', 'label': 'problem', 'score': 0.8325, 'start': 1714, 'end': 1718}, {'text': 'coma', 'label': 'problem', 'score': 0.9933, 'start': 1727, 'end': 1731}, {'text': 'pregnancy', 'label': 'problem', 'score': 0.9296, 'start': 1770, 'end': 1779}, {'text': 'loss of weight', 'label': 'problem', 'score': 0.9163, 'start': 1810, 'end': 1824}, {'text': 'poor appetite and digestion', 'label': 'problem', 'score': 0.9492, 'start': 1826, 'end': 1853}, {'text': 'arterio - ederosia', 'label': 'problem', 'score': 0.9954, 'start': 1870, 'end': 1886}, {'text': 'glycoeuria', 'label': 'problem', 'score': 0.9605, 'start': 1896, 'end': 1906}, {'text': 'pain', 'label': 'problem', 'score': 0.9919, 'start': 1933, 'end': 1937}, {'text': 'appendidtis', 'label': 'problem', 'score': 0.9834, 'start': 1952, 'end': 1963}, {'text': 'gall - stones', 'label': 'problem', 'score': 0.9972, 'start': 1965, 'end': 1976}, {'text': 'pelvic inflammation', 'label': 'problem', 'score': 0.8864, 'start': 1978, 'end': 1999}, {'text': 'the pain in the right side', 'label': 'problem', 'score': 0.8457, 'start': 2029, 'end': 2055}, {'text': 'the abdomen', 'label': 'problem', 'score': 0.952, 'start': 2059, 'end': 2070}, {'text': 'hepatic congestion', 'label': 'problem', 'score': 0.9967, 'start': 2072, 'end': 2090}]","[PROBLEM]:a doubtful systolic apex murmur;a rare hyaline cast;a severe rheumatic fever;acetone;albumen;appendidtis;arterio - ederosia;bile;coma;cyanosis;diabetes mellitus;diacetic acid;digestion impaired;dyspncea;fear;flabby;fluctuation wave;flushed;gall - stones;glycoeuria;hepatic congestion;inconven;increase;intermittent;irregular;large trace;loss of weight;moderate cedema of lower legs;neuroses;pain;pain in the right side of the abdomen;pelvic inflammation;pereuswon dulness in;poor appetite and digestion;pregnancy;pulse irregular;rapd;sclerotics;sugar in the urine;the abdomen;the heart;the pain in the right side;tongue heavily coated;urea;wony;yellowish tinge.[TEST]:his pulse;percussion;res;specific gravity;sugar;temperature;transverse  uameter","Dyspncea, digestive disturbance, a dilated, rapid, and irregular heart, swollen legs, ascites, enlarged liver with slight jaundice and a urine showing renal congestion,^ all point to an uncompensated cardiac lesion with passive congestion of the lungs, stomach, liver, peritoneal cavity, kidney, and legs. The exact condition of the heart cannot be stated. Its insufficient strength may be due to mitral regurgitation produced by the old rheumatic endocarditis (see history) and compensated until two years ago. It is mora likely to be a myocardial weakness (with or without mitral disease) that pro- duces the poor heart action. He is at the age for arterio-sclerosis and so for mjrocardial weakneos, but we have no data here as to hig arteries. The","[PROBLEM]:a dilated rapid and irregular heart;a myocardial weakness;an uncompensated cardiac lesion;arterio - sclerosis;ascites;digestive disturbance;dyspncea;enlarged liver;insufficient strength;mitral disease;mitral regurgitation;mjrocardial weakneos;passive congestion of the lungs stomach liver peritoneal cavity kidney and legs;poor heart action;renal congestion;slight jaundice;swollen legs;the old rheumatic endocarditis.[TEST]:a urine"
"60","CASE 60 

P. J, G., 20 years old, a piano varnisher, was admitted to the 
hospital Oct. 3, 1903. For about a year he had suffered from occa- 
sional paio in the epigastrium, and for six months had always had 
pain after taking food. One week ago, he received a blow in the 
right hypochondrium while boxing, and after that had slight pain in 
that region until the day before entrance, when he was taken suddenly 
ill with violent, griping pain, starting in the epigastrium and spreading 
all over the abdomen. His bowels had not moved since this pain 
started. He vomited after taking warm drinks, and had a chill lasting 
one hour. He walked to the Out-Fatient Department, where his tem- 
perature was found to be 100.3°, pulse 60. His skin was slightly 
yellow. The abdomen showed no distention. There was slight gen- 
eral spasm and tenderness over the gall-bladder region. No mass 
could be felt. The leucocyte count was 16,000. With rest in bed 
and emptying of the bowels by enemata, the tenderness and spasm 
over the gall-bladder region disappeared until on October 7 there 
were very few symptoms left. 

DisgnoeisT PrognoeisT Treatment? 

Diagnoeia: The symptomB are those of Bcut« localised peritonitb. Other 
causee of epigastric pain (auch as plumbism, tabes, and unemia) are excluded 
I^ the tenderness and spasm. LocaUsed peritonitis in a man of 20 is often- 
est caused by appendicitis, cbolecystitis, and gastric ulcer. Pancreatitis, 
intestinal obstruction, and BoBiting kidney are rare causes, especial^ in a 
young man. Acute gastro-enteritis usually produces diarrhoea and has less 
tenderness and spasm. 

Between appendicitis, cholocystitia, and gastric ulcer the following considera- 
tions should be weighed. Cholecystitis is not common under 25, never- 
thelesB the site of the physicBl signs in this ca^ corresponds accurately 
with that of the gall-bladder. Gastric ulcer is commoner in women. It is, 
however, faintly suggested by the history of gastric troubles heie. Appendi- 
citis usuaJiy produces signs lower down in the abdomen. The constitutional 
symptoms of the case are consistent with any of the three diagnoses con- 
sidered. 

An operation for gall-stones was done, but the gall-bladder and appendix were 
found normal. There was an excess of clear, dark, peritoneal fluid and a 
perforation of the stomach near the pyloric end, which was glued to the 
under surface of the left lobe of the liver by fresh adhesions. 

Prognosis; Untreated this lesion may result in pyloric obstruction and gastric 
dilatation, or it may produce no symptoma. Surgical interference may give 
prompt and perhaps permanent reUef ; — few cases have been followed up. 

Treatment : In this case posterior gastro-enterostomy was done and the patient 
was well and at work six months later. Probably surgical interference is 
the best treatment. At any rate there is no other. We do not yet know 
enough to say what proportion of cases remain well if untreated, and what 
proportion of surgical operetions are permanently successful in such cases. ","[{'text': 'piano varnish', 'label': 'treatment', 'score': 0.8846, 'start': 36, 'end': 49}, {'text': 'occa - sional paio', 'label': 'problem', 'score': 0.9767, 'start': 135, 'end': 153}, {'text': 'painoch', 'label': 'problem', 'score': 0.8389, 'start': 209, 'end': 286}, {'text': 'slight pain in that region', 'label': 'problem', 'score': 0.9644, 'start': 327, 'end': 354}, {'text': 'violent griping pain', 'label': 'problem', 'score': 0.9934, 'start': 423, 'end': 444}, {'text': 'this pain', 'label': 'problem', 'score': 0.992, 'start': 542, 'end': 551}, {'text': 'a chill', 'label': 'problem', 'score': 0.9872, 'start': 607, 'end': 614}, {'text': 'his', 'label': 'problem', 'score': 0.6171, 'start': 681, 'end': 684}, {'text': 'tem -', 'label': 'test', 'score': 0.7279, 'start': 685, 'end': 689}, {'text': 'perature', 'label': 'problem', 'score': 0.7435, 'start': 691, 'end': 699}, {'text': 'pulse', 'label': 'test', 'score': 0.8988, 'start': 724, 'end': 729}, {'text': 'slightly yellow', 'label': 'problem', 'score': 0.9642, 'start': 747, 'end': 763}, {'text': 'distention', 'label': 'problem', 'score': 0.9295, 'start': 787, 'end': 797}, {'text': 'slight gen - eral spasm', 'label': 'problem', 'score': 0.9985, 'start': 809, 'end': 832}, {'text': 'tenderness over the gall - bladder region', 'label': 'problem', 'score': 0.9905, 'start': 837, 'end': 876}, {'text': 'mass', 'label': 'problem', 'score': 0.9859, 'start': 881, 'end': 885}, {'text': 'the leucocyte count', 'label': 'test', 'score': 0.9939, 'start': 902, 'end': 921}, {'text': 'the bowels', 'label': 'treatment', 'score': 0.7248, 'start': 968, 'end': 978}, {'text': 'enemata', 'label': 'treatment', 'score': 0.9206, 'start': 982, 'end': 989}, {'text': 'the tenderness', 'label': 'problem', 'score': 0.7741, 'start': 991, 'end': 1005}, {'text': 'spasm over the gall - bladder region', 'label': 'problem', 'score': 0.9572, 'start': 1010, 'end': 1045}, {'text': 'symptoms', 'label': 'problem', 'score': 0.614, 'start': 1098, 'end': 1106}, {'text': 'disgnoeist prognoeist treatment', 'label': 'treatment', 'score': 0.7968, 'start': 1115, 'end': 1146}, {'text': 'bcut', 'label': 'treatment', 'score': 0.6908, 'start': 1187, 'end': 1191}, {'text': 'localised', 'label': 'treatment', 'score': 0.7055, 'start': 1193, 'end': 1202}, {'text': 'peritonitb', 'label': 'treatment', 'score': 0.7603, 'start': 1203, 'end': 1213}, {'text': 'epigastric pain', 'label': 'problem', 'score': 0.9956, 'start': 1232, 'end': 1247}, {'text': 'plumbism', 'label': 'problem', 'score': 0.968, 'start': 1257, 'end': 1265}, {'text': 'tabes', 'label': 'problem', 'score': 0.8129, 'start': 1267, 'end': 1272}, {'text': 'unemia', 'label': 'problem', 'score': 0.9459, 'start': 1278, 'end': 1284}, {'text': 'the tenderness', 'label': 'problem', 'score': 0.9789, 'start': 1303, 'end': 1317}, {'text': 'spasm', 'label': 'problem', 'score': 0.7714, 'start': 1322, 'end': 1327}, {'text': 'locaused peritonitis', 'label': 'problem', 'score': 0.9563, 'start': 1329, 'end': 1349}, {'text': 'appendicitis', 'label': 'problem', 'score': 0.9969, 'start': 1390, 'end': 1402}, {'text': 'cbolecystitis', 'label': 'problem', 'score': 0.9889, 'start': 1404, 'end': 1417}, {'text': 'gastric ulcer', 'label': 'problem', 'score': 0.9627, 'start': 1423, 'end': 1436}, {'text': 'pancreatitis', 'label': 'problem', 'score': 0.9951, 'start': 1438, 'end': 1450}, {'text': 'intestinal obstruction', 'label': 'problem', 'score': 0.9275, 'start': 1453, 'end': 1475}, {'text': 'bobiting kidney', 'label': 'problem', 'score': 0.9924, 'start': 1481, 'end': 1496}, {'text': 'acute gastro - enteritis', 'label': 'problem', 'score': 0.9982, 'start': 1541, 'end': 1563}, {'text': 'diarrhoea', 'label': 'problem', 'score': 0.9276, 'start': 1581, 'end': 1590}, {'text': 'tenderness', 'label': 'problem', 'score': 0.7487, 'start': 1605, 'end': 1615}, {'text': 'spasm', 'label': 'problem', 'score': 0.9754, 'start': 1620, 'end': 1625}, {'text': 'appendicitis', 'label': 'problem', 'score': 0.939, 'start': 1637, 'end': 1649}, {'text': 'cholocystitia', 'label': 'problem', 'score': 0.9762, 'start': 1651, 'end': 1664}, {'text': 'gastric ulcer', 'label': 'problem', 'score': 0.9947, 'start': 1670, 'end': 1683}, {'text': 'considerons', 'label': 'test', 'score': 0.8068, 'start': 1698, 'end': 1715}, {'text': 'cholecystitis', 'label': 'problem', 'score': 0.9922, 'start': 1735, 'end': 1748}, {'text': 'the phicbl signs', 'label': 'test', 'score': 0.8467, 'start': 1801, 'end': 1819}, {'text': 'gastric ulcer', 'label': 'problem', 'score': 0.9713, 'start': 1887, 'end': 1900}, {'text': 'gastric troubles', 'label': 'problem', 'score': 0.9971, 'start': 1976, 'end': 1992}]","[PROBLEM]:a chill;acute gastro - enteritis;appendicitis;bobiting kidney;cbolecystitis;cholecystitis;cholocystitia;diarrhoea;distention;epigastric pain;gastric troubles;gastric ulcer;his;intestinal obstruction;locaused peritonitis;mass;occa - sional paio;painoch;pancreatitis;perature;plumbism;slight gen - eral spasm;slight pain in that region;slightly yellow;spasm;spasm over the gall - bladder region;symptoms;tabes;tenderness;tenderness over the gall - bladder region;the tenderness;this pain;unemia;violent griping pain.[TREATMENT]:bcut;disgnoeist prognoeist treatment;enemata;localised;peritonitb;piano varnish;the bowels.[TEST]:considerons;pulse;tem -;the leucocyte count;the phicbl signs","The symptomB are those of Bcut« localised peritonitb. Other causee of epigastric pain (auch as plumbism, tabes, and unemia) are excluded I^ the tenderness and spasm. LocaUsed peritonitis in a man of 20 is often- est caused by appendicitis, cbolecystitis, and gastric ulcer. Pancreatitis, intestinal obstruction, and BoBiting kidney are rare causes, especial^ in a young man. Acute gastro-enteritis usually produces diarrhoea and has less tenderness and spasm.","[PROBLEM]:acute gastro - enteritis;appendicitis;bcut;bobiting kidney;cbolecystitis;diarrhoea;epigastric pain;gastric ulcer;intestinal obstruction;localised peritonitb;locaused peritonitis;pancreatitis;plumbism;spasm;tabes;tenderness;the tenderness;unemia"
"61","CASE 61 

February 16 a lady of 30, married S years, is seen in consultation. 
She has had four children, the youngest four months old. After her 
second confinement had puerperal septicemia. The catheter was used 
and cystitis apparently followed, as the bladder was irrigated. Vesical 
symptoms were troublesome after this, and five separate times she 
underwent prolonged treatment under an eminent gynsecologist. Finally, 
discouraged by the persistence of her symptoms, she resorted to "" mind 
c«re,"" with marked relief. Her last confinement was easy, but was fol- 
lowed by a return of vesical symptoms. For the last six weeks she has 
suffered from indigestion and has had frequent watery stools, preceded 
by abdominal pain. January 23 she came to Boston, and, acting on the 
advice of her ""mind cure"" friend, shopped, went to the theatre, and 
was generally very active. During this treatment she ate scarcely any- 
thing, and at the end of five days returned home. The next day 
vomiting appeared, and by February 1 the stomach retained nothing. 
The vomiting ceased within two days and has not since recurred. The • 
bowels have continued loose, moving two to five times daily without 
notable pain. For two weeks there has been some cough, with little or 
no expectoration. Since February 1st, pyrexia has been constant, — 
as a rule, higher at night, though sometimes higher in the morning, 
ranging between 101° and 104°. The pulse has ranged between 110 
and 140. No delirium. 

The hands are clammy, the color of the face good, the eye bright, 
the mind clear, the knee-jerks lively. The chest and abdomen are nega- 
tive, except for medium rales at both bases, and there is some tender- 
ness along the colon. The urine is said to be negative. It is stated that 
she is a very reticent person and has never been known to be hysterical. 

DiagnoHia? Prognosis 7 Treatment? 

DiognoeLs: The patient has been well for four years. Hoioe there is no teason 
for connecting the puerperal sepsia or cystitis with the present symptoms. 
She suffers now from continued fever, which has lasted certainly sixteen days 
and probably more, diarrhcea with slif^t ^neral abdominal tenderness and 
dry cough (with rales at both bases). The condition of the blood is unknown. 
In this country there are three common causea of long-continued fever: gen- 
eral sepsis (including septic endocarditis), tuberculosis, and typhoid; less 
conunon are syphilis and gestivo-autumnal malaria. The month and the 
place make malaria unlikely. (Blood examination ruled it out.) Syphilis 
should show some lesions, with or without a history of its origin. Such lesions 
and history were absent here. There were no local signs of tuberculosis or of 
a septic focus, but as either of these diseases may exist without local signs 
the most important evidence in this case should be sought ,in the blood. 
This showed a Wtdal reaction and no leucocytosis. The subsequent course 
was that of typhoid, without the classical mental duloess. 

Prognosis and Treatment. (See above, Case 28.) ","[{'text': 'puerperal septicemia', 'label': 'problem', 'score': 0.996, 'start': 170, 'end': 190}, {'text': 'the catheter', 'label': 'treatment', 'score': 0.9948, 'start': 192, 'end': 204}, {'text': 'cystitis', 'label': 'problem', 'score': 0.9454, 'start': 219, 'end': 227}, {'text': 'vesical symptoms', 'label': 'problem', 'score': 0.9697, 'start': 279, 'end': 296}, {'text': 'troubles', 'label': 'problem', 'score': 0.8026, 'start': 302, 'end': 310}, {'text': 'prolonged treatment', 'label': 'treatment', 'score': 0.9836, 'start': 365, 'end': 384}, {'text': 'her symptoms', 'label': 'problem', 'score': 0.9969, 'start': 461, 'end': 473}, {'text': 'vesical symptoms', 'label': 'problem', 'score': 0.966, 'start': 592, 'end': 608}, {'text': 'indigestion', 'label': 'problem', 'score': 0.98, 'start': 656, 'end': 667}, {'text': 'frequent watery stools', 'label': 'problem', 'score': 0.9978, 'start': 680, 'end': 702}, {'text': 'abdominal pain', 'label': 'problem', 'score': 0.9978, 'start': 717, 'end': 731}, {'text': 'cure', 'label': 'treatment', 'score': 0.6158, 'start': 804, 'end': 808}, {'text': 'treatment', 'label': 'treatment', 'score': 0.4873, 'start': 892, 'end': 901}, {'text': 'vomiting', 'label': 'problem', 'score': 0.9942, 'start': 989, 'end': 997}, {'text': 'the vomiting', 'label': 'problem', 'score': 0.9894, 'start': 1057, 'end': 1069}, {'text': 'notable pain', 'label': 'problem', 'score': 0.993, 'start': 1197, 'end': 1209}, {'text': 'some cough', 'label': 'problem', 'score': 0.9735, 'start': 1240, 'end': 1250}, {'text': 'expectoration', 'label': 'problem', 'score': 0.8403, 'start': 1271, 'end': 1284}, {'text': 'pyrexia', 'label': 'problem', 'score': 0.8792, 'start': 1306, 'end': 1313}, {'text': 'the pulse', 'label': 'test', 'score': 0.9833, 'start': 1436, 'end': 1445}, {'text': 'delirium', 'label': 'problem', 'score': 0.9863, 'start': 1482, 'end': 1490}, {'text': 'clammy', 'label': 'problem', 'score': 0.8217, 'start': 1508, 'end': 1514}, {'text': 'knee - jerks', 'label': 'test', 'score': 0.5688, 'start': 1581, 'end': 1591}, {'text': 'medium rales', 'label': 'problem', 'score': 0.9899, 'start': 1650, 'end': 1662}, {'text': 'some tender - ness along the colon', 'label': 'problem', 'score': 0.9606, 'start': 1691, 'end': 1725}, {'text': 'the urine', 'label': 'test', 'score': 0.9475, 'start': 1727, 'end': 1736}, {'text': 'very reticent', 'label': 'problem', 'score': 0.7893, 'start': 1789, 'end': 1802}, {'text': 'hysterical', 'label': 'problem', 'score': 0.9789, 'start': 1841, 'end': 1851}, {'text': 'the puerperal sepsia', 'label': 'problem', 'score': 0.989, 'start': 1985, 'end': 2005}, {'text': 'cystitis', 'label': 'problem', 'score': 0.9889, 'start': 2009, 'end': 2017}, {'text': 'the present symptoms', 'label': 'problem', 'score': 0.8865, 'start': 2023, 'end': 2043}, {'text': 'continued fever', 'label': 'problem', 'score': 0.9959, 'start': 2067, 'end': 2082}, {'text': 'diarrhcea', 'label': 'problem', 'score': 0.631, 'start': 2144, 'end': 2153}, {'text': 'slif', 'label': 'problem', 'score': 0.5481, 'start': 2159, 'end': 2163}, {'text': 'neral abdominal tenderness', 'label': 'problem', 'score': 0.792, 'start': 2167, 'end': 2193}, {'text': 'dry cough', 'label': 'problem', 'score': 0.9976, 'start': 2199, 'end': 2208}, {'text': 'rales', 'label': 'problem', 'score': 0.8204, 'start': 2215, 'end': 2220}]","[PROBLEM]:abdominal pain;clammy;continued fever;cystitis;delirium;diarrhcea;dry cough;expectoration;frequent watery stools;her symptoms;hysterical;indigestion;medium rales;neral abdominal tenderness;notable pain;puerperal septicemia;pyrexia;rales;slif;some cough;some tender - ness along the colon;the present symptoms;the puerperal sepsia;the vomiting;troubles;very reticent;vesical symptoms;vomiting.[TREATMENT]:cure;prolonged treatment;the catheter;treatment.[TEST]:knee - jerks;the pulse;the urine","The patient has been well for four years. Hoioe there is no teason for connecting the puerperal sepsia or cystitis with the present symptoms. She suffers now from continued fever, which has lasted certainly sixteen days and probably more, diarrhcea with slif^t ^neral abdominal tenderness and dry cough (with rales at both bases). The condition of the blood is unknown. In this country there are three common causea of long-continued fever: gen- eral sepsis (including septic endocarditis), tuberculosis, and typhoid; less conunon are syphilis and gestivo-autumnal malaria. The month and the place make malaria unlikely. (Blood examination ruled it out.) Syphilis should show some lesions, with or without a history of its origin. Such lesions and history were absent here. There were no local signs of tuberculosis or of a septic focus, but as either of these diseases may exist without local signs the most important evidence in this case should be sought ,in the blood. This showed a Wtdal reaction and no leucocytosis. The subsequent course was that of typhoid, without the classical mental duloess.","[PROBLEM]:a septic focus;a wtdal reaction;continued fever;cystitis;diarrhcea;dry cough;gen - eral sepsis;gestivo - autumnal malaria;leucocytosis;long - continued fever;malaria;neral abdominal tenderness;rales at both bases;septic endocarditis;signs;slif;some lesions;such lesions;syphilis;the blood;the present symptoms;the puerperal sepsia;these diseases;tuberculosis;typhoid.[TREATMENT]:tea.[TEST]:blood examination"
"62","CASE 62 

A cigarmaker, 51 years of age, is seen March 15. Famiiy history 
negative. Thirty-five years ago had tubercuioeis of the knee, which 
recovered after operation, but left a stiff joint. Eighteen years ago 
he had jaundice and fifteen years ago syphiHs, otherwise always well. 
Has used beer to excess. 

About six weeks ago, while in his usual health, he had an attack of 
acute broaehitia for which he was given iodide of potassium. This he 
says upset his stomach and caused vomiting which lasted for a number 
of days. About two weeks after his cough began he noticed that hie 
skin had a yellow tint which has been steadily deepening. Coinci- 
dent with the jaundice a circumscribed reddish eruption appeared 
on various parts of his body and limbs, which was diagnosed by his 
attending physician as erythema multiforme. Itching has been general 
and intense. There has been no vomiting for over two weeks, but his 
food has been carefully regulated. His appetite is poor. He has lost 
much in strength and flesh. His temperature has remained near the 
normal line, but has occasionally risen to 100° F., particulariy durir^ 
the last week. The pulse has varied between 70 and 80, with a rising 
tendency. The stools are elay-colored. 

Patient still preserves considerable fat tissue, but has evidently lost 
weight and looks sick. Deep icterus of a decidedly greenish tinge. 
Heart and lungs normal. The liver dulness begins at the sixth rib. 
Its lower edge, which appears to be smooth, can be felt about an inch 
below the costal margin- A fluctuating tumor of indefinite outline 
and size is suspected below the hepatic edge about in the mamillary line. 
Percussion over it shows an area of dulness about two inches in diameter. 
Deep palpation of abdomen reveals no other abnormality. No glandu- 
lar enlargement, no characteristic scars. Urine contains much bile, 
but no other abnormal constituents. White cells 8000. 

1. What points is the past history are most important here? The syphilis and 

the alcoholism. 

2. What diseases produce the deepest icterusT Gall-stones and cancer of the 

pancreas. 

3. (a) What is the tumor? and (b) what is its connection (if any) with the erup- 

tion and the itching? (a) Probably the gall-bladder. (6) None. The eruption 
is due either to KI or to syphilis (see below), and the itching to jaundice. 

4. Do you expect pain in this case? Why, or why not? Probably not, because 

there is probably no disease preeent which stretches the liver's capsule. 

5. What explains the fever? Syphilis and cancer both cause fever (see below). 

6. Are any important data missing? The condition of the cliest, the size of the 

spleen, evidence for or against ascites. 

7. IKagnosisT Prognosis? Treatment?

Diagnoms: Syphilis of the liver, cirrtiosta, gall-etonefl, and cancer are to be con- 
aidered. CHniioua cannot be diagnosed in tbe absence (as here) of anjr evi- 
dence of portal stasis. It cannot be poaitively excluded, but doee not account 
for all the facts in the case. Gall-stones are nu«ly associated with both jaun- 
dice and palpable pll-bladder. (The tumor in the gall-bladder region is prob- 
ably thus to be expl^ned.) Syphilis can only be excluded t^ the therapeutic 
test, but it larely produces jaundice or enlarged gall-bladder. Cancer of 
tbe pancreas is the commonest cause of the group of symptoms here present; 
the common bile^uct is pressed upon by the tumor, and intense jaundice 
with dilated gall-bladder results. 

Prognosis: A few months of life. 

Treatment: Symptomatic","[{'text': 'history', 'label': 'test', 'score': 0.7242, 'start': 66, 'end': 73}, {'text': 'tubercuioeis of the knee', 'label': 'problem', 'score': 0.9537, 'start': 111, 'end': 135}, {'text': 'operation', 'label': 'treatment', 'score': 0.9602, 'start': 160, 'end': 169}, {'text': 'a stiff joint', 'label': 'problem', 'score': 0.9086, 'start': 180, 'end': 193}, {'text': 'jaundice', 'label': 'problem', 'score': 0.9494, 'start': 222, 'end': 230}, {'text': 'syphihs', 'label': 'problem', 'score': 0.8029, 'start': 253, 'end': 260}, {'text': 'beer', 'label': 'treatment', 'score': 0.5514, 'start': 295, 'end': 299}, {'text': 'acute broaehitia', 'label': 'problem', 'score': 0.9965, 'start': 382, 'end': 398}, {'text': 'iodide of potassium', 'label': 'treatment', 'score': 0.8543, 'start': 422, 'end': 441}, {'text': 'stomach', 'label': 'problem', 'score': 0.9721, 'start': 467, 'end': 474}, {'text': 'vomiting', 'label': 'problem', 'score': 0.9954, 'start': 486, 'end': 494}, {'text': 'his cough', 'label': 'problem', 'score': 0.9863, 'start': 553, 'end': 562}, {'text': 'yellow', 'label': 'problem', 'score': 0.8962, 'start': 601, 'end': 607}, {'text': 'the jaundice', 'label': 'problem', 'score': 0.9956, 'start': 667, 'end': 679}, {'text': 'a circumscribed reddish eruption', 'label': 'problem', 'score': 0.9693, 'start': 680, 'end': 712}, {'text': 'erythema multiforme', 'label': 'problem', 'score': 0.9916, 'start': 814, 'end': 833}, {'text': 'itching', 'label': 'problem', 'score': 0.933, 'start': 835, 'end': 842}, {'text': 'vomiting', 'label': 'problem', 'score': 0.9941, 'start': 892, 'end': 900}, {'text': 'his temperature', 'label': 'test', 'score': 0.9738, 'start': 1028, 'end': 1043}, {'text': 'the pulse', 'label': 'test', 'score': 0.9881, 'start': 1155, 'end': 1164}, {'text': 'rising tendency', 'label': 'problem', 'score': 0.6617, 'start': 1202, 'end': 1218}, {'text': 'considerable fat tissue', 'label': 'problem', 'score': 0.9608, 'start': 1275, 'end': 1298}, {'text': 'weight', 'label': 'problem', 'score': 0.5203, 'start': 1324, 'end': 1330}, {'text': 'sick', 'label': 'problem', 'score': 0.9817, 'start': 1341, 'end': 1345}, {'text': 'deep icterus', 'label': 'problem', 'score': 0.9941, 'start': 1347, 'end': 1359}, {'text': 'a decidedly greenish tinge', 'label': 'problem', 'score': 0.8774, 'start': 1363, 'end': 1389}, {'text': 'the liver dulness', 'label': 'problem', 'score': 0.9893, 'start': 1416, 'end': 1433}, {'text': 'a fluctuating tumor of indefinite outline', 'label': 'problem', 'score': 0.8836, 'start': 1556, 'end': 1597}, {'text': 'percussion over', 'label': 'test', 'score': 0.9699, 'start': 1674, 'end': 1689}, {'text': 'an area of dulness', 'label': 'problem', 'score': 0.8184, 'start': 1699, 'end': 1717}, {'text': 'deep palpation of abdomen', 'label': 'test', 'score': 0.9738, 'start': 1749, 'end': 1774}, {'text': 'other abnormality', 'label': 'problem', 'score': 0.9872, 'start': 1786, 'end': 1803}, {'text': 'glandu - lar enlargement', 'label': 'problem', 'score': 0.9977, 'start': 1808, 'end': 1832}, {'text': 'characteristic scars', 'label': 'problem', 'score': 0.9975, 'start': 1837, 'end': 1857}, {'text': 'other abnormal constituents', 'label': 'problem', 'score': 0.9931, 'start': 1893, 'end': 1920}, {'text': 'cells', 'label': 'problem', 'score': 0.8649, 'start': 1928, 'end': 1933}, {'text': 'the syphilis', 'label': 'problem', 'score': 0.9208, 'start': 2002, 'end': 2014}, {'text': 'the alcoholism', 'label': 'problem', 'score': 0.9667, 'start': 2021, 'end': 2035}, {'text': 'diseases', 'label': 'problem', 'score': 0.7819, 'start': 2047, 'end': 2055}, {'text': 'the', 'label': 'problem', 'score': 0.8799, 'start': 2064, 'end': 2067}, {'text': 'deepest icterust gall - stones', 'label': 'problem', 'score': 0.9296, 'start': 2068, 'end': 2096}, {'text': 'cancer of the pancreas', 'label': 'problem', 'score': 0.9982, 'start': 2101, 'end': 2125}, {'text': 'the tumor', 'label': 'problem', 'score': 0.9954, 'start': 2144, 'end': 2153}, {'text': 'the erup - tion', 'label': 'problem', 'score': 0.8757, 'start': 2200, 'end': 2216}, {'text': 'the itching', 'label': 'problem', 'score': 0.9936, 'start': 2221, 'end': 2232}]","[PROBLEM]:a circumscribed reddish eruption;a decidedly greenish tinge;a fluctuating tumor of indefinite outline;a stiff joint;acute broaehitia;an area of dulness;cancer of the pancreas;cells;characteristic scars;considerable fat tissue;deep icterus;deepest icterust gall - stones;diseases;erythema multiforme;glandu - lar enlargement;his cough;itching;jaundice;other abnormal constituents;other abnormality;rising tendency;sick;stomach;syphihs;the;the alcoholism;the erup - tion;the itching;the jaundice;the liver dulness;the syphilis;the tumor;tubercuioeis of the knee;vomiting;weight;yellow.[TREATMENT]:beer;iodide of potassium;operation.[TEST]:deep palpation of abdomen;his temperature;history;percussion over;the pulse","Syphilis of the liver, cirrtiosta, gall-etonefl, and cancer are to be con- aidered. CHniioua cannot be diagnosed in tbe absence (as here) of anjr evi- dence of portal stasis. It cannot be poaitively excluded, but doee not account for all the facts in the case. Gall-stones are nu«ly associated with both jaun- dice and palpable pll-bladder. (The tumor in the gall-bladder region is prob- ably thus to be expl^ned.) Syphilis can only be excluded t^ the therapeutic test, but it larely produces jaundice or enlarged gall-bladder. Cancer of tbe pancreas is the commonest cause of the group of symptoms here present; the common bile^uct is pressed upon by the tumor, and intense jaundice with dilated gall-bladder results.","[PROBLEM]:- dice;anjr;bladder;cancer;cancer of tbe pancreas;chio;cirrtiosta;dilated gall - bladder;enlarged gall - bladder;gall - etonefl;gall - stones;intense jaundice;ja;jaundice;of symptoms;palble pll;portal stasis;syphilis;syphilis of the liver;the tumor;the tumor in the gall - bladder region.[TEST]:the therapeutic test"
"63","CASE 63 

A physician, 51 yeais old, is seen Jan. 15. Has had rheumatbm off 
and on since childhood, but no cardiac symptoms; has walked a great 
deal and has done a large practice without a carriage. November 17, 
he began to have chills and sweating at irregplar intervals, but kept at 
work until December 27, when he had sudden pain in the left leg, fol- 
lowed by some coldness and numbness. 

Since December 30, there has been fever from 99.5° to 103°, with 
irregular chills. Few days ago, seized with pain in right arm, and the 
pulse was not to be felt in that wrist. Also a transitory blindness in 
right eye. Pulse 72, r^ular, good strength. Presystolic murmur at 
apex. No cardiac enlargement. Arms and 1^ now warm. The 
patient is bright and not feeling very sick. Spleen slightly enlarged, 
palpable, tender. Some doubtful rose spots. At the right base be- 
hind a patch of bronchial breathing about the size of an apple with 
crackling rales and increased voice sounds. No distinct dulness. Urine 
said to be negative. 

1. Common causes of true chillsT Malaria, sepeie, tuberculoeu, the onset of any 

infection, neurasthenia. 
% In what diaeaaea beside malaria may cbilla recur daily at the same hour? 

Sep««, tuberculoBia. 

3. Types of thrombosis? Puerperal, infectious (typhoid), post-operative, maran- 

tic, those seen in cardiac disease, and those of unknown cause. 

4. Causes of presystolic murmurs? Mitral stenosis, ""Flint's murmur"" in aortic 

regurgitation, tricuspid HtenosiB, adhesive pericarditis, 

5. What symptoms not here mentioned should you expect to see sooner or later 

in this case? Purpura, emaciation, diarrhcea, and mental symptoms. 

6. What should you tell the patient about his condition? Nothing unless he 

forced the issue. Then the prognosis as given below. 

7. Diagnosis? Prognons? Treatment? 

Diagnosis: A long-continued fever with chills, embolic phenomena, and a car- 
diac murmur suggest at once an infective endocarditis, whether "" malignant "" 
or not remains to be seen (see prognosis in Case 40). Emlioli appear to have 
lodged in the arteries of the left leg, ri^t arm, right eye, spleen, and lung 
(bronchopneumonia). The ""rose spots"" aie skin-embolL In view of the 
"" rheumatic "" history we may suppose that the acute endocarditis was here 
engrafted on a chronic process. Blood examination showed a marked leu- 
cocytosis and no Widal reaction. The urine showed the ordinary evidences 
of an infectious process. 

PrognoNS: Recoveiy is quite possible (see above. Case 40) but not likely. The 
symptoms may continue for weeks or months and finaUy cease or kill. Be- 
tween mild and malignant processes there are intermediate types of all degrees 
of severity. 

Treatment. (See above, Case 40.) ","[{'text': 'rheumat', 'label': 'problem', 'score': 0.6502, 'start': 62, 'end': 69}, {'text': 'cardiac symptoms', 'label': 'problem', 'score': 0.9985, 'start': 108, 'end': 124}, {'text': 'chills', 'label': 'problem', 'score': 0.9038, 'start': 232, 'end': 238}, {'text': 'sweating', 'label': 'problem', 'score': 0.9947, 'start': 243, 'end': 251}, {'text': 'sudden pain in the left leg', 'label': 'problem', 'score': 0.9975, 'start': 325, 'end': 352}, {'text': 'some coldness', 'label': 'problem', 'score': 0.9764, 'start': 369, 'end': 382}, {'text': 'numbness', 'label': 'problem', 'score': 0.9474, 'start': 387, 'end': 395}, {'text': 'fever', 'label': 'problem', 'score': 0.9962, 'start': 433, 'end': 438}, {'text': 'irregular chills', 'label': 'problem', 'score': 0.9974, 'start': 465, 'end': 481}, {'text': 'pain in right arm', 'label': 'problem', 'score': 0.997, 'start': 509, 'end': 526}, {'text': 'the pulse', 'label': 'test', 'score': 0.7529, 'start': 532, 'end': 542}, {'text': 'a transitory blindness in right eye', 'label': 'problem', 'score': 0.9904, 'start': 582, 'end': 618}, {'text': 'pulse', 'label': 'test', 'score': 0.928, 'start': 620, 'end': 625}, {'text': 'presystolic murmur at apex', 'label': 'problem', 'score': 0.9757, 'start': 653, 'end': 680}, {'text': 'cardiac enlargement', 'label': 'problem', 'score': 0.9984, 'start': 685, 'end': 704}, {'text': 'very sick', 'label': 'problem', 'score': 0.8034, 'start': 767, 'end': 776}, {'text': 'spleen slightly enlarged', 'label': 'problem', 'score': 0.9499, 'start': 778, 'end': 802}, {'text': 'pal', 'label': 'problem', 'score': 0.4632, 'start': 805, 'end': 808}, {'text': 'tender', 'label': 'problem', 'score': 0.9393, 'start': 815, 'end': 821}, {'text': 'some doubtful rose spots', 'label': 'problem', 'score': 0.791, 'start': 823, 'end': 847}, {'text': 'a patch of bronchial breathing', 'label': 'problem', 'score': 0.939, 'start': 877, 'end': 907}, {'text': 'crackling rales', 'label': 'problem', 'score': 0.9922, 'start': 941, 'end': 956}, {'text': 'increased voice sounds', 'label': 'problem', 'score': 0.9969, 'start': 961, 'end': 983}, {'text': 'distinct dulness', 'label': 'problem', 'score': 0.9979, 'start': 988, 'end': 1004}, {'text': 'urine', 'label': 'test', 'score': 0.8471, 'start': 1006, 'end': 1011}, {'text': 'true chillst malaria', 'label': 'problem', 'score': 0.9919, 'start': 1056, 'end': 1076}, {'text': 'sepeie', 'label': 'problem', 'score': 0.9264, 'start': 1078, 'end': 1084}, {'text': 'tuberculoeu', 'label': 'problem', 'score': 0.9473, 'start': 1086, 'end': 1097}, {'text': 'any infection', 'label': 'problem', 'score': 0.9943, 'start': 1112, 'end': 1127}, {'text': 'neurastheniaeaaea', 'label': 'problem', 'score': 0.8474, 'start': 1129, 'end': 1162}, {'text': 'malaria', 'label': 'problem', 'score': 0.7706, 'start': 1170, 'end': 1177}, {'text': 'cbilla', 'label': 'treatment', 'score': 0.6181, 'start': 1182, 'end': 1188}, {'text': 'tuberculobia', 'label': 'problem', 'score': 0.9974, 'start': 1228, 'end': 1240}, {'text': 'types', 'label': 'problem', 'score': 0.8055, 'start': 1247, 'end': 1252}, {'text': 'thrombosis', 'label': 'problem', 'score': 0.9881, 'start': 1256, 'end': 1266}, {'text': 'puerperal infectious  typhoid', 'label': 'problem', 'score': 0.9434, 'start': 1268, 'end': 1299}, {'text': 'post - operative', 'label': 'problem', 'score': 0.8109, 'start': 1301, 'end': 1315}, {'text': 'maran - tic', 'label': 'problem', 'score': 0.9058, 'start': 1317, 'end': 1329}, {'text': 'cardiac disease', 'label': 'problem', 'score': 0.977, 'start': 1345, 'end': 1360}, {'text': 'presystolic murmurs', 'label': 'problem', 'score': 0.9957, 'start': 1405, 'end': 1424}, {'text': 'mitral stenosis', 'label': 'problem', 'score': 0.998, 'start': 1426, 'end': 1441}, {'text': 'flint  s murmur', 'label': 'problem', 'score': 0.9963, 'start': 1444, 'end': 1458}, {'text': 'aortic regurgitation', 'label': 'problem', 'score': 0.998, 'start': 1463, 'end': 1485}, {'text': 'tricuspid htenosib', 'label': 'problem', 'score': 0.9883, 'start': 1487, 'end': 1505}, {'text': 'adhesive pericarditis', 'label': 'problem', 'score': 0.9986, 'start': 1507, 'end': 1528}, {'text': 'symptoms', 'label': 'problem', 'score': 0.5338, 'start': 1540, 'end': 1548}, {'text': 'puura', 'label': 'problem', 'score': 0.7479, 'start': 1625, 'end': 1632}, {'text': 'emaciation', 'label': 'problem', 'score': 0.9954, 'start': 1634, 'end': 1644}, {'text': 'diarrhcea', 'label': 'problem', 'score': 0.9937, 'start': 1646, 'end': 1655}, {'text': 'mental symptoms', 'label': 'problem', 'score': 0.998, 'start': 1661, 'end': 1676}, {'text': 'his condition', 'label': 'problem', 'score': 0.9867, 'start': 1722, 'end': 1735}, {'text': 'prognon', 'label': 'problem', 'score': 0.5933, 'start': 1826, 'end': 1833}, {'text': 'treatment', 'label': 'treatment', 'score': 0.9225, 'start': 1836, 'end': 1845}, {'text': 'a long - continued fever', 'label': 'problem', 'score': 0.9972, 'start': 1860, 'end': 1882}, {'text': 'chills', 'label': 'problem', 'score': 0.8487, 'start': 1888, 'end': 1894}, {'text': 'embolic phenomena', 'label': 'problem', 'score': 0.9278, 'start': 1896, 'end': 1913}, {'text': 'a car - diac murmur', 'label': 'problem', 'score': 0.9974, 'start': 1919, 'end': 1938}, {'text': 'an infective endocarditis', 'label': 'problem', 'score': 0.9984, 'start': 1955, 'end': 1980}, {'text': 'malignant', 'label': 'problem', 'score': 0.793, 'start': 1992, 'end': 2001}]","[PROBLEM]:a car - diac murmur;a long - continued fever;a patch of bronchial breathing;a transitory blindness in right eye;adhesive pericarditis;an infective endocarditis;any infection;aortic regurgitation;cardiac disease;cardiac enlargement;cardiac symptoms;chills;crackling rales;diarrhcea;distinct dulness;emaciation;embolic phenomena;fever;flint  s murmur;his condition;increased voice sounds;irregular chills;malaria;malignant;maran - tic;mental symptoms;mitral stenosis;neurastheniaeaaea;numbness;pain in right arm;pal;post - operative;presystolic murmur at apex;presystolic murmurs;prognon;puerperal infectious  typhoid;puura;rheumat;sepeie;some coldness;some doubtful rose spots;spleen slightly enlarged;sudden pain in the left leg;sweating;symptoms;tender;thrombosis;tricuspid htenosib;true chillst malaria;tuberculobia;tuberculoeu;types;very sick.[TREATMENT]:cbilla;treatment.[TEST]:pulse;the pulse;urine","A long-continued fever with chills, embolic phenomena, and a car- diac murmur suggest at once an infective endocarditis, whether "" malignant "" or not remains to be seen (see prognosis in Case 40). Emlioli appear to have lodged in the arteries of the left leg, ri^t arm, right eye, spleen, and lung (bronchopneumonia). The ""rose spots"" aie skin-embolL In view of the "" rheumatic "" history we may suppose that the acute endocarditis was here engrafted on a chronic process. Blood examination showed a marked leu- cocytosis and no Widal reaction. The urine showed the ordinary evidences of an infectious process.","[PROBLEM]:a car - diac murmur;a chronic process;a long - continued fever;a marked leu - cocytosis;an infectious process;an infective endocarditis;bronchopneumonia;chills;embolic phenomena;emlioli;mali;rheumatic;rose spots;the;the acute endocarditis;widal reaction.[TEST]:blood examination;the urine"
"64","CASE 64 

A Degress of 67 has had ""falling of the womb"" for forty years. 
To hold it up she stuffs a wad of cotton into the vagina and ties a tight 
bandage round the lower part of the abdomen. Some years ago a 
lump grew in her belly, — ""sore as a boil."" One night she heard a click, 
felt something give way, and ""it all ran out the front passage,"" after 
which she felt all right. Eight months' ago she noticed another lump 
in her belly, not tender, but sometimes ""it kicks just like a baby."" 

Five days ago she ""felt pretty smart,"" but had had no dejection 
for two days. Four days ago swelling of the belly, tenderness in the 
left groin and vomiting began. Three days ago had a small, hard 
dejection and ceased vomiting, but since then "" the lump in her belly 
haa been moving round and making a noiee."" Pain, distention, and 
constipation have continued. 

Examination: Does not seem much sick. Temperature 100°, pulse 
100, respiration 32. Chest negative. Belly much distended, tym- 
panitic, and somewhat tender, especially in the left iliac fossa, where 
there is dulness and a rounded mass size of an orange can be felt. Pres- 
sure over this mass causes the cervi uteri to move down. No thorough 
pelvic examination is possible on account of tenderness. 

1. What was the probable cause of the symptoms described in lines 5-7? Sal- 

pingitis or pelvic peritonitis. 

2. By what means can we secure abdominal relaxation when deep palpation is 

important? A warm bath or an anfesthetic if the bath ie ineufBcient. 

3. What light mi^t be thrown on this case by examination of the blood? If leuco- 

cytoais is absent, suppuration is unlikely. 

4. Should you recommend operation in thLs case? What would influence your 

decision? (See below — Treatment,) 

IHagnosisT Prognosis? Treatment? 

Diagnosis : The history is of salpingitis some years ago, — of a painless lump in 
the belly for eight months, and of five days' acute symptoms. The acute 
symptoms aie constipation, vomiting, painful, swollen, and tender belly, with 
borborygmi and slight fever. A mass apparently connected with the uterus is 
also felt. In a negress any pelvic disturbance should suggest fibroid, especially 
if there is a palpable tumor connected with the uterus. How can a fibroid 
produce acute syn^toms? By suppuration, twisting of a pedunculated por^ 
tion, or both. The methods of holding up the uterus described in paragraph 
one would certainly favor the occurrence of pelvic suppuration, but it is 
hard to say whether they are connected with the s3miptoms in this case. 
Further diagnosis is impossible with the data given. 

Prognosis and Treatment: It there is slight or no leucocytosis the trouble will 
probably quiet down under rest, enemata, hot poulticing, and, if the pain is 
severe, morphia. Try this for twenty-four hours and, it there is any ameliora- 
tion, tor twenty-four hours more. If at any time fever, pulse, or leucocytosis 
rise, or if pain and tenderness increase, operation may be needed. As a matter 
of tact this patient's symptoms were gone in ten days without operation. ","[{'text': 'falling of the womb', 'label': 'problem', 'score': 0.9808, 'start': 35, 'end': 54}, {'text': 'a tight bandage', 'label': 'treatment', 'score': 0.9888, 'start': 140, 'end': 156}, {'text': 'a lump', 'label': 'problem', 'score': 0.9965, 'start': 209, 'end': 216}, {'text': 'belly', 'label': 'problem', 'score': 0.8317, 'start': 229, 'end': 234}, {'text': 'sore', 'label': 'problem', 'score': 0.9832, 'start': 239, 'end': 243}, {'text': 'a boil', 'label': 'problem', 'score': 0.7934, 'start': 247, 'end': 253}, {'text': 'a click', 'label': 'problem', 'score': 0.9429, 'start': 276, 'end': 283}, {'text': 'another lump in her belly', 'label': 'problem', 'score': 0.995, 'start': 414, 'end': 440}, {'text': 'tender', 'label': 'problem', 'score': 0.9415, 'start': 446, 'end': 452}, {'text': 'swelling of the belly', 'label': 'problem', 'score': 0.9983, 'start': 592, 'end': 613}, {'text': 'tenderness in the left groin', 'label': 'problem', 'score': 0.9973, 'start': 615, 'end': 644}, {'text': 'vomiting', 'label': 'problem', 'score': 0.983, 'start': 649, 'end': 657}, {'text': 'a small hard dejection', 'label': 'problem', 'score': 0.996, 'start': 684, 'end': 708}, {'text': 'vomiting', 'label': 'problem', 'score': 0.9257, 'start': 720, 'end': 728}, {'text': 'the lump in her belly', 'label': 'problem', 'score': 0.997, 'start': 747, 'end': 768}, {'text': 'a noiee', 'label': 'problem', 'score': 0.8513, 'start': 803, 'end': 810}, {'text': 'pain', 'label': 'problem', 'score': 0.9958, 'start': 813, 'end': 817}, {'text': 'distention', 'label': 'problem', 'score': 0.9217, 'start': 819, 'end': 829}, {'text': 'constipation', 'label': 'problem', 'score': 0.8514, 'start': 836, 'end': 848}, {'text': 'examination', 'label': 'test', 'score': 0.8651, 'start': 867, 'end': 878}, {'text': 'sick', 'label': 'problem', 'score': 0.432, 'start': 899, 'end': 903}, {'text': 'temperature', 'label': 'test', 'score': 0.9962, 'start': 905, 'end': 916}, {'text': 'pulse', 'label': 'test', 'score': 0.9892, 'start': 923, 'end': 928}, {'text': 'respiration', 'label': 'test', 'score': 0.9815, 'start': 935, 'end': 946}, {'text': 'chest', 'label': 'test', 'score': 0.9484, 'start': 951, 'end': 956}, {'text': 'belly much distended', 'label': 'problem', 'score': 0.9865, 'start': 967, 'end': 987}, {'text': 'tym - panitic', 'label': 'problem', 'score': 0.9716, 'start': 989, 'end': 1002}, {'text': 'somewhat tender', 'label': 'problem', 'score': 0.9607, 'start': 1008, 'end': 1023}, {'text': 'dulness', 'label': 'problem', 'score': 0.8899, 'start': 1077, 'end': 1084}, {'text': 'a rounded mass size', 'label': 'problem', 'score': 0.8566, 'start': 1089, 'end': 1108}, {'text': 'orange', 'label': 'problem', 'score': 0.4651, 'start': 1115, 'end': 1121}, {'text': 'this mass', 'label': 'problem', 'score': 0.9803, 'start': 1152, 'end': 1161}, {'text': 'thorough pelvic examination', 'label': 'test', 'score': 0.9951, 'start': 1202, 'end': 1230}, {'text': 'tenderness', 'label': 'problem', 'score': 0.9907, 'start': 1257, 'end': 1267}, {'text': 'the symptoms', 'label': 'problem', 'score': 0.9978, 'start': 1305, 'end': 1317}, {'text': 'sal - pingitis', 'label': 'problem', 'score': 0.9958, 'start': 1342, 'end': 1357}, {'text': 'pelvic peritonitis', 'label': 'problem', 'score': 0.9962, 'start': 1361, 'end': 1379}, {'text': 'abdominal relaxation', 'label': 'problem', 'score': 0.5549, 'start': 1414, 'end': 1434}, {'text': 'deep palpation', 'label': 'test', 'score': 0.9935, 'start': 1440, 'end': 1454}, {'text': 'a warm bath', 'label': 'treatment', 'score': 0.9358, 'start': 1471, 'end': 1482}, {'text': 'an anfesthetic', 'label': 'treatment', 'score': 0.8907, 'start': 1486, 'end': 1500}, {'text': 'the bath', 'label': 'treatment', 'score': 0.4928, 'start': 1504, 'end': 1512}, {'text': 'incie', 'label': 'problem', 'score': 0.6095, 'start': 1516, 'end': 1525}, {'text': 'examination of the blood', 'label': 'test', 'score': 0.9919, 'start': 1576, 'end': 1600}, {'text': 'leuco - cytoais', 'label': 'problem', 'score': 0.93, 'start': 1605, 'end': 1621}, {'text': 'operation', 'label': 'treatment', 'score': 0.9813, 'start': 1684, 'end': 1693}, {'text': 'thls', 'label': 'treatment', 'score': 0.6623, 'start': 1697, 'end': 1701}, {'text': 'treatment', 'label': 'treatment', 'score': 0.9835, 'start': 1759, 'end': 1768}, {'text': 'treatment', 'label': 'treatment', 'score': 0.9056, 'start': 1795, 'end': 1804}, {'text': 'salpingitis', 'label': 'problem', 'score': 0.9947, 'start': 1838, 'end': 1849}, {'text': 'a painless lump in the belly', 'label': 'problem', 'score': 0.9986, 'start': 1871, 'end': 1900}, {'text': 'five days  acute symptoms', 'label': 'problem', 'score': 0.9489, 'start': 1926, 'end': 1951}, {'text': 'the acute symptoms', 'label': 'problem', 'score': 0.9949, 'start': 1953, 'end': 1972}, {'text': 'constipation', 'label': 'problem', 'score': 0.8503, 'start': 1977, 'end': 1989}, {'text': 'vomiting', 'label': 'problem', 'score': 0.9964, 'start': 1991, 'end': 1999}, {'text': 'painful', 'label': 'problem', 'score': 0.9947, 'start': 2001, 'end': 2008}, {'text': 'swollen and tender belly', 'label': 'problem', 'score': 0.8746, 'start': 2010, 'end': 2035}, {'text': 'borborygmi', 'label': 'problem', 'score': 0.9762, 'start': 2043, 'end': 2053}, {'text': 'slight fever', 'label': 'problem', 'score': 0.9984, 'start': 2058, 'end': 2070}, {'text': 'a mass', 'label': 'problem', 'score': 0.997, 'start': 2072, 'end': 2078}]","[PROBLEM]:a boil;a click;a lump;a mass;a noiee;a painless lump in the belly;a rounded mass size;a small hard dejection;abdominal relaxation;another lump in her belly;belly;belly much distended;borborygmi;constipation;distention;dulness;falling of the womb;five days  acute symptoms;incie;leuco - cytoais;orange;pain;painful;pelvic peritonitis;sal - pingitis;salpingitis;sick;slight fever;somewhat tender;sore;swelling of the belly;swollen and tender belly;tender;tenderness;tenderness in the left groin;the acute symptoms;the lump in her belly;the symptoms;this mass;tym - panitic;vomiting.[TREATMENT]:a tight bandage;a warm bath;an anfesthetic;operation;the bath;thls;treatment.[TEST]:chest;deep palpation;examination;examination of the blood;pulse;respiration;temperature;thorough pelvic examination","The history is of salpingitis some years ago, — of a painless lump in the belly for eight months, and of five days' acute symptoms. The acute symptoms aie constipation, vomiting, painful, swollen, and tender belly, with borborygmi and slight fever. A mass apparently connected with the uterus is also felt. In a negress any pelvic disturbance should suggest fibroid, especially if there is a palpable tumor connected with the uterus. How can a fibroid produce acute syn^toms? By suppuration, twisting of a pedunculated por^ tion, or both. The methods of holding up the uterus described in paragraph one would certainly favor the occurrence of pelvic suppuration, but it is hard to say whether they are connected with the s3miptoms in this case. Further diagnosis is impossible with the data given.","[PROBLEM]:a fibroid;a mass;a painless lump in the belly;a palpable tumor;acute symptoms;acute syn ^ toms;any pelvic disturbance;borborygmi;constipation;fibroid;painful;pelvic suppuration;salpingitis;slight fever;swollen and tender belly;the acute symptoms;the s3mioms;twisting of a pedunculated por ^ tion;vomiting"
"65","CASE 65 

A laborer of 29 was seen March 5. Took to bed a week ago with 
fever. Now he looks very dull, with Upe dusky, tongue dry, and 
brown, teeth crusted with aordes. Temp. lOl.ff*, pulse 100, resp. 32. 
His chief complaint is of nervousness and insomnia, but he admits 
that his appetite is very poor and that he has vomited several times 
within the past week. He denies alcohol and venereal disease. 

Chest negative. Abdomen slightly distended, tympanitic, not ten- 
der. S[deen not felt. The skin is unusually smooth and silky. There 
is twitching of the arms and legs and tenderness of the latter. All his 
movements are very alert. Urine: Normal color, acid, 1020, a trace of 
albumen, no sugar, no diazo reaction. Sediment, much pus (microscopic) 
and mucus, a little normal blood. The Widal reaction is negative. 

Scattered over the whole body is a dull red macular rash, about the 
size of a split pea or smaller. In places it is copper-colored. 

1. What explains the condition of the mouth? Fever, mouth breathing, and neglect. 

2. (a) What are the commonest causes of msomnia in a laborer of 29? (b) Id old 

ageT (c) In a baby? (a) Alcoholiaro. (b) Arterio-BclerOBis and its consequences; 
phf»ologically, the old sleep much less than the young, (c) Indigestion. 

3. IMognows? Prognosis? Treatment? 

Diagnosis: The most distinctive physical signs here present are fever and a 
rath. The fever is moderate and is said to have lasted a week, but we cannot 
judge whether it was of the continued type, or uregular and intermittent. 
Nervousness, abnormally alert motions, and insomnia is a trio of signs which 
in a laborer we learn to associatfi with alcoholism and threatened delirium 
tremens. The smooth and silky skin is another important though not con- 
stant sign of alcoholism. The denial of drinking habits is not important in 
the presence of four such evidences. Can alcohol alone cause fever? Surely 
— and the fever is usually moderate, as in this case; but it is important to 
exclude by careful physical examination all infectious processes, especially 
pneumtmia. This has apparently been done in this case and the diagnosis 
would seem to be delirium tremens. The poor appetite and vomiting in the 
previous week are then probably of alcoholic origin. 

The rash is still unexplained. Macules of this size and color, without itching or 
hemorrhage, are usually due to syphilis. The patient's denial ot infection 
is not of importance and in this case was lat«r shown to be false. That the 
fever was in part of syphilitic origin was suggested by the fact that when 
the other symptoms of alcoholism ceased, the fever lasted on for some days. 
What other manifestations of syphilis might occur at this time? Adenitis, 
mucous patches, alopecia, periostitis, iritis. None of these appeared, however. 

Prognosis: Recovery from the alcoholism occurs in nine tenths of such cases 
within two weeks. Relapses are frequent. The syphilis has the usual 
certain prognosis of that disease. All that we can say b that if treatment 
is energetic and persistently carried out most cases get well. 

Treatment: For the alcoholism, careful feeding, hypnotics, a small amount 
alcohol, and such restraint as is necessary. For the ^philis, KI and Hg. 
applied in the usual ways and persist«d in tor two years at least. ","[{'text': 'fevery', 'label': 'problem', 'score': 0.8607, 'start': 73, 'end': 118}, {'text': 'tongue dry', 'label': 'problem', 'score': 0.7786, 'start': 120, 'end': 130}, {'text': 'brown', 'label': 'problem', 'score': 0.7541, 'start': 137, 'end': 142}, {'text': 'crusted', 'label': 'problem', 'score': 0.8365, 'start': 150, 'end': 157}, {'text': 'aordes', 'label': 'problem', 'score': 0.9209, 'start': 163, 'end': 169}, {'text': 'pulse', 'label': 'test', 'score': 0.9814, 'start': 186, 'end': 191}, {'text': 'res', 'label': 'test', 'score': 0.8409, 'start': 197, 'end': 200}, {'text': 'nervousness', 'label': 'problem', 'score': 0.998, 'start': 234, 'end': 245}, {'text': 'insomnia', 'label': 'problem', 'score': 0.9235, 'start': 250, 'end': 258}, {'text': 'alcohol', 'label': 'problem', 'score': 0.9972, 'start': 377, 'end': 384}, {'text': 'venereal disease', 'label': 'problem', 'score': 0.9008, 'start': 389, 'end': 405}, {'text': 'abdomen', 'label': 'problem', 'score': 0.8472, 'start': 425, 'end': 432}, {'text': 'slightly distended', 'label': 'problem', 'score': 0.9916, 'start': 433, 'end': 451}, {'text': 'tympanitic', 'label': 'problem', 'score': 0.906, 'start': 453, 'end': 463}, {'text': 'ten - der', 'label': 'problem', 'score': 0.8185, 'start': 469, 'end': 478}, {'text': 'twitching of the arms and legs', 'label': 'problem', 'score': 0.9904, 'start': 547, 'end': 577}, {'text': 'tenderness', 'label': 'test', 'score': 0.5695, 'start': 582, 'end': 592}, {'text': 'albumen', 'label': 'problem', 'score': 0.7449, 'start': 688, 'end': 695}, {'text': 'sugar', 'label': 'problem', 'score': 0.8965, 'start': 700, 'end': 705}, {'text': 'diazo reaction', 'label': 'problem', 'score': 0.8513, 'start': 710, 'end': 724}, {'text': 'sediment', 'label': 'problem', 'score': 0.5263, 'start': 726, 'end': 734}, {'text': 'much pus', 'label': 'problem', 'score': 0.9455, 'start': 736, 'end': 744}, {'text': 'mucus', 'label': 'problem', 'score': 0.624, 'start': 764, 'end': 769}, {'text': 'the widal reaction', 'label': 'problem', 'score': 0.7324, 'start': 794, 'end': 812}, {'text': 'a dull red macular rash', 'label': 'problem', 'score': 0.9975, 'start': 861, 'end': 884}, {'text': 'split pea', 'label': 'problem', 'score': 0.7271, 'start': 907, 'end': 916}, {'text': 'colored', 'label': 'problem', 'score': 0.7438, 'start': 952, 'end': 959}, {'text': 'condition of the mouth', 'label': 'problem', 'score': 0.7871, 'start': 984, 'end': 1006}, {'text': 'fever', 'label': 'problem', 'score': 0.9968, 'start': 1008, 'end': 1013}, {'text': 'mouth breathing', 'label': 'problem', 'score': 0.9901, 'start': 1015, 'end': 1030}, {'text': 'neglect', 'label': 'problem', 'score': 0.9112, 'start': 1036, 'end': 1043}, {'text': 'msomnia', 'label': 'problem', 'score': 0.9942, 'start': 1087, 'end': 1094}, {'text': 'id', 'label': 'problem', 'score': 0.5218, 'start': 1119, 'end': 1121}, {'text': 'old aget  c', 'label': 'problem', 'score': 0.9038, 'start': 1122, 'end': 1135}, {'text': 'alcoholiaro', 'label': 'problem', 'score': 0.7492, 'start': 1152, 'end': 1163}, {'text': 'arterio - bclerobis', 'label': 'problem', 'score': 0.9709, 'start': 1169, 'end': 1186}, {'text': 'indigestion', 'label': 'problem', 'score': 0.96, 'start': 1270, 'end': 1281}, {'text': 'imognows', 'label': 'problem', 'score': 0.8353, 'start': 1288, 'end': 1296}, {'text': 'treatment', 'label': 'treatment', 'score': 0.5885, 'start': 1309, 'end': 1318}, {'text': 'signs', 'label': 'problem', 'score': 0.7389, 'start': 1363, 'end': 1368}, {'text': 'fever', 'label': 'problem', 'score': 0.9976, 'start': 1386, 'end': 1391}, {'text': 'a rath', 'label': 'problem', 'score': 0.9952, 'start': 1396, 'end': 1403}, {'text': 'the fever', 'label': 'problem', 'score': 0.9939, 'start': 1405, 'end': 1414}, {'text': 'moderate', 'label': 'problem', 'score': 0.8078, 'start': 1418, 'end': 1426}, {'text': 'uregular', 'label': 'problem', 'score': 0.6601, 'start': 1524, 'end': 1532}, {'text': 'intermittent', 'label': 'problem', 'score': 0.8811, 'start': 1537, 'end': 1549}, {'text': 'nervousness', 'label': 'problem', 'score': 0.903, 'start': 1552, 'end': 1563}, {'text': 'abnormally alert motions', 'label': 'problem', 'score': 0.9959, 'start': 1565, 'end': 1589}, {'text': 'insomnia', 'label': 'problem', 'score': 0.9342, 'start': 1595, 'end': 1603}, {'text': 'alcoholism', 'label': 'problem', 'score': 0.9919, 'start': 1671, 'end': 1681}, {'text': 'threatened delirium tremens', 'label': 'problem', 'score': 0.9982, 'start': 1686, 'end': 1714}, {'text': 'alcoholism', 'label': 'problem', 'score': 0.9858, 'start': 1794, 'end': 1804}, {'text': 'fever', 'label': 'problem', 'score': 0.99, 'start': 1918, 'end': 1923}, {'text': 'the fever', 'label': 'problem', 'score': 0.9949, 'start': 1939, 'end': 1948}, {'text': 'careful physical examination', 'label': 'test', 'score': 0.8993, 'start': 2022, 'end': 2050}, {'text': 'infectious processes', 'label': 'problem', 'score': 0.9629, 'start': 2055, 'end': 2075}]","[PROBLEM]:a dull red macular rash;a rath;abdomen;abnormally alert motions;albumen;alcohol;alcoholiaro;alcoholism;aordes;arterio - bclerobis;brown;colored;condition of the mouth;crusted;diazo reaction;fever;fevery;id;imognows;indigestion;infectious processes;insomnia;intermittent;moderate;mouth breathing;msomnia;much pus;mucus;neglect;nervousness;old aget  c;sediment;signs;slightly distended;split pea;sugar;ten - der;the fever;the widal reaction;threatened delirium tremens;tongue dry;twitching of the arms and legs;tympanitic;uregular;venereal disease.[TREATMENT]:treatment.[TEST]:careful physical examination;pulse;res;tenderness","The most distinctive physical signs here present are fever and a rath. The fever is moderate and is said to have lasted a week, but we cannot judge whether it was of the continued type, or uregular and intermittent. Nervousness, abnormally alert motions, and insomnia is a trio of signs which in a laborer we learn to associatfi with alcoholism and threatened delirium tremens. The smooth and silky skin is another important though not con- stant sign of alcoholism. The denial of drinking habits is not important in the presence of four such evidences. Can alcohol alone cause fever? Surely — and the fever is usually moderate, as in this case; but it is important to exclude by careful physical examination all infectious processes, especially pneumtmia. This has apparently been done in this case and the diagnosis would seem to be delirium tremens. The poor appetite and vomiting in the previous week are then probably of alcoholic origin.","[PROBLEM]:a rath;abnormally alert motions;alcoholism;all infectious processes;delirium tremens;fever;insomnia;moderate;nervousness;pneumtmia;the fever;the poor appetite;threatened delirium tremens;ureg;vomiting.[TEST]:careful physical examination"
"66","CASE 66 

A prominent manufacturer, 62, of good habits and family history. 
Never previously sick. Has been much confined for a year and weight 
has increased from 164 to 174 lbs. Was seen February 15. 

Shortly before Christmas he noticed shortness of breath on walking. 
His urine at that time was pronounced negative. The dyspnoea on 
exertion got no better and substernal pain extending over the arms was 
soon superadded. This pain was not veiy severe, and came on only 
during exertion. About two weeks ago, after a hearty, rapid, and 
rather indigestible mid-day dinner, he was taken at his mill, without 
antecedent exertion, with a very severe attack of pain as above de- 
scribed. When his physician reached him he was in a cold sweat and 
seemed alarmingly ill. Pulse 80, regular. After two hours he was 
driven home four miles, arriving with pulse at 80 and temperature at 
97.5°, The next day the pulse was 100, temperature 100°, rising to 120 
and 102° the next day. There was bloody expectoration, with signs 
of consolidation at the right posterior base. For the past week the pulse 
and temperature have been normal. When seen February 15 he stated 
that he felt perfectly well. He looked rather pale, lay in bed with his 
head low, breathing easily, not cyanotic. The pulse 80, intermitted 
occasionally. The artery was soft, tension not high. No cedema. The 
heart was not enlarged; sounds clear. A few rales without dulness 
over the left posterior base. Percussion was dull with resistance an 
inch below the right costal border, but the liver edge could not be felt. 
The urine, 52 to 54 oz. per diem, contained a decided trace of albumen 
and a few hyaline casts, sp. gr. 1020, urea 2%. 

1. What diseases increase weight? Obesity, cardiac and renal disease, myxoedema. 

2. Causes of bloody expectoration? PhthisiB, pneumonia, infarction of the lung 

due to congestion (as in mitral disease or from embolism), pulmonary abscess 
or gangrene, wounds or malignant disease of the lung, ruptured esophageal 
varices (in cirrhotic liver), leaking aneurism, 

3. IMagnosis? Prognoais? Treatment? 

Diagnosis: In a man of 62 dyspncea and substernal pain produced by exertion, 
extending to the arms and relieved by stopping, are-symptoms almost patho^ 
nomic of coronary sclerosis with angina pectoris. The pain of aneurism is 
somewhat similar, but has not the close dependence on exertion. The severe 
attack two weeks ago seems to have ended in pulmonary congestion and 
hypostatic pneumonia. The examination of February 15 adds only the 
evidence of an arterio-sclerotic kidney. It is surprising that arterial tension 
appears low. Was the aortic second accentuated? 

Prognosis: With great care such cases may live many yeara, but any exertion 
or excitement may prove fatal and the advance of the arterio-sclerosis lesions 
in heart, brain, or kidney may kill at any time. 

Treatment: Avoid mental and physical strain. Use nitroglycerine in attacks 
and KI st«adily. ","[{'text': 'shortness of breath', 'label': 'problem', 'score': 0.9522, 'start': 240, 'end': 259}, {'text': 'his urine', 'label': 'test', 'score': 0.9896, 'start': 273, 'end': 282}, {'text': 'the dyspnoea', 'label': 'problem', 'score': 0.9869, 'start': 321, 'end': 333}, {'text': 'substernal pain', 'label': 'problem', 'score': 0.9972, 'start': 365, 'end': 380}, {'text': 'this pain', 'label': 'problem', 'score': 0.9821, 'start': 427, 'end': 436}, {'text': 'indigestibleion', 'label': 'problem', 'score': 0.7641, 'start': 549, 'end': 632}, {'text': 'a very severe attack', 'label': 'problem', 'score': 0.9266, 'start': 639, 'end': 659}, {'text': 'pain', 'label': 'problem', 'score': 0.903, 'start': 663, 'end': 667}, {'text': 'a cold sweat', 'label': 'problem', 'score': 0.9423, 'start': 732, 'end': 744}, {'text': 'alarm', 'label': 'problem', 'score': 0.8523, 'start': 757, 'end': 762}, {'text': 'ill', 'label': 'problem', 'score': 0.738, 'start': 768, 'end': 771}, {'text': 'pulse', 'label': 'test', 'score': 0.9342, 'start': 773, 'end': 778}, {'text': 'pulse', 'label': 'test', 'score': 0.9818, 'start': 854, 'end': 859}, {'text': 'temperature', 'label': 'test', 'score': 0.9875, 'start': 870, 'end': 881}, {'text': 'the pulse', 'label': 'test', 'score': 0.9424, 'start': 906, 'end': 915}, {'text': 'temperature', 'label': 'test', 'score': 0.9867, 'start': 925, 'end': 936}, {'text': 'bloody expectoration', 'label': 'problem', 'score': 0.9979, 'start': 991, 'end': 1011}, {'text': 'consolidation at the right posterior base', 'label': 'problem', 'score': 0.9955, 'start': 1028, 'end': 1069}, {'text': 'the pulse', 'label': 'test', 'score': 0.6554, 'start': 1089, 'end': 1098}, {'text': 'rather', 'label': 'problem', 'score': 0.7996, 'start': 1206, 'end': 1212}, {'text': 'pale', 'label': 'problem', 'score': 0.9169, 'start': 1213, 'end': 1217}, {'text': 'low', 'label': 'problem', 'score': 0.7901, 'start': 1245, 'end': 1248}, {'text': 'cyanotic', 'label': 'problem', 'score': 0.9237, 'start': 1272, 'end': 1280}, {'text': 'the pulse', 'label': 'test', 'score': 0.9881, 'start': 1282, 'end': 1291}, {'text': 'tension', 'label': 'problem', 'score': 0.7398, 'start': 1344, 'end': 1351}, {'text': 'cedema', 'label': 'problem', 'score': 0.9891, 'start': 1365, 'end': 1371}, {'text': 'enlarged', 'label': 'problem', 'score': 0.883, 'start': 1392, 'end': 1400}, {'text': 'few rales', 'label': 'problem', 'score': 0.8643, 'start': 1418, 'end': 1427}, {'text': 'dulness over the', 'label': 'problem', 'score': 0.8886, 'start': 1436, 'end': 1453}, {'text': 'percussion', 'label': 'test', 'score': 0.9787, 'start': 1475, 'end': 1485}, {'text': 'the urine', 'label': 'test', 'score': 0.9848, 'start': 1590, 'end': 1599}, {'text': 'albumen', 'label': 'problem', 'score': 0.9813, 'start': 1653, 'end': 1660}, {'text': 'hyaline casts', 'label': 'problem', 'score': 0.8716, 'start': 1672, 'end': 1685}, {'text': 'urea', 'label': 'test', 'score': 0.9758, 'start': 1701, 'end': 1705}, {'text': 'diseases', 'label': 'problem', 'score': 0.4931, 'start': 1720, 'end': 1728}, {'text': 'weight', 'label': 'problem', 'score': 0.5513, 'start': 1738, 'end': 1744}, {'text': 'obesity', 'label': 'problem', 'score': 0.9963, 'start': 1746, 'end': 1753}, {'text': 'cardiac and renal disease', 'label': 'problem', 'score': 0.9972, 'start': 1755, 'end': 1780}, {'text': 'myxoedema', 'label': 'problem', 'score': 0.99, 'start': 1782, 'end': 1791}, {'text': 'bloody expectoration', 'label': 'problem', 'score': 0.9978, 'start': 1808, 'end': 1828}, {'text': 'phthisib', 'label': 'problem', 'score': 0.8766, 'start': 1830, 'end': 1838}, {'text': 'pneumonia', 'label': 'problem', 'score': 0.9974, 'start': 1840, 'end': 1849}, {'text': 'infarction of the lung', 'label': 'problem', 'score': 0.9706, 'start': 1851, 'end': 1873}, {'text': 'congestion', 'label': 'problem', 'score': 0.9976, 'start': 1883, 'end': 1893}, {'text': 'mitral disease', 'label': 'problem', 'score': 0.9858, 'start': 1901, 'end': 1915}, {'text': 'embolism', 'label': 'problem', 'score': 0.9765, 'start': 1924, 'end': 1932}, {'text': 'pulmonary abscess', 'label': 'problem', 'score': 0.9984, 'start': 1935, 'end': 1952}, {'text': 'gangrene', 'label': 'problem', 'score': 0.7937, 'start': 1957, 'end': 1965}, {'text': 'wounds', 'label': 'problem', 'score': 0.9973, 'start': 1967, 'end': 1973}, {'text': 'malignant disease of the lung', 'label': 'problem', 'score': 0.9974, 'start': 1977, 'end': 2006}, {'text': 'ruptured esophageal varices', 'label': 'problem', 'score': 0.9762, 'start': 2008, 'end': 2036}, {'text': 'aneurism', 'label': 'problem', 'score': 0.94, 'start': 2067, 'end': 2075}, {'text': 'imagnosis', 'label': 'problem', 'score': 0.8657, 'start': 2082, 'end': 2091}, {'text': 'treatment', 'label': 'treatment', 'score': 0.8815, 'start': 2104, 'end': 2113}]","[PROBLEM]:a cold sweat;a very severe attack;alarm;albumen;aneurism;bloody expectoration;cardiac and renal disease;cedema;congestion;consolidation at the right posterior base;cyanotic;diseases;dulness over the;embolism;enlarged;few rales;gangrene;hyaline casts;ill;imagnosis;indigestibleion;infarction of the lung;low;malignant disease of the lung;mitral disease;myxoedema;obesity;pain;pale;phthisib;pneumonia;pulmonary abscess;rather;ruptured esophageal varices;shortness of breath;substernal pain;tension;the dyspnoea;this pain;weight;wounds.[TREATMENT]:treatment.[TEST]:his urine;percussion;pulse;temperature;the pulse;the urine;urea","In a man of 62 dyspncea and substernal pain produced by exertion, extending to the arms and relieved by stopping, are-symptoms almost patho^ nomic of coronary sclerosis with angina pectoris. The pain of aneurism is somewhat similar, but has not the close dependence on exertion. The severe attack two weeks ago seems to have ended in pulmonary congestion and hypostatic pneumonia. The examination of February 15 adds only the evidence of an arterio-sclerotic kidney. It is surprising that arterial tension appears low. Was the aortic second accentuated?","[PROBLEM]:an arterio - sclerotic kidney;aneurism;angina pectoris;arterial tension;coronary sclerosis;dependence;dyspncea;hypostatic pneumonia;pulmonary congestion;substernal pain;symptoms almost patho ^ nomic of;the;the aortic second;the pain;the severe attack.[TEST]:the examination"
"67","CASE 67 

A gentlenmD of 82 is seen April 17. He has always enjoyed good 
health, except that a number of years ago he suffered from attacks of 
pain in the right upper abdomen, diagnosed as bilious colic, and for 
which he kept morphine constantly on hand. During the past year 
he has aged rapidly, but he attended to business regularly until a 
month ago, when painless jaundice came on and rapidly deepened, the 
stools being clay-colored. A week ago the jaundice seemed less and 
some color was seen in the dejections, but this was only temporary. 
The appetite and digestion have been fair; he smokes a good deal. He 
has been up until to-day, when increasing weakness induced him to re- 
main in bed. Pruritus has interfered much with sleep. The tempera- 
ture has been normal until to-day, when 100° was registered. The pulse 
has been regular, about 70; yesterday it was irregular and intermittent. 

When seen he was sleeping in the right dorsal decubitus, with easy 
respiration; pulse 68, regular, of fair strength and volume. Icterus in- 
tense, the tongue heavily coated, the mind clear. 

Thoracic examination gave negative results, except for slight crepitus 
at the right posterior base. A smooth edge could be felt below the 
right costal border, descending with inspiration, not tender. The gall- 
bladder could not be felt. Abdomen soft, otherwise negative. Urine 
sufficient in amount, 1018 in specific gravity, deeply icteric, with a 
trace of albumen, hyaline and granular casts. 

1. Name and disttnguish five common varieties of colic? Biliary, renal, uterine, 

iDteatinal (including saturnine) and that due to Dietl's crises. In biliaiy 
colic the pain is apt to spread from the region of the gall-bladder to the back 
and right scapular region; jaundice may appear before, during, or after tbe 
attack. In renal colic the pain follows some portion of the course of the 
ureter, and is often associated with the passage of blood or gravel by urethra. 
Ut«rine colic is usually associated with or precedes flowing — menstrual or 
irregular — and is referred to tbe groins or pelvis. Intestinal colic (if not 
saturnine) is associated with diarrhcea or flatulence. It shifts its position 
frequently. Lead colic is recognized only by association with other evi- 
dence of lead (gums, blood, brain, extensor muscles). Dietl's crises are 
recognized only by the association of abdominal pain with the presence of 
a floating kidney and the absence of the signs of other colics. 

2. What significance has the fact that the gall-bladder is not felt here? A gall- 

bladder not tense with fluid cannot be felt, whatever its size, and the belly 
walls often prevent any satisfactory exploration of this region. Hence nega- 
tive evidence is of little value. 

3. What cerebral symptoms are likely to appear later in this case? Coma, delirium, 

vomiting, and convulsions — as in ursmia. 

4. When a patient ages rapidly what disease is probable? Arterio-scleros'is. 
Diagnosis? Prognosis? Treatment? (See above, Cases 23 and 62.) 
Diagnosis: Autopsy showed cancer of the duodenal papilla. ","[{'text': 'gentlenmd', 'label': 'test', 'score': 0.6483, 'start': 12, 'end': 21}, {'text': 'attacks of pain in the right upper abdomen', 'label': 'problem', 'score': 0.9077, 'start': 133, 'end': 176}, {'text': 'bilious colic', 'label': 'problem', 'score': 0.996, 'start': 191, 'end': 204}, {'text': 'morphine', 'label': 'treatment', 'score': 0.9839, 'start': 229, 'end': 237}, {'text': 'painless jaundice', 'label': 'problem', 'score': 0.9981, 'start': 364, 'end': 381}, {'text': 'colored', 'label': 'problem', 'score': 0.6927, 'start': 435, 'end': 442}, {'text': 'the jaundice', 'label': 'problem', 'score': 0.9952, 'start': 455, 'end': 467}, {'text': 'increasing weakness', 'label': 'problem', 'score': 0.9983, 'start': 655, 'end': 674}, {'text': 'prare', 'label': 'problem', 'score': 0.7365, 'start': 708, 'end': 767}, {'text': 'the pulse', 'label': 'test', 'score': 0.9333, 'start': 824, 'end': 833}, {'text': 'pulse', 'label': 'test', 'score': 0.9027, 'start': 991, 'end': 996}, {'text': 'icterus in', 'label': 'problem', 'score': 0.7547, 'start': 1039, 'end': 1049}, {'text': 'tense', 'label': 'problem', 'score': 0.827, 'start': 1052, 'end': 1057}, {'text': 'tongue heavily coated', 'label': 'problem', 'score': 0.7811, 'start': 1063, 'end': 1084}, {'text': 'thoracic examination', 'label': 'test', 'score': 0.9961, 'start': 1104, 'end': 1124}, {'text': 'slight crepitus at', 'label': 'problem', 'score': 0.974, 'start': 1159, 'end': 1178}, {'text': 'tender', 'label': 'problem', 'score': 0.7761, 'start': 1298, 'end': 1304}, {'text': 'the gall - bladder', 'label': 'problem', 'score': 0.9646, 'start': 1306, 'end': 1324}, {'text': 'urine', 'label': 'test', 'score': 0.9151, 'start': 1378, 'end': 1383}, {'text': 'deeply icteric', 'label': 'problem', 'score': 0.997, 'start': 1433, 'end': 1447}, {'text': 'albumen hyaline and granular casts', 'label': 'problem', 'score': 0.9731, 'start': 1466, 'end': 1501}, {'text': 'colicliary', 'label': 'problem', 'score': 0.7544, 'start': 1554, 'end': 1568}, {'text': 'dietl  s crises', 'label': 'problem', 'score': 0.9665, 'start': 1637, 'end': 1651}, {'text': 'colic', 'label': 'problem', 'score': 0.512, 'start': 1665, 'end': 1670}, {'text': 'the pain', 'label': 'problem', 'score': 0.9793, 'start': 1671, 'end': 1679}, {'text': 'jaundice', 'label': 'problem', 'score': 0.9747, 'start': 1773, 'end': 1781}, {'text': 'tbe attack', 'label': 'problem', 'score': 0.9775, 'start': 1818, 'end': 1829}, {'text': 'renal colic', 'label': 'problem', 'score': 0.9898, 'start': 1834, 'end': 1845}, {'text': 'the pain', 'label': 'problem', 'score': 0.9727, 'start': 1846, 'end': 1854}, {'text': 'the passage of blood', 'label': 'problem', 'score': 0.7501, 'start': 1935, 'end': 1955}, {'text': 'gravel by urethra', 'label': 'problem', 'score': 0.5695, 'start': 1959, 'end': 1976}, {'text': 'rine colic', 'label': 'problem', 'score': 0.9688, 'start': 1982, 'end': 1992}, {'text': 'flowingstrual', 'label': 'problem', 'score': 0.6944, 'start': 2032, 'end': 2051}, {'text': 'irregular —', 'label': 'problem', 'score': 0.6422, 'start': 2056, 'end': 2067}, {'text': 'intestinal colic', 'label': 'problem', 'score': 0.9892, 'start': 2109, 'end': 2125}, {'text': 'diarr', 'label': 'problem', 'score': 0.8649, 'start': 2165, 'end': 2170}]","[PROBLEM]:albumen hyaline and granular casts;attacks of pain in the right upper abdomen;bilious colic;colic;colicliary;colored;deeply icteric;diarr;dietl  s crises;flowingstrual;gravel by urethra;icterus in;increasing weakness;intestinal colic;irregular —;jaundice;painless jaundice;prare;renal colic;rine colic;slight crepitus at;tbe attack;tender;tense;the gall - bladder;the jaundice;the pain;the passage of blood;tongue heavily coated.[TREATMENT]:morphine.[TEST]:gentlenmd;pulse;the pulse;thoracic examination;urine","Autopsy showed cancer of the duodenal papilla.","[PROBLEM]:cancer of the duodenal papilla.[TEST]:autopsy"
"68","CASE 68 

A young married woman of 21 had an abortion done at the third 
month. Immediately following this she began to vomit occasionally, 
and after two days could retain nothing. The lochia were sweet, tem- 
perature normal, and there was no tenderness in the pelvis. Rectal 
alimentation was tried for three days and the vomiting ceased, but 
recommenced as soon as liquids were given by mouth. Again rectal 
feeding was tried, but this time the vomiting did not cease. The nutrient 
enemata are fairly well borne, the nurse says, but the patient is very 
sleepless and thirsty and has four or five severe retching spells in every 
twenty-four hours. She is seen in consultation on the sixth day of 
rectal feeding. 

The temperature and pulse are normal, as they have been through- 
out; the voice clear and the patient moves strongly in bed. Examina- 
tion of the chest, belly, and pelvis are entirely negative. 

1. How can we determine d^iig rectal feeding whether the enemata are being 

well borne and absorbed? In ideal cases, there is no thirst or insomnia, 
hunger is appeased by the enema, nothing comee away except with the daily 
cleaning enema, and little weight is lost. 

2. What means should be used to control the letching in this case? (See below — 

Treatment.) 

3. What important parts of physical examination have been omitted? Urinatyais 

and blood examination. 

4. Significance of the normal pulse and temperatura here? Prostration is not 

great; infection probably absent. 
6. Diagnosb? Prognosis? Treatment? 

Diagnosis: Pelvic aepsis is excluded by the normal lochia, the absence of fever, 
pain or pelvic tenderness. Retroversion of the uterus is said to produce 
vomiting in some cases of this type, but the pelvic examination excludes this. 
Can the vomiting t>e ursEmic? To determine this, we examined the urine 
and found it normal. (The blood was also normal.) The rectal feeding was 
evidently a failure despite the nurse's assurance, and the patient's nervous 
system was kept irritable by semi-starvation. Could this account for the 
vomiting? In view of the negative results of physical examination it seems 
the most probable diagnosis. Had the enemata been well absorbed the ner- 
vous system would probably have been sufBciently nourished to control the 
vomiting centre. As if is, she is getting no food and losing much sleep. Natu- 
rally the vomit mg continues. 

Prognosis: If this diagnosis is correct, the resumption of feeding by mouth and 
the abandonment of rectal feeding will probably check the vomiting in a tew 

Treatment: The ordinaty remedies for vomiting — ice, cocaine, cerum oxalate, 
hydrocyanic acid, morphia, and rectal feeding — had already proved failures. 
Under a resumption of feeding by mouth, together with the discontinuance 
of the source of insomnia and irritation (the enemata), and with effectual 
encouragement, the vomiting ceased within a few days and the patient's 
recovery was uneventful. The diagnosis was thus verified.","[{'text': 'an abortion', 'label': 'treatment', 'score': 0.9736, 'start': 42, 'end': 53}, {'text': 'te', 'label': 'test', 'score': 0.617, 'start': 205, 'end': 207}, {'text': '-ure', 'label': 'test', 'score': 0.5439, 'start': 208, 'end': 219}, {'text': 'tenderness in the pelvis', 'label': 'problem', 'score': 0.9954, 'start': 245, 'end': 269}, {'text': 'rectal alimentation', 'label': 'treatment', 'score': 0.9715, 'start': 271, 'end': 291}, {'text': 'the vomiting', 'label': 'problem', 'score': 0.9934, 'start': 321, 'end': 333}, {'text': 'rectal feeding', 'label': 'treatment', 'score': 0.9721, 'start': 405, 'end': 420}, {'text': 'the vomiting', 'label': 'problem', 'score': 0.9944, 'start': 446, 'end': 458}, {'text': 'the nutrient enema', 'label': 'test', 'score': 0.573, 'start': 474, 'end': 493}, {'text': 'very', 'label': 'problem', 'score': 0.6674, 'start': 554, 'end': 558}, {'text': 'sleepless', 'label': 'problem', 'score': 0.7855, 'start': 560, 'end': 569}, {'text': 'thirsty', 'label': 'problem', 'score': 0.8598, 'start': 574, 'end': 581}, {'text': 'severe retching spells', 'label': 'problem', 'score': 0.9881, 'start': 603, 'end': 625}, {'text': 'rectal feeding', 'label': 'treatment', 'score': 0.8857, 'start': 704, 'end': 718}, {'text': 'the temperature', 'label': 'test', 'score': 0.7095, 'start': 722, 'end': 737}, {'text': 'examina - tion of the chest belly', 'label': 'test', 'score': 0.9632, 'start': 848, 'end': 882}, {'text': 'pelvis', 'label': 'test', 'score': 0.901, 'start': 888, 'end': 894}, {'text': 'd ^ iig rectal feeding', 'label': 'treatment', 'score': 0.9693, 'start': 944, 'end': 964}, {'text': 'the enema', 'label': 'treatment', 'score': 0.5349, 'start': 973, 'end': 982}, {'text': 'thirst', 'label': 'problem', 'score': 0.996, 'start': 1050, 'end': 1056}, {'text': 'insomnia', 'label': 'problem', 'score': 0.7993, 'start': 1060, 'end': 1068}, {'text': 'hunger', 'label': 'problem', 'score': 0.994, 'start': 1071, 'end': 1077}, {'text': 'the enema', 'label': 'treatment', 'score': 0.5941, 'start': 1093, 'end': 1102}, {'text': 'the daily cleaning enema', 'label': 'treatment', 'score': 0.9765, 'start': 1135, 'end': 1160}, {'text': 'weight', 'label': 'problem', 'score': 0.7113, 'start': 1173, 'end': 1179}, {'text': 'the letching', 'label': 'problem', 'score': 0.9822, 'start': 1231, 'end': 1243}, {'text': 'treatment', 'label': 'treatment', 'score': 0.9804, 'start': 1273, 'end': 1282}, {'text': 'physical examination', 'label': 'test', 'score': 0.994, 'start': 1314, 'end': 1334}, {'text': 'urinatyais', 'label': 'test', 'score': 0.7676, 'start': 1354, 'end': 1364}, {'text': 'blood examination', 'label': 'test', 'score': 0.9912, 'start': 1371, 'end': 1388}, {'text': 'prostration', 'label': 'problem', 'score': 0.9352, 'start': 1450, 'end': 1461}, {'text': 'infection', 'label': 'problem', 'score': 0.9949, 'start': 1478, 'end': 1487}, {'text': 'treatment', 'label': 'treatment', 'score': 0.7089, 'start': 1530, 'end': 1539}, {'text': 'pelvic aepsisia', 'label': 'problem', 'score': 0.7291, 'start': 1554, 'end': 1600}, {'text': 'fever', 'label': 'problem', 'score': 0.9967, 'start': 1617, 'end': 1622}, {'text': 'pain', 'label': 'problem', 'score': 0.9962, 'start': 1625, 'end': 1629}, {'text': 'pelvic tenderness', 'label': 'problem', 'score': 0.9783, 'start': 1633, 'end': 1650}, {'text': 'retroversion of the uterus', 'label': 'treatment', 'score': 0.8507, 'start': 1652, 'end': 1678}, {'text': 'vomiting', 'label': 'problem', 'score': 0.9966, 'start': 1699, 'end': 1707}, {'text': 'the pelvic examination', 'label': 'test', 'score': 0.9958, 'start': 1740, 'end': 1762}, {'text': 'the vomiting t', 'label': 'problem', 'score': 0.8329, 'start': 1783, 'end': 1797}, {'text': 'ursemic', 'label': 'problem', 'score': 0.8612, 'start': 1800, 'end': 1807}, {'text': 'the urine', 'label': 'test', 'score': 0.7576, 'start': 1840, 'end': 1849}, {'text': 'the blood', 'label': 'test', 'score': 0.7852, 'start': 1873, 'end': 1882}, {'text': 'the rectal feeding', 'label': 'treatment', 'score': 0.9842, 'start': 1901, 'end': 1919}, {'text': 'a failure', 'label': 'problem', 'score': 0.8743, 'start': 1935, 'end': 1944}, {'text': 'ir', 'label': 'problem', 'score': 0.8389, 'start': 2019, 'end': 2021}, {'text': 'semi - starvation', 'label': 'problem', 'score': 0.9699, 'start': 2032, 'end': 2047}, {'text': 'the vomiting', 'label': 'problem', 'score': 0.9903, 'start': 2072, 'end': 2085}, {'text': 'physical examination', 'label': 'test', 'score': 0.9962, 'start': 2122, 'end': 2142}, {'text': 'the enemata', 'label': 'treatment', 'score': 0.592, 'start': 2186, 'end': 2197}, {'text': 'ner - vous system', 'label': 'test', 'score': 0.9102, 'start': 2221, 'end': 2238}]","[PROBLEM]:a failure;fever;hunger;infection;insomnia;ir;pain;pelvic aepsisia;pelvic tenderness;prostration;semi - starvation;severe retching spells;sleepless;tenderness in the pelvis;the letching;the vomiting;the vomiting t;thirst;thirsty;ursemic;very;vomiting;weight.[TREATMENT]:an abortion;d ^ iig rectal feeding;rectal alimentation;rectal feeding;retroversion of the uterus;the daily cleaning enema;the enema;the enemata;the rectal feeding;treatment.[TEST]:-ure;blood examination;examina - tion of the chest belly;ner - vous system;pelvis;physical examination;te;the blood;the nutrient enema;the pelvic examination;the temperature;the urine;urinatyais","Pelvic aepsis is excluded by the normal lochia, the absence of fever, pain or pelvic tenderness. Retroversion of the uterus is said to produce vomiting in some cases of this type, but the pelvic examination excludes this. Can the vomiting t>e ursEmic? To determine this, we examined the urine and found it normal. (The blood was also normal.) The rectal feeding was evidently a failure despite the nurse's assurance, and the patient's nervous system was kept irritable by semi-starvation. Could this account for the vomiting? In view of the negative results of physical examination it seems the most probable diagnosis. Had the enemata been well absorbed the ner- vous system would probably have been sufBciently nourished to control the vomiting centre. As if is, she is getting no food and losing much sleep. Natu- rally the vomit mg continues.","[PROBLEM]:fever;irritable;pain;pelvic tenderness;semi - starvation;the vomiting;ursemic;vomiting.[TREATMENT]:natu;rally;the nurse;the rectal feeding;the vomit mg.[TEST]:aepsis;physical examination;retroversion of the uterus;the blood;the pelvic examination;the urine"
"69","CASE 69 

Man, 66 years old, has had for fifteen months pain; for the first 
month it was referred to the right hip and buttock. Later, it was felt 
in the amali of the back and in both scapular regions; for six months, 
pain has been felt in the other hip and occasionally in both legs. 

For a month he has had considerable cough, with sputum, occasion- 
ally blood-streaked. He has always been finicky about his food, but 
complained of no special digestive disturbance, except loss of appetite 
and constipation, which have been continuous and accompanied by 
loss of flesh. He was previously very fat. For several weeks he has 
been in bed. Of late has had several attacks of retention of urine, 
needing catherization. 

Examination: Spare, but by no means emaciated; arcus senilis 
marked. Heart negative, so also the lungs except for scattered 
patches of rales in both backs and in the right axilla. Abdomen 
negative. Knee-jerks normal; no tenderness or loss of sensation. 
Spine straight and not tender. 

Urine 1016, alkaline, trace of albumen, considerable pus and squa- 
mous cells. Blood: Red cells 3,810,000; white cells 17,000; hamoglobin 
55%, In the stained specimen polynuclear leucocytes were abnormally 
increased and three normoblasts were seen during a differential count 
of 500 leucocytes. Temperature 99, pulse 90, respiration 22. 

1. What is the Ngnificance of the temperature in this caae? 1£ it continues at or 

below that point, infections {e.g., phthiBia or sepsis) are very unlikely. 

2. What all-important diagnostic data are here lacking? Pupillaiy reactions, 

sputum examination, the twenty-four hour amount of urine. 

3. If the knee-jerks had been absent, what other disease should be considered? 

Tabes doisalis. 

4. How are the lung signs to be interpreted? Localized bronchitis or oedema. 

6. What further knowledge do we wish regarding the spine? Is it everywhere 
normally fiexible? 

6. Diagnosis? Prognosis? Treatment? 

Diagnosis; The spine was found to be stiff in the lumbar region and epondyhtis 
was considered. But the loss of appetite, the anemia, and the leucocjitoeia 
pointed to something leas purely local in its effects. Sputum examination, 
four times repeated, was negative and practically excluded phthisis. Ab- 
dominal aneurism would account for some of the pains, but should produce 
a palpable tumor. The pains are such as would be produced by pressure 
on the spinal nerve roots. Malignant disease of the prevertebral glands 
would explain the pains, the ontemia, and the loss of appetite. Autopey con- 
finned this diagnosis and showed in addition numerous metastases in each 
lung — accounting for the pulmonary signs and symptoms. Hypertrophied 
prostate with slight cystitis explained the bladder symptoms. 
Prognosis; Death in the couree of a year. 

Treatment: Purely symptomatic. A plaster jacket might relieve some of the 
pain by immobilizing the spine. ","[{'text': 'pain', 'label': 'problem', 'score': 0.9944, 'start': 56, 'end': 60}, {'text': 'pain', 'label': 'problem', 'score': 0.9913, 'start': 221, 'end': 225}, {'text': 'considerable cough', 'label': 'problem', 'score': 0.993, 'start': 313, 'end': 331}, {'text': 'sputum', 'label': 'problem', 'score': 0.9637, 'start': 338, 'end': 344}, {'text': 'blood - streakedick', 'label': 'problem', 'score': 0.7867, 'start': 362, 'end': 403}, {'text': 'special digestive disturbance', 'label': 'problem', 'score': 0.9977, 'start': 443, 'end': 472}, {'text': 'loss of appetite', 'label': 'problem', 'score': 0.9977, 'start': 481, 'end': 497}, {'text': 'constipation', 'label': 'problem', 'score': 0.9657, 'start': 503, 'end': 515}, {'text': 'loss of flesh', 'label': 'problem', 'score': 0.9974, 'start': 564, 'end': 577}, {'text': 'retention of urine', 'label': 'problem', 'score': 0.9934, 'start': 681, 'end': 699}, {'text': 'catization', 'label': 'treatment', 'score': 0.6737, 'start': 710, 'end': 723}, {'text': 'examination', 'label': 'test', 'score': 0.5333, 'start': 727, 'end': 738}, {'text': 'emiated', 'label': 'problem', 'score': 0.8217, 'start': 763, 'end': 772}, {'text': 'arcus senilis marked', 'label': 'problem', 'score': 0.896, 'start': 774, 'end': 795}, {'text': 'heart', 'label': 'test', 'score': 0.6508, 'start': 797, 'end': 802}, {'text': 'scattered patches of rales in both backs', 'label': 'problem', 'score': 0.9751, 'start': 842, 'end': 883}, {'text': 'right ax', 'label': 'problem', 'score': 0.5386, 'start': 895, 'end': 903}, {'text': 'knee - jerks', 'label': 'test', 'score': 0.8078, 'start': 928, 'end': 938}, {'text': 'tenderness', 'label': 'problem', 'score': 0.9959, 'start': 950, 'end': 960}, {'text': 'loss of sensation', 'label': 'problem', 'score': 0.9961, 'start': 964, 'end': 981}, {'text': 'tender', 'label': 'problem', 'score': 0.5244, 'start': 1007, 'end': 1013}, {'text': 'urine', 'label': 'test', 'score': 0.9818, 'start': 1017, 'end': 1022}, {'text': 'alkali', 'label': 'problem', 'score': 0.8087, 'start': 1029, 'end': 1035}, {'text': 'trace of albumen', 'label': 'problem', 'score': 0.7237, 'start': 1039, 'end': 1055}, {'text': 'considerable pus', 'label': 'problem', 'score': 0.9974, 'start': 1057, 'end': 1073}, {'text': 'squa - mous cells', 'label': 'problem', 'score': 0.9789, 'start': 1078, 'end': 1095}, {'text': 'blood', 'label': 'test', 'score': 0.7547, 'start': 1097, 'end': 1102}, {'text': 'red cells', 'label': 'test', 'score': 0.9785, 'start': 1104, 'end': 1113}, {'text': 'white cells', 'label': 'test', 'score': 0.994, 'start': 1125, 'end': 1136}, {'text': 'hamoglobin', 'label': 'test', 'score': 0.9772, 'start': 1145, 'end': 1155}, {'text': 'polynuclear leucocytes', 'label': 'test', 'score': 0.7987, 'start': 1186, 'end': 1208}, {'text': 'increased', 'label': 'problem', 'score': 0.8489, 'start': 1226, 'end': 1235}, {'text': 'three normoblasts', 'label': 'test', 'score': 0.9309, 'start': 1240, 'end': 1257}, {'text': 'a differential count', 'label': 'test', 'score': 0.9314, 'start': 1275, 'end': 1295}, {'text': 'leucocytes', 'label': 'test', 'score': 0.7838, 'start': 1304, 'end': 1314}, {'text': 'temperature', 'label': 'test', 'score': 0.9949, 'start': 1316, 'end': 1327}, {'text': 'pulse', 'label': 'test', 'score': 0.9962, 'start': 1332, 'end': 1337}, {'text': 'respiration', 'label': 'test', 'score': 0.9931, 'start': 1342, 'end': 1353}, {'text': 'the', 'label': 'test', 'score': 0.7473, 'start': 1390, 'end': 1393}, {'text': 'temperature', 'label': 'problem', 'score': 0.4498, 'start': 1394, 'end': 1405}, {'text': 'caae', 'label': 'problem', 'score': 0.9329, 'start': 1414, 'end': 1418}, {'text': 'infections', 'label': 'problem', 'score': 0.9881, 'start': 1462, 'end': 1472}, {'text': 'phthibia', 'label': 'problem', 'score': 0.9731, 'start': 1480, 'end': 1488}, {'text': 'sepsis', 'label': 'problem', 'score': 0.9939, 'start': 1492, 'end': 1498}, {'text': 'pupillaiy reactions', 'label': 'problem', 'score': 0.9594, 'start': 1577, 'end': 1596}, {'text': 'sputum examination', 'label': 'test', 'score': 0.969, 'start': 1600, 'end': 1618}, {'text': 'urine', 'label': 'problem', 'score': 0.5851, 'start': 1651, 'end': 1656}, {'text': 'the knee - jerks', 'label': 'problem', 'score': 0.5797, 'start': 1666, 'end': 1680}, {'text': 'disease', 'label': 'problem', 'score': 0.9866, 'start': 1709, 'end': 1716}, {'text': 'tabes doisalis', 'label': 'problem', 'score': 0.9352, 'start': 1741, 'end': 1755}, {'text': 'the lung signs', 'label': 'test', 'score': 0.8371, 'start': 1770, 'end': 1784}, {'text': 'localized bronchitis', 'label': 'problem', 'score': 0.9987, 'start': 1804, 'end': 1824}, {'text': 'oedema', 'label': 'problem', 'score': 0.9888, 'start': 1828, 'end': 1834}, {'text': 'fiex', 'label': 'problem', 'score': 0.4838, 'start': 1923, 'end': 1927}, {'text': 'treatment', 'label': 'treatment', 'score': 0.7258, 'start': 1960, 'end': 1969}, {'text': 'stiff in the lumba', 'label': 'problem', 'score': 0.7635, 'start': 2010, 'end': 2028}, {'text': 'epondyhtis', 'label': 'test', 'score': 0.5769, 'start': 2041, 'end': 2051}, {'text': 'the loss of appetite', 'label': 'problem', 'score': 0.9492, 'start': 2073, 'end': 2093}, {'text': 'the anemia', 'label': 'problem', 'score': 0.9965, 'start': 2095, 'end': 2105}, {'text': 'the leucocjitoeia', 'label': 'problem', 'score': 0.9907, 'start': 2111, 'end': 2128}]","[PROBLEM]:alkali;arcus senilis marked;blood - streakedick;caae;considerable cough;considerable pus;constipation;disease;emiated;fiex;increased;infections;localized bronchitis;loss of appetite;loss of flesh;loss of sensation;oedema;pain;phthibia;pupillaiy reactions;retention of urine;right ax;scattered patches of rales in both backs;sepsis;special digestive disturbance;sputum;squa - mous cells;stiff in the lumba;tabes doisalis;temperature;tender;tenderness;the anemia;the knee - jerks;the leucocjitoeia;the loss of appetite;trace of albumen;urine.[TREATMENT]:catization;treatment.[TEST]:a differential count;blood;epondyhtis;examination;hamoglobin;heart;knee - jerks;leucocytes;polynuclear leucocytes;pulse;red cells;respiration;sputum examination;temperature;the;the lung signs;three normoblasts;urine;white cells","The spine was found to be stiff in the lumbar region and epondyhtis was considered. But the loss of appetite, the anemia, and the leucocjitoeia pointed to something leas purely local in its effects. Sputum examination, four times repeated, was negative and practically excluded phthisis. Ab- dominal aneurism would account for some of the pains, but should produce a palpable tumor. The pains are such as would be produced by pressure on the spinal nerve roots. Malignant disease of the prevertebral glands would explain the pains, the ontemia, and the loss of appetite. Autopey con- finned this diagnosis and showed in addition numerous metastases in each lung — accounting for the pulmonary signs and symptoms. Hypertrophied prostate with slight cystitis explained the bladder symptoms. Prognosis; Death in the couree of a year.","[PROBLEM]:a palpable tumor;ab - dominal aneurism;death;epondyhtis;hypertrophied prostate;lu;malignant disease of the prevertebral glands;numerous metastases in each lung —;on the spinal nerve;phthisis;slight cystitis;stiff;symptoms;the anemia;the bladder symptoms;the leucocjitoeia;the loss of appetite;the ontemia;the pains;the pulmonary signs.[TEST]:pressure;sputum examination"
"70","CASE 70 

A girl of 19 is seen May 26. Her maternal grandfather died of 
phthisis. Family history otherwise good. She has always been rather 
pale and delicate, but had no definite or serious illness. Toward the 
end of February she consulted her physician for slight swelling of the 
glands on the left side of the neck. The temperature was slightly 
elevated when taken after this, and during the next two weeks the 
glands increased considerably in size and she had some cough, appar- 
ently due to bronchitis. Toward the end of March she began to im- 
prove and the glandular swelling to subside. The appetite increased 
and she got out. Two weeks ago she was less well; fever returned to a 
moderate degree, as did cough, and slight crepitus was heard under 
both clavicles. One week ago, the day being mild, she sat on the door- 
step and experienced a sudden pain at the root of the nose, just between 
the eyes. This pain extended over the forehead, increased in intensity 
and was relieved more by cold than by hot applications. Four days 
ago without obvious cause she vomited once. The next day she vom- 
ited again and the headache became intense. For the past forty-eight 
hours she has retained nothing on her stomach. To-day, there was 
slight hiccough after vomiting and the menses appeared, the first time 
for three months. Morphia by the mouth gave her no relief. In the 
last twelve hours she has had three suppositories containing a quarter 
of a grain of morphia each, with only partial relief to her headache. 
Before the morphia was begun the pupils were large, equal, and reacted 
equally to light. Her aunt states that the pupils have alwa^ been 
large. They are now moderately contracted, equal, and respond nor- 
mally. Photophobia. The pulse has ranged 90 to 100. Tempera- 
ture 99° this morning, 100° last night. 

The pulse is now 60 to 100, changing its rate quickly and frequently. 
Respiration easy. The mind seems clear, but she is very disinclined 
to talk or make any effort. 

The glands in the right side of the neck are slightly enlarged. The 
heart is negative. No rales are detected over the fronts. The backs 
are not examined as it does not seem wise to disturb her to that extent. 
Abdominal examination gives negative results. The reflexes, super- 
ficial and deep, are not obtained. Urine negative. Neither the sputum 
nor the blood have been examined. There is no paralysis. 

1. What can be inferred from the effect of the morphia here? That the headache 

waa of an intensity rarely if ever eeen except in organic brain diaeaae. 

2. Significance of the way the headache came on? The circumstances proliably 

had nothing to do with it. The suddenness of onset is not characteristic ot 
any Nngle diaeaae. 

3. In what diseaeefl do the pupils give the most important information? Tabes 

dorsalis, general paralysis, old iritie, morphia poisoning, aneurism of the 

4. What cervical tumon are commonest? Adenitis (tuberculous or septic), Hodg- 

kins disease, kucemia, cervical rib, branchial cysts, cancer, and sarcoma. 

5. What help could be gained by examination of the blood and ^uta in this case? 

Normal blood would speak against meningitis, though in some tuberculous 
cases leucocj'tosis is alisent. The presence or absence of malarial psraait«s is 
important, as malaria may cause marked cerebral symptoms. If the Widal 
reaction wera absent and no basophilic stippling of the corpuscles present, 
we should have evidence against typhoid and against lead encephalopathy 
respectively. Sputmn examination would help to settle the question of tu- 
berculosis. 

6. What other exammations should be made? Spinal puncture, Kemig's sign, 

Babinski's reaction, retinal examination. 

7. Diagnosis? Prognows? Treatment? 

Diagnosis: The mtensity of headache with photophobia and vomiting point 
to organic brain disease. The onset is more sudden than in most bnun dis- 
eases, except meningitis. The family history of phthisis, the recent cervical 
adenitis, and apical bronchitis with fever suggest tuberculous meningitis. 
Lumbar pmicture and retinal examination would settle it. 

All the symptoms here mentioned have occurred in brain tumor or abscess, 
but in most cases of these diseases, focal ^mptoms are present (paralyma, 
aphasia, Jacksonian epilepsy, local paresthesia, astereogno«s) and the onset 
is slower. In malaria there is almost invariably more i^rexia, and in lead 
encephalopathy there are usually convulaons and evidences of lead in other 
organs. 

Meninpsmus at the onset of some infectious disease (typhoid, pneumonia) is 
unlikely, on account of the severity of the headache, the moderate tempera- 
ture, and the absence of positive evidence of any such infection. Tuberculous 
meningitb — that is, acute general tuberculo^ with predominance of menin- 
geal symptoms — seems the most prolDable diagnoffls. 

Prognosis: Recovery is barely posuble, perhaps once in one thousand cases. 
Death will probably occur within two weeks. 

Treatment; Lumbar puncture sometimes relieves headache as well as helps 
diagnosis. (What would be found?) Otherwise the prevention of Ijed-sores, 
the alleviation of ^mptoms, and the support of the patient's strength is 
all we have to work for. ","[{'text': 'phthisis', 'label': 'problem', 'score': 0.909, 'start': 73, 'end': 81}, {'text': 'pale', 'label': 'problem', 'score': 0.4213, 'start': 142, 'end': 146}, {'text': 'definite', 'label': 'problem', 'score': 0.7699, 'start': 172, 'end': 180}, {'text': 'serious illness', 'label': 'problem', 'score': 0.7592, 'start': 184, 'end': 199}, {'text': 'slight swelling of the glands on', 'label': 'problem', 'score': 0.9259, 'start': 261, 'end': 294}, {'text': 'the neck', 'label': 'problem', 'score': 0.8075, 'start': 312, 'end': 320}, {'text': 'the temperature', 'label': 'problem', 'score': 0.7845, 'start': 322, 'end': 337}, {'text': 'slightly elevated', 'label': 'problem', 'score': 0.9807, 'start': 342, 'end': 360}, {'text': 'the glands', 'label': 'problem', 'score': 0.8341, 'start': 414, 'end': 425}, {'text': 'some', 'label': 'problem', 'score': 0.8403, 'start': 469, 'end': 473}, {'text': 'cough', 'label': 'problem', 'score': 0.6968, 'start': 474, 'end': 479}, {'text': 'bronchitis', 'label': 'problem', 'score': 0.9254, 'start': 502, 'end': 512}, {'text': 'the glandular swelling', 'label': 'problem', 'score': 0.9957, 'start': 566, 'end': 588}, {'text': 'fever', 'label': 'problem', 'score': 0.949, 'start': 675, 'end': 680}, {'text': 'cough', 'label': 'problem', 'score': 0.6759, 'start': 720, 'end': 725}, {'text': 'slight crepitus', 'label': 'problem', 'score': 0.9975, 'start': 731, 'end': 746}, {'text': 'a sudden pain at the root of the nose', 'label': 'problem', 'score': 0.9223, 'start': 857, 'end': 894}, {'text': 'this pain', 'label': 'problem', 'score': 0.9767, 'start': 920, 'end': 929}, {'text': 'cold', 'label': 'test', 'score': 0.362, 'start': 1007, 'end': 1011}, {'text': 'hot', 'label': 'treatment', 'score': 0.4237, 'start': 1020, 'end': 1023}, {'text': 'obvious cause', 'label': 'problem', 'score': 0.7477, 'start': 1061, 'end': 1074}, {'text': 'the headache', 'label': 'problem', 'score': 0.9971, 'start': 1131, 'end': 1143}, {'text': 'slight hiccough', 'label': 'problem', 'score': 0.993, 'start': 1252, 'end': 1267}, {'text': 'vomiting', 'label': 'problem', 'score': 0.6233, 'start': 1274, 'end': 1282}, {'text': 'men', 'label': 'problem', 'score': 0.5618, 'start': 1291, 'end': 1294}, {'text': 'morphia', 'label': 'test', 'score': 0.5668, 'start': 1342, 'end': 1349}, {'text': 'relieftori', 'label': 'test', 'score': 0.752, 'start': 1375, 'end': 1438}, {'text': 'morphia', 'label': 'problem', 'score': 0.8154, 'start': 1477, 'end': 1484}, {'text': 'her headache', 'label': 'problem', 'score': 0.996, 'start': 1519, 'end': 1531}, {'text': 'the morphia', 'label': 'test', 'score': 0.6531, 'start': 1541, 'end': 1552}, {'text': 'moderately contracted', 'label': 'problem', 'score': 0.7269, 'start': 1693, 'end': 1714}, {'text': 'photophobia', 'label': 'problem', 'score': 0.899, 'start': 1748, 'end': 1759}, {'text': 'the pulse', 'label': 'test', 'score': 0.976, 'start': 1761, 'end': 1770}, {'text': 'tempera -', 'label': 'test', 'score': 0.6644, 'start': 1793, 'end': 1801}, {'text': 'ture', 'label': 'test', 'score': 0.7081, 'start': 1803, 'end': 1807}, {'text': 'the pulse', 'label': 'test', 'score': 0.8015, 'start': 1845, 'end': 1854}, {'text': 'res', 'label': 'test', 'score': 0.8447, 'start': 1916, 'end': 1919}, {'text': 'slightly enlarged', 'label': 'problem', 'score': 0.9583, 'start': 2060, 'end': 2077}, {'text': 'rales', 'label': 'problem', 'score': 0.8189, 'start': 2106, 'end': 2111}, {'text': 'abdominal examination', 'label': 'test', 'score': 0.9975, 'start': 2227, 'end': 2248}, {'text': 'the reflexes', 'label': 'test', 'score': 0.959, 'start': 2273, 'end': 2285}]","[PROBLEM]:a sudden pain at the root of the nose;bronchitis;cough;definite;fever;her headache;men;moderately contracted;morphia;obvious cause;pale;photophobia;phthisis;rales;serious illness;slight crepitus;slight hiccough;slight swelling of the glands on;slightly elevated;slightly enlarged;some;the glands;the glandular swelling;the headache;the neck;the temperature;this pain;vomiting.[TREATMENT]:hot.[TEST]:abdominal examination;cold;morphia;relieftori;res;tempera -;the morphia;the pulse;the reflexes;ture","The mtensity of headache with photophobia and vomiting point to organic brain disease. The onset is more sudden than in most bnun dis- eases, except meningitis. The family history of phthisis, the recent cervical adenitis, and apical bronchitis with fever suggest tuberculous meningitis. Lumbar pmicture and retinal examination would settle it.","[PROBLEM]:apical bronchitis;fever;headache;meningitis;organic brain disease;photophobia;phthisis;the recent cervical adenitis;tuberculous meningitis;vomiting.[TEST]:lumbar pmicture;retinal examination"
"71","CASE 71 

A coachman of 45, of a very neurotic family, has had dyspepsia for 
fifteen years. Any worry or excitement brings on distress and sour 
eructations. Three years ago had ""spinal meningitis""; since then 
never well in mind or body. Forgetful and bewildered, up to the last 
two months, when he became much clearer and has since devoted him- 
self to his health. Two spots, one over the left kidney and one on the 
top of his skull, feel hot to him. Also numbness on the left leg, less 
noticed when he is busy. Left hand always colder than the right. 

Since the fever three years ago his dyspepsia has been worse. Almost 
any food distresses him after a time. More than one half a cupful of 
any liquid causes vomiting, and despite care he vomits very frequently. 
No blood or brown stuff in vomitus, which consists of food and slime. 

Pain and tenderness in the epigastrium are almost incessant. Appe- 
tite excellent, bowels always costive, sleeps poorly. 

Examination: Rather thin, good color, tongue protruded very far. 
In epigastrium, a resistance uneven, soft and doughy in feel, dull on 
percussion and very tender. The lower border of it is well defined, 
especially on the left. At times, movements, apparently peristaltic, 
can be felt there. Visceral examination is otherwise negative 

The stomach tube was passed and abundant free hydrochloric acid 
found, but the ingestion of over 6 ounces of liquid caused the patient 
great pain, which lasted for two hours after the tube was removed. 

The patient was constantly expectorating saliva, and stated that 
milk always poisoned him, and that the only food that agreed with him 
is wild game. A partridge was procured for him, but he had a bad 
night after it, because, as he said, he tasted some of the shot with 
which the partridge had been killed. He remained in the hospital from 
November 1 to November 11, 1892, and then left unimproved. 

Diagnosis? Prognosis? Treatment? 

Diagnosis: The first paragraph and the last two point strongly to a gastric 
neuro^, and this diagnosis still stands on the hospital record book to-day. 
Against this, however, are the small capacity of the stomach (six ovinces causes 
great pain and often vomiting), the peristaltic movements in the epigastrium, 
■ and the other physical «gns at that point. A contracted stomach with pyloric 
obetruction and abundant free HCI is a veiy unusual combmation, but to 
that the signs point. At autopsy (three months later) exactly this com- 
bination wa£ found. The gastric wall wa£ from one half to three quarters 
of an inch thick, the capacity alxiut seven ounces, the scar of a large ulcer 
near the pylorus and great thickening and stenosis of the latter. The case 
is very important because both neurasthenia and organic disease were present, 
and the neurasthenic aspects altogether blinded us to the test. 

PrognoMS and Treatment: An operation should of course have been done, and 
with this the patient might well have recovered within a few months. ","[{'text': 'dyspepsia', 'label': 'problem', 'score': 0.9631, 'start': 63, 'end': 72}, {'text': 'excitement', 'label': 'problem', 'score': 0.8677, 'start': 106, 'end': 116}, {'text': 'distress', 'label': 'problem', 'score': 0.9952, 'start': 127, 'end': 135}, {'text': 'sour eructations', 'label': 'problem', 'score': 0.9908, 'start': 140, 'end': 157}, {'text': 'spinal meningitis', 'label': 'problem', 'score': 0.996, 'start': 180, 'end': 197}, {'text': 'bewildered', 'label': 'problem', 'score': 0.8653, 'start': 254, 'end': 264}, {'text': 'numbness on the left leg', 'label': 'problem', 'score': 0.9313, 'start': 462, 'end': 486}, {'text': 'the fever', 'label': 'problem', 'score': 0.9099, 'start': 567, 'end': 576}, {'text': 'his dyspepsia', 'label': 'problem', 'score': 0.9882, 'start': 593, 'end': 606}, {'text': 'liquid', 'label': 'treatment', 'score': 0.4671, 'start': 705, 'end': 711}, {'text': 'vomiting', 'label': 'problem', 'score': 0.9933, 'start': 719, 'end': 727}, {'text': 'blood', 'label': 'problem', 'score': 0.9462, 'start': 777, 'end': 782}, {'text': 'brown stuff in vomituse', 'label': 'problem', 'score': 0.7089, 'start': 786, 'end': 842}, {'text': 'pain', 'label': 'problem', 'score': 0.9885, 'start': 846, 'end': 850}, {'text': 'tenderness in the epigarium', 'label': 'problem', 'score': 0.9354, 'start': 855, 'end': 884}, {'text': 'app', 'label': 'test', 'score': 0.4894, 'start': 907, 'end': 910}, {'text': 'costive', 'label': 'problem', 'score': 0.6702, 'start': 944, 'end': 951}, {'text': 'a resistance uneven', 'label': 'problem', 'score': 0.9042, 'start': 1052, 'end': 1071}, {'text': 'doughy in', 'label': 'problem', 'score': 0.6207, 'start': 1082, 'end': 1091}, {'text': 'dull', 'label': 'problem', 'score': 0.9517, 'start': 1098, 'end': 1102}, {'text': 'percussion', 'label': 'test', 'score': 0.7336, 'start': 1107, 'end': 1117}, {'text': 'very tender', 'label': 'problem', 'score': 0.9622, 'start': 1122, 'end': 1133}, {'text': 'movements', 'label': 'problem', 'score': 0.7537, 'start': 1210, 'end': 1219}, {'text': 'peristaic', 'label': 'problem', 'score': 0.8051, 'start': 1232, 'end': 1243}, {'text': 'visceral examination', 'label': 'test', 'score': 0.9752, 'start': 1265, 'end': 1285}, {'text': 'the stomach tube', 'label': 'treatment', 'score': 0.8601, 'start': 1310, 'end': 1326}, {'text': 'abundant free hydrochloric acid', 'label': 'treatment', 'score': 0.9424, 'start': 1342, 'end': 1373}, {'text': 'great pain', 'label': 'problem', 'score': 0.971, 'start': 1447, 'end': 1457}, {'text': 'the tube', 'label': 'treatment', 'score': 0.9973, 'start': 1492, 'end': 1500}, {'text': 'milk', 'label': 'treatment', 'score': 0.918, 'start': 1582, 'end': 1586}, {'text': 'a partridge', 'label': 'treatment', 'score': 0.9279, 'start': 1667, 'end': 1678}, {'text': 'the shot', 'label': 'treatment', 'score': 0.8121, 'start': 1774, 'end': 1782}, {'text': 'treatment', 'label': 'treatment', 'score': 0.9297, 'start': 1943, 'end': 1952}, {'text': 'a gastric neuro ^', 'label': 'problem', 'score': 0.8319, 'start': 2022, 'end': 2039}, {'text': 'capacity', 'label': 'problem', 'score': 0.6604, 'start': 2147, 'end': 2155}, {'text': 'the stomach', 'label': 'problem', 'score': 0.661, 'start': 2159, 'end': 2170}, {'text': 'six ovinces', 'label': 'problem', 'score': 0.4853, 'start': 2172, 'end': 2183}, {'text': 'great pain', 'label': 'problem', 'score': 0.9956, 'start': 2192, 'end': 2202}, {'text': 'vomiting', 'label': 'problem', 'score': 0.9772, 'start': 2213, 'end': 2221}, {'text': 'peristaltic', 'label': 'problem', 'score': 0.6587, 'start': 2228, 'end': 2239}]","[PROBLEM]:a gastric neuro ^;a resistance uneven;bewildered;blood;brown stuff in vomituse;capacity;costive;distress;doughy in;dull;dyspepsia;excitement;great pain;his dyspepsia;movements;numbness on the left leg;pain;peristaic;peristaltic;six ovinces;sour eructations;spinal meningitis;tenderness in the epigarium;the fever;the stomach;very tender;vomiting.[TREATMENT]:a partridge;abundant free hydrochloric acid;liquid;milk;the shot;the stomach tube;the tube;treatment.[TEST]:app;percussion;visceral examination","The first paragraph and the last two point strongly to a gastric neuro^, and this diagnosis still stands on the hospital record book to-day. Against this, however, are the small capacity of the stomach (six ovinces causes great pain and often vomiting), the peristaltic movements in the epigastrium, ■ and the other physical «gns at that point. A contracted stomach with pyloric obetruction and abundant free HCI is a veiy unusual combmation, but to that the signs point. At autopsy (three months later) exactly this com- bination wa£ found. The gastric wall wa£ from one half to three quarters of an inch thick, the capacity alxiut seven ounces, the scar of a large ulcer near the pylorus and great thickening and stenosis of the latter. The case is very important because both neurasthenia and organic disease were present, and the neurasthenic aspects altogether blinded us to the test.","[PROBLEM]:a contracted stomach;a gastric neuro ^;a large ulcer near the pylorus;a veiy unusual combmation;abundant free hci;epigast;gns;great pain;great thickening;neurasthenia;organic disease;peristaltic movements;pyloric obetruction;scar;six ovinces;small capacity of the stomach;stenosis of the latter;the neurasthenic aspects;vomiting.[TREATMENT]:bination.[TEST]:autopsy;the gastric wall"
"72","CASE 72 

A single man, 37, in business, six feet two inches tall, weighing 246, 
states that several members of his family have had heart disease, one 
dying suddenly. He is seen March 3, 1903. He denies lues, but has 
had five or six attacks of clap, the last three months ago. Coitus is not 
very frequent. He drank freely until three years ago when he had 
phlebitis in the left leg. At this time he weighed 200, was treated at 
Aix-les-Bains, lost 30 lbs., and felt better for it. Since then he has 
taken three or four whiskies a day. A year ago he was under medical 
care for a short time with indefinite symptoms, the pulse never rising 
above 100. Last summer he played 27 holes at golf without incon- 
venience. In October, 1902, he had business worries which kept him 
awake more or less for several weeks, and during this time he drank 
more freely again. He takes no regular exercise; is fat, flabby, and 
colorless. 

Four days ago he called in his physician for vague discomfort in the 
upper abdomen and irregular bowels. The heart's action was then 
regular in force and rhythm, varying in rate from 160-180, only count- 
able with the stethoscope over the apex. He sleeps with only one pillow, 
on either side, and has not been directly conscious of his heart, even on 
such exertion as is incidental to his life. In spite of absolute rest for 
four days, the heart continues rapid. Temperature normal; urine 
negative. He wishes to get up and attend to business. He does not 
seem, and saya he does not feel, nervous. The appetite and digestion 
are good enough; the tongue clean, the gums healthy. The heart-beats 
are quite regular, 160 per minute, counted with the stethoscope, and 
the rate does not vary whether he sits, stands, or lies down. The 
cardiac impulse is visible and palpable only when he lies on his left side; 
it can then be localized about an inch to the left of the nipple, in the 
fifth space. Percussion yields somewhat unsatisfactory results on 
account of the thickness of the chest wall, but dulness seems to extend 
slightly beyond the nipple as he lies on his back. The sounds are clear, 
save in the left lateral decubitus; in that position, a slight systolic 
murmur is audible at the apex. The lungs and abdomen are nega- 
tive. The superficial refiexes are absent; the knee-jerks slight. There 
is no tremor. There is slight oedema of the legs and a corded vein (?) 
can be felt in the left calf. He wears Boston garters. 

1, What form of alcoholic drink haa most often a demonstrable and permanent 

effect upon the heart? Beer. A hypertrophy and subsequent dUatation often 
occurs. Whiskey usually produces only temporary weakness. 

2. What inference is suggested by the absence of arhythmia in this case? Myo- 

cardial degeneration usually produces arhythmia. Any disturbance of car- 
nore serioua tban a dmiUr disturbance 

3. Among the methods of examination not yet employed in this case, which are 

likely and which unlikely to yield valuable information? We should aecer- 
tain whether the eyes are prominent or the thyroid are enlarged. These 
data will help to decide for or against one cause of tachycardia — namely. 
Graves' disease. The urine should be examined. It it showed the evidences 
of chronic nephritis the heart symptoms might be thus explainable. It 
would be valuable to know how his heart reacts to exertion. Organic heart 
weakness is usually increased by slight exertion, while ""functional"" weak- 
ness is often lessened. If the ""clap"" is healed, involvement of the heart in 
this infection becomes unhkely. Blood-pressure measurements, if normal, 
would be reassuring. If he uses tobacco to excess the symptoms may be 
due to this cause. Blood examination would probably yield no important 
information. 

4. Has the venereal histoiy any relation to the present symptoms? Probably not. 

Gonorrhieal endocarditis or myocarditis produce fever and more definite 
evidences of valvular deformity; further, his gonorrhoea is apparently healed. 
6. Causes and types of tachycardia? Any physical or emotional activity, many 
infectious diseases and toxic states, cardiac weakness and dilatation from 
any cause, Graves' disease, ""paroxysmal tachycardia."" 
6. Diagnosis? Prognosis? Treatment? 

Diagnoms: There was no exophthalmos or goitre; the urine was normal; tobacco 
was used to excess; the gonorrhoea was healed; blood pressure was normal 
and was increased (not decreased) by exertion. It should be noted that 
the position of the palpable apex beat was normal /or the position in which 
the patient lay. The attack is too long to be classed as ""paroxysmal"" tachy- 
cardia. There is no good evidence of infection or of cardiac dilatation. A 
Bubiestive ""sense of well-being"" such as is here present is not often seen in 
orgrinic heart lesions with tachycardia. 

There is no evidence of passive congestion anywhere, for in a fat man slight 
(Ediima of the legs is physiological, especially with varicose veins such as 
appear to be hure present. Hence we have no considerable heart weakness. 
Tcxic extra-sysi'.oies, due to the effect of an excess of tobacco (and perhaps 
alcohol) on an otherwise healthy heart, seems the probable cause of thfe tachy- 
cardia in this case. 

Prognosis: Such ""functional"" upsets of a healthy heart are usually over within 
a few weeks. The failure of the heart to slow down under rest is surprising 
but need not discourage us. 

Treatment: Possibly he -is being kept too quiet. If his heart's power is fair 
(as it seems to be) he will t>e the t>etl«r for using it a little. This will ease 
the psychical tension and probably slow the heart. The omission of all 
tobacco and alcohol and the lapse of time are the moat important means of 
cuie, but Nauheim baths and motions (carried out at home) will hasten 
recovery.","[{'text': 'heart disease', 'label': 'problem', 'score': 0.9976, 'start': 133, 'end': 146}, {'text': 'lues', 'label': 'problem', 'score': 0.9307, 'start': 205, 'end': 209}, {'text': 'clap', 'label': 'problem', 'score': 0.9801, 'start': 247, 'end': 251}, {'text': 'coitus', 'label': 'problem', 'score': 0.8627, 'start': 280, 'end': 286}, {'text': 'phlebitis in the left leg', 'label': 'problem', 'score': 0.9431, 'start': 361, 'end': 386}, {'text': 'indefinite symptoms', 'label': 'problem', 'score': 0.9965, 'start': 601, 'end': 620}, {'text': 'the pulse', 'label': 'test', 'score': 0.8557, 'start': 622, 'end': 631}, {'text': 'incon - venience', 'label': 'problem', 'score': 0.8692, 'start': 704, 'end': 720}, {'text': 'business worries', 'label': 'problem', 'score': 0.82, 'start': 747, 'end': 763}, {'text': 'fat', 'label': 'problem', 'score': 0.7799, 'start': 901, 'end': 904}, {'text': 'flabby', 'label': 'problem', 'score': 0.9027, 'start': 906, 'end': 912}, {'text': 'colorless', 'label': 'problem', 'score': 0.9025, 'start': 919, 'end': 928}, {'text': 'vague discomfort in the upper abdomen', 'label': 'problem', 'score': 0.9986, 'start': 977, 'end': 1015}, {'text': 'irregular bowels', 'label': 'problem', 'score': 0.9904, 'start': 1020, 'end': 1036}, {'text': 'the stethoscope', 'label': 'test', 'score': 0.5992, 'start': 1149, 'end': 1164}, {'text': 'temperature', 'label': 'test', 'score': 0.9528, 'start': 1401, 'end': 1412}, {'text': 'urine', 'label': 'test', 'score': 0.9856, 'start': 1421, 'end': 1426}, {'text': 'nervous', 'label': 'problem', 'score': 0.9702, 'start': 1528, 'end': 1535}, {'text': 'the heart - beats', 'label': 'test', 'score': 0.698, 'start': 1618, 'end': 1633}, {'text': 'the stethoscope', 'label': 'test', 'score': 0.9274, 'start': 1683, 'end': 1698}, {'text': 'cardiac impulse', 'label': 'test', 'score': 0.6351, 'start': 1772, 'end': 1787}, {'text': 'percussionis', 'label': 'test', 'score': 0.7357, 'start': 1936, 'end': 1970}, {'text': 'left lateral decubitus', 'label': 'problem', 'score': 0.9156, 'start': 2149, 'end': 2171}, {'text': 'a slight systolic murmur', 'label': 'problem', 'score': 0.9977, 'start': 2191, 'end': 2216}]","[PROBLEM]:a slight systolic murmur;business worries;clap;coitus;colorless;fat;flabby;heart disease;incon - venience;indefinite symptoms;irregular bowels;left lateral decubitus;lues;nervous;phlebitis in the left leg;vague discomfort in the upper abdomen.[TEST]:cardiac impulse;percussionis;temperature;the heart - beats;the pulse;the stethoscope;urine","There was no exophthalmos or goitre; the urine was normal; tobacco was used to excess; the gonorrhoea was healed; blood pressure was normal and was increased (not decreased) by exertion. It should be noted that the position of the palpable apex beat was normal /or the position in which the patient lay. The attack is too long to be classed as ""paroxysmal"" tachy- cardia. There is no good evidence of infection or of cardiac dilatation. A Bubiestive ""sense of well-being"" such as is here present is not often seen in orgrinic heart lesions with tachycardia.","[PROBLEM]:cardiac dilatation;exophthalmos;goitre;infection;orgrinic heart lesions;paroxysmal  tachy - cardia;tachycardia;the attack;the gonorrhoea.[TEST]:blood pressure;urine"
"73","CASE 73 

July 20, 1905, a girl of 16, previously healthy, was attacked in the 
mormng by paiu in the sternum with a sense of pressure. Later the 
pain extended round the chest and became severe on any movement 
of the intercostal muscles — ao that breathing was painful and shallow. 
She felt feverish and nauseated, and in the evening her temperature 
rose to 101°. She slept fairly well and next day her fever was gone 
and she waa almost well; walked, drove, and ate her meals with good 
appetite. On the third day the pain and fever returned and both were 
worse than before; the pain extended round both sides of the chest, 
from the armpit to the bottom of the ribs, and also into both shoulders. 
In the evening the temperature was 103°. Next day she remained in 
bed feeling greatly improved, but still somewhat sore and achey. 

On the fifth day the pain came three or four hours earlier than in 
the previous attack, and was agonizing in character. The temperature 
reached 104° in the evening. 

There was no chill, no sweating, and no cough at any time. Visceral 
examination was negative — also the urine. The blood was not exam- 
ined. Calomel was .given on the fourth day, without relief. 

1. (a) Causes of severe thoracic pain? (b) Of mild thoracic paint (a) Pteuri^ 

(pneumonic, tuberculous, or ""simple""), angina pectoris (organic or func- 
tional), intercoBtal neuraJ^a, muscular pain (""pleurodynia""), spondylitis 
(nerve-root pains), trichiniaeis, aneurism, (b) Infectious diseases, fatigue. 

2. By what additional data could diagnosis be made easier here? A careful his- 

tory with special reference to a possible source of infection; a, thorough ex- 
amination of the Uood and of the spleen. 

3. Diagnosis? Prognosis? Treatment? 

Diagnosis: Paroxysms of fever recurring every second day with complete 
apyrexia on the intervening days, almost never occurs except in malaria. 
Pyogenic infections (including advanced phthisis) may in rar« cases produce 
. such a fever curve, but in these conditions the patient is never as well on 
the intervening days as this patient was, and usually shows well-marked local 
lesions of some kind. The pains of this case are very unusual for malaria 
but not unknown, and it is a safe' rule to assume, until it is proved to the con- 
trary, that any symptoms that recur every forty-eight hours, with fever, and 
disappear completely on the intervening days, leaving no physical signs of 
disease, are due to malaria. The blood was not examined in thb case 
until after quinine had been given with complete and permanent relief of 
all symptoms. After this no parasites were found in the blood. Abdomin^ 
pain is not infrequently the only striking symptom of malaria, but thoracic 
pain is rare. 

Prognosis; Every case of t«rtian malaria can be completely arrested in a few 
days by quinine. Cases resisting quinine for a week are not tertian malaria 
— the only form seen in the northern part of this country. 

Treatment: Morphia subcutaneously for pain, fever, or chill. Quinine gr. V 
t.i.d. in capsule or solution for three days. Then gr. IH t.i.d. for a week. ","[{'text': 'pressure', 'label': 'problem', 'score': 0.4987, 'start': 126, 'end': 134}, {'text': 'the pain', 'label': 'problem', 'score': 0.9902, 'start': 142, 'end': 151}, {'text': 'painful', 'label': 'problem', 'score': 0.9694, 'start': 263, 'end': 270}, {'text': 'shallow', 'label': 'problem', 'score': 0.9562, 'start': 275, 'end': 282}, {'text': 'feverish', 'label': 'problem', 'score': 0.9737, 'start': 294, 'end': 302}, {'text': 'nauseated', 'label': 'problem', 'score': 0.9897, 'start': 307, 'end': 316}, {'text': 'her temperature', 'label': 'test', 'score': 0.9299, 'start': 337, 'end': 352}, {'text': 'her fever', 'label': 'problem', 'score': 0.9947, 'start': 403, 'end': 412}, {'text': 'the', 'label': 'problem', 'score': 0.9887, 'start': 519, 'end': 522}, {'text': 'pain', 'label': 'problem', 'score': 0.7705, 'start': 523, 'end': 527}, {'text': 'fever', 'label': 'problem', 'score': 0.9888, 'start': 532, 'end': 537}, {'text': 'the pain', 'label': 'problem', 'score': 0.9947, 'start': 581, 'end': 589}, {'text': 'the', 'label': 'test', 'score': 0.5863, 'start': 720, 'end': 723}, {'text': 'temperature', 'label': 'test', 'score': 0.4266, 'start': 724, 'end': 735}, {'text': 'somewhat sore', 'label': 'problem', 'score': 0.8208, 'start': 812, 'end': 825}, {'text': 'achey', 'label': 'problem', 'score': 0.9768, 'start': 830, 'end': 835}, {'text': 'the pain', 'label': 'problem', 'score': 0.9904, 'start': 856, 'end': 864}, {'text': 'the temperature', 'label': 'test', 'score': 0.7487, 'start': 960, 'end': 975}, {'text': 'chill', 'label': 'problem', 'score': 0.9959, 'start': 1021, 'end': 1026}, {'text': 'sweating', 'label': 'problem', 'score': 0.9964, 'start': 1031, 'end': 1039}, {'text': 'cough', 'label': 'problem', 'score': 0.9974, 'start': 1048, 'end': 1053}, {'text': 'visceral examination', 'label': 'test', 'score': 0.9929, 'start': 1067, 'end': 1088}, {'text': 'the urine', 'label': 'test', 'score': 0.749, 'start': 1109, 'end': 1118}, {'text': 'the blood', 'label': 'test', 'score': 0.9748, 'start': 1120, 'end': 1129}, {'text': 'exam', 'label': 'test', 'score': 0.7764, 'start': 1138, 'end': 1142}, {'text': 'in', 'label': 'test', 'score': 0.7793, 'start': 1145, 'end': 1147}, {'text': 'calomel', 'label': 'treatment', 'score': 0.6253, 'start': 1151, 'end': 1158}, {'text': 'severe thoracic pain', 'label': 'problem', 'score': 0.9982, 'start': 1224, 'end': 1244}, {'text': 'mild', 'label': 'treatment', 'score': 0.5813, 'start': 1253, 'end': 1257}, {'text': 'thoracic', 'label': 'treatment', 'score': 0.6777, 'start': 1258, 'end': 1266}, {'text': 'paint', 'label': 'problem', 'score': 0.9014, 'start': 1267, 'end': 1272}, {'text': 'pteuri ^', 'label': 'problem', 'score': 0.7539, 'start': 1277, 'end': 1288}, {'text': 'pneumonic', 'label': 'problem', 'score': 0.9468, 'start': 1288, 'end': 1297}, {'text': 'tuberculous', 'label': 'problem', 'score': 0.8682, 'start': 1299, 'end': 1310}, {'text': 'simple', 'label': 'problem', 'score': 0.9151, 'start': 1316, 'end': 1322}, {'text': 'angina pectoris', 'label': 'problem', 'score': 0.9984, 'start': 1326, 'end': 1341}, {'text': 'intercobtal neuraj', 'label': 'problem', 'score': 0.9796, 'start': 1370, 'end': 1388}, {'text': 'muscular pain', 'label': 'problem', 'score': 0.9986, 'start': 1392, 'end': 1405}, {'text': 'pleurodynia', 'label': 'problem', 'score': 0.9764, 'start': 1408, 'end': 1419}, {'text': 'spondylitis  nerve - root pains', 'label': 'problem', 'score': 0.9414, 'start': 1423, 'end': 1454}, {'text': 'trichiniaeis', 'label': 'problem', 'score': 0.9946, 'start': 1456, 'end': 1468}, {'text': 'aneurism', 'label': 'problem', 'score': 0.9501, 'start': 1470, 'end': 1478}, {'text': 'infectious diseases', 'label': 'problem', 'score': 0.9947, 'start': 1484, 'end': 1503}, {'text': 'fatigue', 'label': 'problem', 'score': 0.9963, 'start': 1505, 'end': 1512}, {'text': 'infection', 'label': 'problem', 'score': 0.9907, 'start': 1649, 'end': 1658}, {'text': 'ex - amination of', 'label': 'treatment', 'score': 0.4284, 'start': 1672, 'end': 1689}, {'text': 'the', 'label': 'problem', 'score': 0.4211, 'start': 1690, 'end': 1693}, {'text': 'paroxysms of fever', 'label': 'problem', 'score': 0.8927, 'start': 1769, 'end': 1787}, {'text': 'complete apyrexia', 'label': 'problem', 'score': 0.9978, 'start': 1820, 'end': 1838}, {'text': 'malaria', 'label': 'problem', 'score': 0.9111, 'start': 1894, 'end': 1901}, {'text': 'pyogenic infections', 'label': 'problem', 'score': 0.9859, 'start': 1904, 'end': 1923}, {'text': 'advanced phthisis', 'label': 'problem', 'score': 0.976, 'start': 1935, 'end': 1952}, {'text': 'a fever curve', 'label': 'problem', 'score': 0.8115, 'start': 1988, 'end': 2001}, {'text': 'well', 'label': 'problem', 'score': 0.7617, 'start': 2120, 'end': 2124}, {'text': 'marked local', 'label': 'problem', 'score': 0.84, 'start': 2125, 'end': 2137}]","[PROBLEM]:a fever curve;achey;advanced phthisis;aneurism;angina pectoris;chill;complete apyrexia;cough;fatigue;fever;feverish;her fever;infection;infectious diseases;intercobtal neuraj;malaria;marked local;muscular pain;nauseated;pain;painful;paint;paroxysms of fever;pleurodynia;pneumonic;pressure;pteuri ^;pyogenic infections;severe thoracic pain;shallow;simple;somewhat sore;spondylitis  nerve - root pains;sweating;the;the pain;trichiniaeis;tuberculous;well.[TREATMENT]:calomel;ex - amination of;mild;thoracic.[TEST]:exam;her temperature;in;temperature;the;the blood;the temperature;the urine;visceral examination","Paroxysms of fever recurring every second day with complete apyrexia on the intervening days, almost never occurs except in malaria. Pyogenic infections (including advanced phthisis) may in rar« cases produce . such a fever curve, but in these conditions the patient is never as well on the intervening days as this patient was, and usually shows well-marked local lesions of some kind. The pains of this case are very unusual for malaria but not unknown, and it is a safe' rule to assume, until it is proved to the con- trary, that any symptoms that recur every forty-eight hours, with fever, and disappear completely on the intervening days, leaving no physical signs of disease, are due to malaria. The blood was not examined in thb case until after quinine had been given with complete and permanent relief of all symptoms. After this no parasites were found in the blood. Abdomin^ pain is not infrequently the only striking symptom of malaria, but thoracic pain is rare.","[PROBLEM]:abdomin ^ pain;advanced phthisis;all symptoms;any symptoms;case;complete apyrexia;disease;fever;fever curve;kind;malaria;parasites;paroxysms of;physical signs;pyogenic infections;the pains;thoracic pain;well - marked local lesions.[TREATMENT]:quinine.[TEST]:the blood"
"74","CASE 74 

A lithuanian teamster, 48, entered the hospital, April 22, 1904, 
with the following history: Parents died of old age. He uses thirty- 
five cents' worth of tobacco a week, alcohol occasionally. He ha^ 
always been well until April 15, when he went to work feeling all right. 
In the afternoon his neck began to pain him, he was chilly, then felt hot, 
and sweat a good deal, later his neck began to swell and became more 
painful. His throat was sore, dry, and painful on swallowing. Two 
days later he started to work, but had to give up and came to the hos- 
pital. 

Physical examination showed a well-nourished man with slight 
prostration. Slight conjunctivitis. Tongue protruded in median line. 
Throat dry, red, with considerable dirty secretion on the walls of the 
pharynx. Slight cyaaoeia of the face and fingeivtips. Neck short, 
thick, and reddened at the base with brawny induration. Redness 
and induration extends down over the upper part of the chest. Tender- 
ness and swelling at the posterior edge of the sterno-cleido-mastoid 
muscle at either side. 

Inspection shows no enlargement of the veins of the upper chest or 
of the arms. Percussion of the chest shows dulness over manubrium, 
extending one finger's breadth on either side. Lungs are appar- 
ently normal. Heart's apex in fifth interspace nipple line. Right 
border at right sternal edge. Sounds distant, no murmurs heard. 
Pulse 120, regular, fair volume and tension. Abdomen full, tympanitic, 
not tender, liver and spleen not enlaiged. Knee-jerks present, no 
paralysis, no Kemig, no oedema, no general glandular enlaigemeat. 
Blood showed red cells 5,001,800, white cells 21,700, Hffimoglobin 90%. 
Differential count of 200 leucocytes showed: Polynuclears 78%,, lym- 
phocytes 22%, eosinophiles 0. Urine normal, acid, sp. gr. 1021, 
albumen slight trace, chlorides diminished. Sediment: numerous 
hyaline and fine granular casts, with occasional cells adherent. Occa- 
sional free mononuclear cells, rare blood corpuscle. Temperature 101.4°, 
respiration 25. 

April 24. Delirium for past two days requiring restraint. Quieter 
this morning. Throat somewhat cleaner, less cyanosis and tenderness 
in neck. Otherwise physical examination unchanged. 

May 1. Temperature has ranged from 101.4° to 99.5° to-day. Pulse 
from 120 to 100, respiration from 25 at entrance to 35 to-day. 

May 2. Tumor at side of neck apparently increasing in size. Some 
cedema over the neck, and the small veins of that region more promi- 
nent. Bronchial breathing, over the right infrascapular region, with 
a few rales just below the angle of the scapular. Some cough and 
frothy sputum. Laiyngoscopic report: ""No cedema or paralysis of re- 
current laiyngeal, but some pressure oedema of left ary-epiglottic fold."" 
May 6. Considerable cough and expectoration. Some abdominal 
pain; has lost considerable weight. Fever lower; cervical tumor de- 
creasing. 

1. Causes of aubBtemal percusnon dulness? Aneurism, enlarged bionchiat glands 

(tuberculosis, pseudoleucKmia, sepsis, cancer, sarcoma), tumors of the thy- 
roid or thymus gland, mediastinal abecess. 

2. Significance of the lack of eodnophiles here? Eoeinophiles may disappear in 

a severe type of any infection which causes leucocytosis, occasionBlly in 
toxic conditions associated with leucocytosis, and in some seven anpmina 
Their reappearance is always a favorable sign. 

3. How is the patient's delirium to be accounted for? Any severe infection may 

produce delirium, thou^ menin^tis and pneumonia most often do so. 

4. Of what diagnostic value is the fact that Kemig's sign is absent? Kemig's 
* sign is usually present in meningitis of any type. Its absence, therefore, 

tends to exclude meningitis. 

5. What further facts are needed for diagnosis in this case? The sputum should 

be examined for tubercle bacilli. No other data are essential, but a Widal 
reaction mi^t help to exclude typhoid, and a spinal puncture to exclude 
meningitis. 
S. Diagnosis? Prognosis? Treatment? 

Diagnosis: The physical signs of disease are chiefly in the neck and upper thoracic 
re^on. Tuberculous of the lung, meninges, and cervical glands wouM account 
foe some of the signs, but would not be likely to produce so much pain and 
local oedema. The sputa were negative for tubercle bacilli on repeated ex- 
amination. Venous thromboMS would not explain the inflammatory reaction 
in the neck and would cause more oedema and mote enlargement of the super- 
ficial veins. The same evidence is valid against mediastinal new growth or 
abscees. Deep-seated inflammation in the neck (with or without pus) is 
the most defensible diagnosis, — Ludwig's an^na. The Widal reaction 
was negative. 

Prognosis: The cases usually run a severe course, and unless pus can be located 
and removed are often fatal within a fortnight. In tbis case, however, defer- 
vescence and improvement of all symptoms went on slowly but steadily after 
May 6, and in a few weeks he was well — substantially without interference 
other than good nursing. 

Treatment: To find and remove pus when it is present, and to support the 
patient's strength, ate the main indications.","[{'text': 'neck', 'label': 'problem', 'score': 0.7347, 'start': 308, 'end': 312}, {'text': 'pain', 'label': 'problem', 'score': 0.4506, 'start': 322, 'end': 326}, {'text': 'chilly', 'label': 'problem', 'score': 0.9681, 'start': 339, 'end': 345}, {'text': 'hot', 'label': 'problem', 'score': 0.9433, 'start': 357, 'end': 360}, {'text': 'sweat', 'label': 'problem', 'score': 0.9347, 'start': 367, 'end': 372}, {'text': 'painful', 'label': 'problem', 'score': 0.7302, 'start': 433, 'end': 440}, {'text': 'sore', 'label': 'problem', 'score': 0.9801, 'start': 457, 'end': 461}, {'text': 'dry', 'label': 'problem', 'score': 0.9657, 'start': 463, 'end': 466}, {'text': 'painful', 'label': 'problem', 'score': 0.9561, 'start': 472, 'end': 479}, {'text': 'physical examination', 'label': 'test', 'score': 0.989, 'start': 581, 'end': 601}, {'text': 'slight prostration', 'label': 'problem', 'score': 0.9969, 'start': 635, 'end': 654}, {'text': 'slight conjunctivitis', 'label': 'problem', 'score': 0.9984, 'start': 656, 'end': 677}, {'text': 'throat dry', 'label': 'problem', 'score': 0.8691, 'start': 713, 'end': 723}, {'text': 'red', 'label': 'problem', 'score': 0.9723, 'start': 725, 'end': 728}, {'text': 'considerable dirty secretion on the walls', 'label': 'problem', 'score': 0.9156, 'start': 735, 'end': 776}, {'text': 'slight cyaaoeia of the face and fingeivtips', 'label': 'problem', 'score': 0.9942, 'start': 794, 'end': 837}, {'text': 'short', 'label': 'problem', 'score': 0.6297, 'start': 844, 'end': 849}, {'text': 'thick', 'label': 'problem', 'score': 0.8524, 'start': 852, 'end': 857}, {'text': 'reddened', 'label': 'problem', 'score': 0.7445, 'start': 863, 'end': 871}, {'text': 'brawny induration', 'label': 'problem', 'score': 0.963, 'start': 889, 'end': 906}, {'text': 'redness and induration', 'label': 'problem', 'score': 0.9227, 'start': 908, 'end': 931}, {'text': 'tender - ness', 'label': 'problem', 'score': 0.9917, 'start': 979, 'end': 992}, {'text': 'swelling', 'label': 'problem', 'score': 0.8499, 'start': 997, 'end': 1005}, {'text': 'mast', 'label': 'problem', 'score': 0.8052, 'start': 1049, 'end': 1053}, {'text': 'inspection', 'label': 'test', 'score': 0.9824, 'start': 1083, 'end': 1093}, {'text': 'enlargement of the veins of the upper chest', 'label': 'problem', 'score': 0.966, 'start': 1103, 'end': 1146}, {'text': 'of the arms', 'label': 'problem', 'score': 0.8946, 'start': 1151, 'end': 1162}, {'text': 'percussion of the chest', 'label': 'test', 'score': 0.993, 'start': 1164, 'end': 1187}, {'text': 'dulness over manubrium', 'label': 'problem', 'score': 0.8135, 'start': 1194, 'end': 1216}, {'text': 'apex', 'label': 'test', 'score': 0.5355, 'start': 1306, 'end': 1310}, {'text': 'murmurs', 'label': 'problem', 'score': 0.9918, 'start': 1400, 'end': 1407}, {'text': 'pulse', 'label': 'test', 'score': 0.9905, 'start': 1416, 'end': 1421}, {'text': 'tyanitic', 'label': 'problem', 'score': 0.9159, 'start': 1475, 'end': 1485}, {'text': 'tender', 'label': 'problem', 'score': 0.9626, 'start': 1492, 'end': 1498}, {'text': 'spleen', 'label': 'problem', 'score': 0.8698, 'start': 1510, 'end': 1516}, {'text': 'enlai', 'label': 'problem', 'score': 0.6211, 'start': 1521, 'end': 1526}, {'text': 'jerk', 'label': 'test', 'score': 0.6479, 'start': 1536, 'end': 1540}, {'text': 'paralysis', 'label': 'problem', 'score': 0.9972, 'start': 1555, 'end': 1564}, {'text': 'kemig', 'label': 'problem', 'score': 0.8655, 'start': 1569, 'end': 1574}, {'text': 'oedema', 'label': 'problem', 'score': 0.9149, 'start': 1579, 'end': 1585}, {'text': 'general glandular enlaigemeat', 'label': 'problem', 'score': 0.9904, 'start': 1590, 'end': 1619}, {'text': 'blood', 'label': 'test', 'score': 0.6531, 'start': 1622, 'end': 1627}, {'text': 'red cells', 'label': 'test', 'score': 0.9128, 'start': 1635, 'end': 1644}, {'text': 'white cells', 'label': 'test', 'score': 0.9743, 'start': 1656, 'end': 1667}, {'text': 'hffimoglobin', 'label': 'test', 'score': 0.961, 'start': 1676, 'end': 1688}, {'text': 'differential count', 'label': 'test', 'score': 0.9952, 'start': 1695, 'end': 1713}, {'text': 'leucocytes', 'label': 'test', 'score': 0.8484, 'start': 1721, 'end': 1731}, {'text': 'polynuclears', 'label': 'problem', 'score': 0.8868, 'start': 1740, 'end': 1752}, {'text': 'lym - phocytes', 'label': 'test', 'score': 0.996, 'start': 1759, 'end': 1773}, {'text': 'eosinophiles', 'label': 'test', 'score': 0.9888, 'start': 1779, 'end': 1791}, {'text': 'urine', 'label': 'test', 'score': 0.872, 'start': 1795, 'end': 1800}, {'text': 'acid', 'label': 'test', 'score': 0.9806, 'start': 1809, 'end': 1813}, {'text': 'sp gr', 'label': 'test', 'score': 0.8819, 'start': 1815, 'end': 1821}, {'text': 'albumen slight trace', 'label': 'problem', 'score': 0.9932, 'start': 1830, 'end': 1850}, {'text': 'chlorides', 'label': 'test', 'score': 0.7031, 'start': 1852, 'end': 1861}, {'text': 'sediment', 'label': 'test', 'score': 0.6723, 'start': 1874, 'end': 1882}, {'text': 'numerous hyaline and fine granular casts', 'label': 'problem', 'score': 0.9971, 'start': 1884, 'end': 1925}, {'text': 'cells', 'label': 'problem', 'score': 0.5188, 'start': 1943, 'end': 1948}, {'text': 'occa', 'label': 'test', 'score': 0.5672, 'start': 1959, 'end': 1963}, {'text': 'sional free mononuclear cells', 'label': 'problem', 'score': 0.9897, 'start': 1966, 'end': 1995}, {'text': 'rare blood corpuscle', 'label': 'problem', 'score': 0.9946, 'start': 1997, 'end': 2017}, {'text': 'temperature', 'label': 'test', 'score': 0.9916, 'start': 2019, 'end': 2030}]","[PROBLEM]:albumen slight trace;brawny induration;cells;chilly;considerable dirty secretion on the walls;dry;dulness over manubrium;enlai;enlargement of the veins of the upper chest;general glandular enlaigemeat;hot;kemig;mast;murmurs;neck;numerous hyaline and fine granular casts;oedema;of the arms;pain;painful;paralysis;polynuclears;rare blood corpuscle;red;reddened;redness and induration;short;sional free mononuclear cells;slight conjunctivitis;slight cyaaoeia of the face and fingeivtips;slight prostration;sore;spleen;sweat;swelling;tender;tender - ness;thick;throat dry;tyanitic.[TEST]:acid;apex;blood;chlorides;differential count;eosinophiles;hffimoglobin;inspection;jerk;leucocytes;lym - phocytes;occa;percussion of the chest;physical examination;pulse;red cells;sediment;sp gr;temperature;urine;white cells","The physical signs of disease are chiefly in the neck and upper thoracic re^on. Tuberculous of the lung, meninges, and cervical glands wouM account foe some of the signs, but would not be likely to produce so much pain and local oedema. The sputa were negative for tubercle bacilli on repeated ex- amination. Venous thromboMS would not explain the inflammatory reaction in the neck and would cause more oedema and mote enlargement of the super- ficial veins. The same evidence is valid against mediastinal new growth or abscees. Deep-seated inflammation in the neck (with or without pus) is the most defensible diagnosis, — Ludwig's an^na. The Widal reaction was negative.","[PROBLEM]:abscees;cervical glands;deep - seated inflammation in the neck;disease;local oedema;media;meninges;more oedema;mote enlargement of the super - ficial veins;much pain;new growth;pus;reaction;the;the inflammatory reaction in the neck;the signs;tubercle bacilli;tuberculous of the lung;venous thromboms.[TREATMENT]:- amination.[TEST]:ludwig  s an;na;repeated ex;the sputa;widal"
"75","CASE 75 

Mrs. M., 51, is seen August 9, 1905, She haa been in bed since 
July 4, suffering from ""a complication of diseases,"" aad her medical 
attendant has been changed several times. 

She had nervous prostration fourteen years ago, and has never been 
well since, but except for children's diseases she has had no other definite 
illness. She has had eight children — the laat six years ago — and, 
until recently, has done most of the housework for the whole family. 

Her present illness began July 4 with diarrhoea, vomiting, fever, and 
sweating. These symptoms passed off in about three weeks, but there 
have been suggestions of a return of them several times, and she has not 
regained her full strength. Insomnia is a very troublesome symptom, 
and in the long, wakeful hours she sometimes has spells of ""weak- 
ness,"" for which aromatic spirits of ammonia is taken with some relief. 
There are also ""smothering spells"" when she feels as if she must get up 
and walk, and is restrained only by the strict orders of her physician. 

She has never been a hearty eater, but the appetite is now very fair. 
There is no pain and the bowels move with the aid of laxatives. 

Examination showed a stout, pale woman, with a temperature of 
99°. The size of the heart could not be exactly determined on account 
of fat, but the sounds were normal and were loudest in their normal 
sites. The peripheral arteries were normal. At the beginning of the 
examination Ene crackles were heard at the base of each axilla, but they 
disappeared after a few deep breaths and were not heard again. Liver 
dulness begins at the seventh rib, and the edge can be felt below the 
ribs. Otherwise visceral examination is negative. Hsemoglobin 90%. 
Urine normal. 
Diagnosis? Prognosis? Treatment? 

Diagnosis: A feverish gastro-«at«ritia five weeks ago; now weakness, insomnia, 
and smothering spells, with a desire to move about — such are the main com- 
plaints. In a woman of 51 these symptoms suggest arterio-scleioeiB or myo- 
carditis, but the physical examination ^vea no Eupport to these diagnoses, 
and without physical signs one cannot make them. The crackles in the 
lungs would have been significant had they persisted, but transietU crackles 
at base of the axilla have no pathological significance. The liver is low — 
both the upper and the lower border- — but sSiowa no evidence of enlarge- 
ment, and simple ptosis, whether of the liver or of all the abdominal organs, 
is not likely to explain the symptoms of this case. The main question is: 
Has the woman any disease at all? Are not her weakness and insomnia the 
result of staying in bed? This diagnosis was in fact verified by the results 
of getting up and to work. In a few weeks tie woman was perfectly well. 
Prognosis and Treatment: The reassurance that one can give after convincing 
himself by a thorough examination that the organs are sound is the most 
important medicine for such a caae. The stimulus of work and exercise, 
with the increased appetite and sleep resulting, will usually complete the cure. ","[{'text': 'a complication', 'label': 'problem', 'score': 0.989, 'start': 98, 'end': 112}, {'text': 'diseases', 'label': 'problem', 'score': 0.9289, 'start': 116, 'end': 124}, {'text': 'nervous prostration', 'label': 'problem', 'score': 0.9686, 'start': 196, 'end': 215}, {'text': 'children  s diseases', 'label': 'problem', 'score': 0.9959, 'start': 283, 'end': 302}, {'text': 'other', 'label': 'problem', 'score': 0.7472, 'start': 318, 'end': 323}, {'text': 'illness', 'label': 'problem', 'score': 0.9842, 'start': 334, 'end': 341}, {'text': 'her present illness', 'label': 'problem', 'score': 0.9174, 'start': 474, 'end': 493}, {'text': 'diarrhoea', 'label': 'problem', 'score': 0.7742, 'start': 512, 'end': 521}, {'text': 'vomiting', 'label': 'problem', 'score': 0.9978, 'start': 523, 'end': 531}, {'text': 'fever', 'label': 'problem', 'score': 0.9975, 'start': 533, 'end': 538}, {'text': 'sweating', 'label': 'problem', 'score': 0.9954, 'start': 545, 'end': 553}, {'text': 'these symptoms', 'label': 'problem', 'score': 0.9415, 'start': 555, 'end': 569}, {'text': 'insomniaome symptom', 'label': 'problem', 'score': 0.8177, 'start': 716, 'end': 754}, {'text': 'spells', 'label': 'problem', 'score': 0.6624, 'start': 806, 'end': 812}, {'text': 'weak - ness', 'label': 'problem', 'score': 0.955, 'start': 817, 'end': 828}, {'text': 'aromatic spirits of ammonia', 'label': 'treatment', 'score': 0.8959, 'start': 841, 'end': 868}, {'text': 'smothering spells', 'label': 'problem', 'score': 0.8734, 'start': 913, 'end': 930}, {'text': 'pain', 'label': 'problem', 'score': 0.9952, 'start': 1127, 'end': 1131}, {'text': 'laxatives', 'label': 'treatment', 'score': 0.9275, 'start': 1168, 'end': 1177}, {'text': 'examination', 'label': 'test', 'score': 0.9878, 'start': 1181, 'end': 1192}, {'text': 'fat', 'label': 'problem', 'score': 0.5614, 'start': 1318, 'end': 1321}, {'text': 'the examination', 'label': 'test', 'score': 0.9913, 'start': 1448, 'end': 1464}, {'text': 'ene crackles', 'label': 'problem', 'score': 0.8597, 'start': 1465, 'end': 1477}, {'text': 'liver dulness', 'label': 'problem', 'score': 0.9917, 'start': 1590, 'end': 1604}, {'text': 'visceral examination', 'label': 'test', 'score': 0.954, 'start': 1684, 'end': 1704}, {'text': 'hsemoglobin', 'label': 'test', 'score': 0.8721, 'start': 1718, 'end': 1729}, {'text': 'urine', 'label': 'test', 'score': 0.66, 'start': 1736, 'end': 1741}, {'text': 'treatment', 'label': 'treatment', 'score': 0.5867, 'start': 1773, 'end': 1782}, {'text': 'a feverish gastro -', 'label': 'problem', 'score': 0.9858, 'start': 1797, 'end': 1815}, {'text': 'at', 'label': 'problem', 'score': 0.7556, 'start': 1816, 'end': 1818}, {'text': 'ritia', 'label': 'problem', 'score': 0.8021, 'start': 1819, 'end': 1824}, {'text': 'weakness', 'label': 'problem', 'score': 0.9969, 'start': 1845, 'end': 1853}, {'text': 'insomnia', 'label': 'problem', 'score': 0.9129, 'start': 1855, 'end': 1863}, {'text': 'smothering spells', 'label': 'problem', 'score': 0.8875, 'start': 1870, 'end': 1887}, {'text': 'these symptoms', 'label': 'problem', 'score': 0.7576, 'start': 1969, 'end': 1983}, {'text': 'arterio - scleioeib', 'label': 'problem', 'score': 0.9851, 'start': 1992, 'end': 2009}, {'text': 'myo - carditis', 'label': 'problem', 'score': 0.9863, 'start': 2013, 'end': 2027}, {'text': 'the physical examination', 'label': 'test', 'score': 0.9909, 'start': 2033, 'end': 2057}, {'text': 'the crackles in the lungs', 'label': 'problem', 'score': 0.9951, 'start': 2144, 'end': 2170}]","[PROBLEM]:a complication;a feverish gastro -;arterio - scleioeib;at;children  s diseases;diarrhoea;diseases;ene crackles;fat;fever;her present illness;illness;insomnia;insomniaome symptom;liver dulness;myo - carditis;nervous prostration;other;pain;ritia;smothering spells;spells;sweating;the crackles in the lungs;these symptoms;vomiting;weak - ness;weakness.[TREATMENT]:aromatic spirits of ammonia;laxatives;treatment.[TEST]:examination;hsemoglobin;the examination;the physical examination;urine;visceral examination","A feverish gastro-«at«ritia five weeks ago; now weakness, insomnia, and smothering spells, with a desire to move about — such are the main com- plaints. In a woman of 51 these symptoms suggest arterio-scleioeiB or myo- carditis, but the physical examination ^vea no Eupport to these diagnoses, and without physical signs one cannot make them. The crackles in the lungs would have been significant had they persisted, but transietU crackles at base of the axilla have no pathological significance. The liver is low — both the upper and the lower border- — but sSiowa no evidence of enlarge- ment, and simple ptosis, whether of the liver or of all the abdominal organs, is not likely to explain the symptoms of this case. The main question is: Has the woman any disease at all? Are not her weakness and insomnia the result of staying in bed? This diagnosis was in fact verified by the results of getting up and to work. In a few weeks tie woman was perfectly well. Prognosis and Treatment: The reassurance that one can give after convincing himself by a thorough examination that the organs are sound is the most important medicine for such a caae. The stimulus of work and exercise, with the increased appetite and sleep resulting, will usually complete the cure.","[PROBLEM]:a feverish gastro;any disease;arterio - scleioeib;case;enlarge - ment;her weakness;insomnia;myo - carditis;ri;simple ptosis;sleep;smothering spells;such a caae;the crackles in the lungs;the increased appetite;the symptoms;these symptoms;transietu crackles at base of the axilla;weakness.[TEST]:a thorough examination;exercise;the physical examination;work"
"76","CASE 76 

Mr. v., a theatre usher of 47, unmanied, lost his voice six months 
ago. Since then it has gradually improved, until now he epeaka quite ' 
audibly. Otherwise he has been well and worked steadily and hard, — 
though occasionally he has felt an ache between his shoulders for one 
half a day or so. On one occasion, three months ago, this pain occurred 
while he was walking and almost took his breath away for a few minutes. 
Since this time there has been no pain. Insomnia has troubled him for 
many years, and he gets little sleep after 4 a.m. He admits that he 
is of nervous temperament, and has been considerably worried. There 
has been no cough, no emaciation, and, so far as he knows, no fever. 
Appetite good, bowels regular. His regular weight is 158. 

Examination shows a healthy-looking man with no fever. Weight 
160. The heart's apex in the fifth space, three-quarters of an inch out- 
side the nipple. The heart sounds are clear — the aortic second loud, 
low-pitched, and easily palpable. The pupils are equal and react nor- 
mally. The pulses equal and synchronous. Brachials slightly tor- 
tuous and have a lateral excursion. No thrill or abnormal dulness in 
the front of the chest. 

At the left apex behind, there is dulness, increased voice and fremi- 
tus, and whistling breathing (stridor). In the right side of the neck is 
a mass the size of a goose's egg ; its lower portion is hard and seems 
connected with the clavicle. Above, it pulsates strongly. The whole is 
smooth and not tender. Laryngoscopic examination shows the left 
vocal cord in the cadaveric position. The blood and urine are normal 
and visceral examination is negative, except for the deviations noted. 

1. Causes of accentuated aortic eecond sound? Increased peripheral resistance 

due to artetio-ficlerosis, nephritis with hi^ tension pulse, severe muscular 
exertion, aneuriam. 

2. Causes of hoaraeoeas or aphonia? Laryngitia (""simple"" or tuberculous), syphilis, 

laryngeal tumors, paralyais of a vocal cord or partial paralysis of both, hysteria. 

3. What is the cervical tumor? It was at first diagnosed as aneurism (of the carotid 

or subclavian), but proved to be a cervical rib crossed by the subcbvian. 

4. Diagnosis? Prognosia? Treatment? 

Diagnosis: The important signs are: paralysis of the left vocal cord, arterio- 
Bclerosis with resulting cardiac hypertrophy, solidification and stridor at the 
apex of the left lung. An X-ray plate of the chest showed a large aneurism 
of the aortic arch. The puzzling things in the case were (a) the pulsating 
tumor in the right neck, which one tried naturally but unsuccessfully to asso- 
ciate with the paralysis of the kft vocal cord, and (b) the absence of any signs 
of aneurism except the paralyzed vocal cord. 

Prognosis: Most cases of aoH,ic sjieurism progress and kill, despite treatment, 
witiin two years. A few remain quiescent or even whoUy lat«nt tor many 

Treatment: Several weeks of rest in bed with light diet and KI gr. x-xx t.i.d. 
serves to improve the symptoms and lengthen the course of some cases. ","[{'text': 'an ache between his shoulders', 'label': 'problem', 'score': 0.9951, 'start': 251, 'end': 280}, {'text': 'this pain', 'label': 'problem', 'score': 0.9897, 'start': 343, 'end': 352}, {'text': 'pain', 'label': 'problem', 'score': 0.9962, 'start': 470, 'end': 474}, {'text': 'insomnia', 'label': 'problem', 'score': 0.9782, 'start': 476, 'end': 484}, {'text': 'nervous temperament', 'label': 'problem', 'score': 0.9132, 'start': 582, 'end': 601}, {'text': 'considerably worried', 'label': 'problem', 'score': 0.9684, 'start': 616, 'end': 636}, {'text': 'cough', 'label': 'problem', 'score': 0.9966, 'start': 657, 'end': 662}, {'text': 'emaciation', 'label': 'problem', 'score': 0.8733, 'start': 667, 'end': 677}, {'text': 'fever', 'label': 'problem', 'score': 0.9979, 'start': 707, 'end': 712}, {'text': 'examination', 'label': 'test', 'score': 0.9938, 'start': 775, 'end': 786}, {'text': 'fever', 'label': 'problem', 'score': 0.9914, 'start': 823, 'end': 828}, {'text': 'weight', 'label': 'test', 'score': 0.9675, 'start': 830, 'end': 836}, {'text': 'sounds', 'label': 'test', 'score': 0.5344, 'start': 939, 'end': 945}, {'text': 'low', 'label': 'problem', 'score': 0.5341, 'start': 983, 'end': 986}, {'text': 'pitched', 'label': 'problem', 'score': 0.5304, 'start': 987, 'end': 994}, {'text': 'the pulses', 'label': 'test', 'score': 0.8537, 'start': 1061, 'end': 1071}, {'text': 'slightly tor - tuous', 'label': 'problem', 'score': 0.9352, 'start': 1105, 'end': 1125}, {'text': 'a lateral excursion', 'label': 'problem', 'score': 0.9547, 'start': 1135, 'end': 1154}, {'text': 'thrill', 'label': 'problem', 'score': 0.994, 'start': 1159, 'end': 1165}, {'text': 'abnormal dulness in', 'label': 'problem', 'score': 0.9019, 'start': 1169, 'end': 1188}, {'text': 'dulness', 'label': 'problem', 'score': 0.9913, 'start': 1250, 'end': 1257}, {'text': 'increased voice and fremi - tus', 'label': 'problem', 'score': 0.9691, 'start': 1259, 'end': 1290}, {'text': 'whistling breathing', 'label': 'problem', 'score': 0.9909, 'start': 1296, 'end': 1315}, {'text': 'stor', 'label': 'problem', 'score': 0.3139, 'start': 1317, 'end': 1324}, {'text': 'a mass', 'label': 'problem', 'score': 0.9934, 'start': 1361, 'end': 1367}, {'text': 'tender', 'label': 'problem', 'score': 0.6515, 'start': 1520, 'end': 1526}, {'text': 'laryngoscopic examination', 'label': 'test', 'score': 0.9956, 'start': 1528, 'end': 1553}, {'text': 'the blood', 'label': 'test', 'score': 0.8869, 'start': 1608, 'end': 1617}, {'text': 'urine', 'label': 'test', 'score': 0.818, 'start': 1622, 'end': 1627}, {'text': 'visceral examination', 'label': 'test', 'score': 0.9866, 'start': 1644, 'end': 1664}, {'text': 'the deviations', 'label': 'problem', 'score': 0.8769, 'start': 1689, 'end': 1703}, {'text': 'accentuated aortic eecond sound', 'label': 'problem', 'score': 0.9942, 'start': 1726, 'end': 1757}, {'text': 'increased peripheral resistance', 'label': 'problem', 'score': 0.9978, 'start': 1759, 'end': 1790}, {'text': 'artetio - ficlerosis', 'label': 'problem', 'score': 0.9844, 'start': 1800, 'end': 1818}, {'text': 'nephritis', 'label': 'problem', 'score': 0.9306, 'start': 1820, 'end': 1829}, {'text': 'hi ^ tension pulse', 'label': 'problem', 'score': 0.9046, 'start': 1835, 'end': 1852}, {'text': 'severe muscular exertion', 'label': 'problem', 'score': 0.9971, 'start': 1854, 'end': 1879}, {'text': 'aneuriam', 'label': 'problem', 'score': 0.992, 'start': 1881, 'end': 1889}, {'text': 'hoaraeoeas', 'label': 'problem', 'score': 0.979, 'start': 1906, 'end': 1916}, {'text': 'aphonia', 'label': 'problem', 'score': 0.8724, 'start': 1920, 'end': 1927}, {'text': 'laryngitia', 'label': 'problem', 'score': 0.9803, 'start': 1929, 'end': 1939}, {'text': 'tuberculous', 'label': 'problem', 'score': 0.849, 'start': 1953, 'end': 1964}, {'text': 'syphilis', 'label': 'problem', 'score': 0.8268, 'start': 1967, 'end': 1975}, {'text': 'laryngeal tumors', 'label': 'problem', 'score': 0.9636, 'start': 1979, 'end': 1995}, {'text': 'paralyais of a vocal cord', 'label': 'problem', 'score': 0.9476, 'start': 1997, 'end': 2022}, {'text': 'partial paralysis', 'label': 'problem', 'score': 0.9954, 'start': 2026, 'end': 2043}, {'text': 'both', 'label': 'problem', 'score': 0.9613, 'start': 2047, 'end': 2051}, {'text': 'hysteria', 'label': 'problem', 'score': 0.9474, 'start': 2053, 'end': 2061}, {'text': 'the cervical tumor', 'label': 'problem', 'score': 0.9783, 'start': 2076, 'end': 2094}]","[PROBLEM]:a lateral excursion;a mass;abnormal dulness in;accentuated aortic eecond sound;an ache between his shoulders;aneuriam;aphonia;artetio - ficlerosis;both;considerably worried;cough;dulness;emaciation;fever;hi ^ tension pulse;hoaraeoeas;hysteria;increased peripheral resistance;increased voice and fremi - tus;insomnia;laryngeal tumors;laryngitia;low;nephritis;nervous temperament;pain;paralyais of a vocal cord;partial paralysis;pitched;severe muscular exertion;slightly tor - tuous;stor;syphilis;tender;the cervical tumor;the deviations;this pain;thrill;tuberculous;whistling breathing.[TEST]:examination;laryngoscopic examination;sounds;the blood;the pulses;urine;visceral examination;weight","The important signs are: paralysis of the left vocal cord, arterio- Bclerosis with resulting cardiac hypertrophy, solidification and stridor at the apex of the left lung. An X-ray plate of the chest showed a large aneurism of the aortic arch. The puzzling things in the case were (a) the pulsating tumor in the right neck, which one tried naturally but unsuccessfully to asso- ciate with the paralysis of the kft vocal cord, and (b) the absence of any signs of aneurism except the paralyzed vocal cord.","[PROBLEM]:a large aneurism of the aortic arch;aneurism;arterio - bclerosis;cardiac hypertrophy;paralysis of the left vocal cord;paralyzed vocal cord;solidification;stridor at the apex of the left lung;the paralysis of the kft vocal cord;the pulsating tumor in the right neck.[TEST]:an x - ray plate of the chest"
"77","CASE 77 

Called to see a young girl of 21, eingle, who is said to have had, 
twelve hours before, a large pulmonary iuemorrhage, — a pint, after a 
tew days' cough. Previously well, but nervous; easily startled and 
frequently troubled with food ""going the wrong way,"" and causing 
symptoms of temporary spasm of the glottis. 

When seen, could only speak in a whisper; throat examination was 
impossible on account of gagging. Lungs entirely negative, except 
slight dulness and prolonged expiration at right apex. Heart some- 
what rapid; systolic murmur at base of the heart, loudest in pulmonary 
area. At the root of the neck, in front, a swelling size of a hen's egg, 
smooth, soft, not tender. Abdomen negative. Face very pale, lips 
less so. Slight cedema of ankles. 

Urine pale, acid 1018; albumen, slightest possible trace; 1% of 
sugar; amount, 2^ quarts. Sediment, mostly squamous and neck of 
bladder cells. Few small hyaline casts. 

Blood: Reds 4,800,000; whites 10,000; Hg. 60%. 

1. Wliat further information is needed about the bEemorrhage here? Did any one 

Bee the blood come up? She may be a maljn gergr. Was the blood mixed 
with air or food? 

2. If hemorrhage were due in this case to phthisis, what physical signs should one 

expect to find twelve hours after? None. The earliest physical signs usually 
appear months later. 

3. What else may cause such hemorrhage? Gastric ulcer, esophageal varices in 

cirrhosis, leaking aneurism. 

4. How is the cedema of the ankles to be accounted for? Probably ansmia; pos- 

sibly nephritb. 

5. What other causes of (Edema can you name? Cardiac weakness, obesity, neuri- 

tis, thrombosis, varicose veins, or other local causes of venous obstruction. 

6. Significance of the lung signs in this case? They are within physiological limits. 

7. By what further methods of examination could their significance t>e more defi- 

nitely determined? Sputum examination after administration of KI. Tem- 
perature records, tuberculin leaction, 

8. Name three causes of systolic murmurs loudest in the pulmonary area. "" Func- 

tional"" changes, aneurism, pulmonary stenosis. 

9. Can the neck tumor be connected in any way with the glottic spasm? Why 

or why not? No, because the tumor is too small and too far from the glottis. 

10. From the data given about the blood, what should one expect to find in the 

stained blood-film? Small, pale red cells, not otherwise abnormal. Normal 
leucocyte percentages. 

11. What conclusions should be drawn from the urine in this case? None that 

aie definite. The causes of the albuminuria and of the glycosuria should be 
sought. 

12. Diagnosis? Prognosis? Treatment? 

Diagnosis: Goitre and tachycardia suggest Graves' disease. We do not know 
whether or not the eyes protruded or whether there was tremor. Pulmonary 
bleedingi, gJ^cOBUna, albuminuria, aod amemia have repeatedly occurred 
without known cause in Graves' diaeaae. FbthiatB and malin^ring must be 
excluded by the methods suggested under questions one and seven. Aneurism 
cauaee aphonia and (if it leaka) bleeding. There are none of the other physical 
signs of aneurism in this case, but an X-ray may be needed to exclude it. 
The glottic spasm and aphonia occur in many neuroses and are characteristic 
of none. Exophthalmic goitre turned out the true diagnosis, other alterna- 
tives being excluded. 

Pn^nows: Moat cases last for yeais; many get well of themselves; some are 
never discovered (""jormea frudes""). Relapses are common. Cardiac dila- 
tation and diarrhcea may kill after an acute or chronic course. 

Treatment: Hypenic and supportive, with encouragement. Drugs are prob- 
ab^ useless. A thyro-lytio serum has recently been prepared and apparently 
does good. , ,","[{'text': 'a large pulmonary iuemorrhage', 'label': 'problem', 'score': 0.9952, 'start': 99, 'end': 128}, {'text': 'cough', 'label': 'problem', 'score': 0.4617, 'start': 159, 'end': 164}, {'text': 'nervous', 'label': 'problem', 'score': 0.956, 'start': 187, 'end': 194}, {'text': 'startled', 'label': 'problem', 'score': 0.7773, 'start': 203, 'end': 211}, {'text': 'temporary spasm of the glottis', 'label': 'problem', 'score': 0.9958, 'start': 295, 'end': 325}, {'text': 'throat examination', 'label': 'test', 'score': 0.9967, 'start': 371, 'end': 389}, {'text': 'gagging', 'label': 'problem', 'score': 0.9967, 'start': 420, 'end': 427}, {'text': 'slight dulness', 'label': 'problem', 'score': 0.9959, 'start': 462, 'end': 476}, {'text': 'prolonged expiration at right apex', 'label': 'problem', 'score': 0.9361, 'start': 481, 'end': 515}, {'text': 'rapid', 'label': 'problem', 'score': 0.8066, 'start': 535, 'end': 541}, {'text': 'systolic murmur at base of the heart', 'label': 'problem', 'score': 0.961, 'start': 542, 'end': 578}, {'text': 'a swelling size', 'label': 'problem', 'score': 0.9452, 'start': 643, 'end': 658}, {'text': 'tender', 'label': 'problem', 'score': 0.5279, 'start': 694, 'end': 700}, {'text': 'very pale', 'label': 'problem', 'score': 0.8316, 'start': 725, 'end': 734}, {'text': 'slight cedema of ankles', 'label': 'problem', 'score': 0.9984, 'start': 751, 'end': 774}, {'text': 'urine', 'label': 'test', 'score': 0.9414, 'start': 778, 'end': 783}, {'text': 'acid', 'label': 'test', 'score': 0.9908, 'start': 790, 'end': 794}, {'text': 'albumen', 'label': 'test', 'score': 0.7178, 'start': 801, 'end': 808}, {'text': 'sugar', 'label': 'test', 'score': 0.9699, 'start': 843, 'end': 848}, {'text': 'amount', 'label': 'test', 'score': 0.886, 'start': 850, 'end': 856}, {'text': 'sediment', 'label': 'problem', 'score': 0.8296, 'start': 869, 'end': 877}, {'text': 'squamous', 'label': 'problem', 'score': 0.6417, 'start': 886, 'end': 894}, {'text': 'of bladder cells', 'label': 'problem', 'score': 0.9377, 'start': 904, 'end': 921}, {'text': 'few small hyaline casts', 'label': 'problem', 'score': 0.9927, 'start': 923, 'end': 946}, {'text': 'blood', 'label': 'test', 'score': 0.9739, 'start': 950, 'end': 955}, {'text': 'reds', 'label': 'test', 'score': 0.9933, 'start': 957, 'end': 961}, {'text': 'whites', 'label': 'test', 'score': 0.9952, 'start': 973, 'end': 979}, {'text': 'hg', 'label': 'test', 'score': 0.953, 'start': 988, 'end': 990}, {'text': 'the beemorrhage', 'label': 'problem', 'score': 0.929, 'start': 1044, 'end': 1059}, {'text': 'the blood', 'label': 'test', 'score': 0.6859, 'start': 1084, 'end': 1093}, {'text': 'a maljn gergr', 'label': 'problem', 'score': 0.9283, 'start': 1114, 'end': 1127}, {'text': 'the blood', 'label': 'problem', 'score': 0.8754, 'start': 1133, 'end': 1142}, {'text': 'hemorrhage', 'label': 'problem', 'score': 0.9966, 'start': 1176, 'end': 1186}, {'text': 'phthisis', 'label': 'problem', 'score': 0.9052, 'start': 1212, 'end': 1220}, {'text': 'signs', 'label': 'problem', 'score': 0.8811, 'start': 1236, 'end': 1241}, {'text': 'signs', 'label': 'test', 'score': 0.3783, 'start': 1318, 'end': 1323}, {'text': 'such hemorrhage', 'label': 'problem', 'score': 0.9839, 'start': 1379, 'end': 1394}, {'text': 'gastric ulcer', 'label': 'problem', 'score': 0.997, 'start': 1396, 'end': 1409}, {'text': 'esophageal varices in cirrhosis', 'label': 'problem', 'score': 0.9907, 'start': 1411, 'end': 1444}, {'text': 'leaking aneurism', 'label': 'problem', 'score': 0.9878, 'start': 1446, 'end': 1462}, {'text': 'the cedema of the ankles', 'label': 'problem', 'score': 0.9914, 'start': 1476, 'end': 1500}, {'text': 'ansmiably nephritb', 'label': 'problem', 'score': 0.9153, 'start': 1531, 'end': 1560}, {'text': 'edema', 'label': 'problem', 'score': 0.9041, 'start': 1588, 'end': 1594}, {'text': 'cardiac weakness', 'label': 'problem', 'score': 0.9958, 'start': 1609, 'end': 1625}, {'text': 'obesity', 'label': 'problem', 'score': 0.9953, 'start': 1627, 'end': 1634}, {'text': 'neuri - tis', 'label': 'problem', 'score': 0.978, 'start': 1636, 'end': 1648}, {'text': 'thrombosis', 'label': 'problem', 'score': 0.9984, 'start': 1650, 'end': 1660}, {'text': 'varicose veins', 'label': 'problem', 'score': 0.9103, 'start': 1662, 'end': 1676}, {'text': 'local causes', 'label': 'problem', 'score': 0.887, 'start': 1687, 'end': 1699}, {'text': 'venous obstruction', 'label': 'problem', 'score': 0.9916, 'start': 1703, 'end': 1721}, {'text': 'lung', 'label': 'test', 'score': 0.4992, 'start': 1748, 'end': 1752}, {'text': 'signs', 'label': 'problem', 'score': 0.5021, 'start': 1753, 'end': 1758}, {'text': 'examination', 'label': 'test', 'score': 0.5514, 'start': 1843, 'end': 1854}, {'text': 'sputum examination', 'label': 'test', 'score': 0.8681, 'start': 1916, 'end': 1934}, {'text': 'administration', 'label': 'treatment', 'score': 0.8564, 'start': 1941, 'end': 1955}, {'text': 'ki', 'label': 'treatment', 'score': 0.971, 'start': 1959, 'end': 1961}, {'text': 'tem', 'label': 'test', 'score': 0.8704, 'start': 1963, 'end': 1966}, {'text': 'perature records', 'label': 'test', 'score': 0.8199, 'start': 1969, 'end': 1985}, {'text': 'tuberculin leaction', 'label': 'test', 'score': 0.7419, 'start': 1987, 'end': 2006}]","[PROBLEM]:a large pulmonary iuemorrhage;a maljn gergr;a swelling size;ansmiably nephritb;cardiac weakness;cough;edema;esophageal varices in cirrhosis;few small hyaline casts;gagging;gastric ulcer;hemorrhage;leaking aneurism;local causes;nervous;neuri - tis;obesity;of bladder cells;phthisis;prolonged expiration at right apex;rapid;sediment;signs;slight cedema of ankles;slight dulness;squamous;startled;such hemorrhage;systolic murmur at base of the heart;temporary spasm of the glottis;tender;the beemorrhage;the blood;the cedema of the ankles;thrombosis;varicose veins;venous obstruction;very pale.[TREATMENT]:administration;ki.[TEST]:acid;albumen;amount;blood;examination;hg;lung;perature records;reds;signs;sputum examination;sugar;tem;the blood;throat examination;tuberculin leaction;urine;whites","Goitre and tachycardia suggest Graves' disease. We do not know whether or not the eyes protruded or whether there was tremor. Pulmonary bleedingi, gJ^cOBUna, albuminuria, aod amemia have repeatedly occurred without known cause in Graves' diaeaae. FbthiatB and malin^ring must be excluded by the methods suggested under questions one and seven. Aneurism cauaee aphonia and (if it leaka) bleeding. There are none of the other physical signs of aneurism in this case, but an X-ray may be needed to exclude it. The glottic spasm and aphonia occur in many neuroses and are characteristic of none. Exophthalmic goitre turned out the true diagnosis, other alterna- tives being excluded.","[PROBLEM]:albuminuria;alterna - tives;aneurism;aneurism caee aphonia;aod amemia;aphonia;bleeding;cobuna;diaeaae;gj;gore;graves  disease;leaka;malin ^ ring;pulmonary bleedingi;tachycardia;the glottic spasm;tremor.[TEST]:an x - ray;exophtmic goitre"
"78","CASE 78 

Fireman, 57 years old, had scarlet fever at 9 years, apparently 
without ill results. Otherwise he has been always well till six months 
ago, when on a vacation he ate some canned oysters in the form of a 
stew. One half hour afterwards breath was suddenly shut off. No 
pain, vomiting, or other symptoms. Troubled with respiration ever 
since when in midst of fire smoke. Lost 30 lbs, in three months. Four 
weeks ago, when turning in bed, noticed a swelling in the left loin which 
seemed to move with change of position. No pain or tenderness and 
no change in urine. 

Examination: On left side two tumors are felt below the ribs; one 
above and in front feels like a spleen. The other is more rounded and 
deeper. Both move with respiration. The lower tumor is somewhat 
tender and apparently elastic. Belly otherwise negative. Lungs nega- 
tive. Heart not remarkable except for a loud ringing aortic second 
sound. Brachials tortuous and move laterally. Urine 1018, 40 oz. in 
twenty-four hours. Slight trace of albumen. Few hyaline and fine 
granular casts, some with cells or fat on them. Blood normal, no fever. 

1. What are the common causes for the appearance of sli^t dyepncea in a man of 

57? Arterio-BcleroBis and its remilte, emphfBema, obeaitir. 

2. What was the action of the canned oyetersT Possibly dyspeptic flatulence, 

embarrassed cardiac action by direct pressure throu^ the diaphragm. Prob- 
ably, however, the aasociation was accidental. 

3. (a) What abdominal tumors move most freely with respiration? (6) What least 

freely? (a) Those connected with the liver, stomach, and spleen; (b) those 
connected with the kidney and pancreas, 

4. Enumerate some of the conditions in which such a urine is often seen? In 

pssMve congestion, fevera and after exertion, when'there is bile or sugar in 
the urine, in arterio-sclenMis and chronic interstitial nephritis, 
fi. What imporlAnt and simple methods of examination have been omitted? In- 
flation of the colon, palpation in a warm bath. 

6. What questions ^ould be asked with reference to the loss of weight? Have 

t^tpetite and sleep been as good as usualT 

7. Diagnosis? Prognosis? Treatment? 

Diagnosis: An abdominal tumor, painless, slow growing, and producing little 
or no disturbance of any function, is the chief feature of the case. The tumor 
occupies more nearly the position of the left kidney than of any other organ. 
It is rounded and elastic. Renal abscess, cyst, or hjrdronepbroHis suggest 
themselves. The absence of fever, pyuria, leucocytosis, and pain are against 
abscess, and the absence of any pain or disturbance of micturition make hy- 
dronephrosis unlikely. The inflated colon traverses the tumor. At opera- 
tion a congenital cystic kidney weighing S70 grams was found and removed. 
The djrspnixa, however, continued, and a year latflr autopsy showed general 
arterio-sclerosis with cardiac hypertrophy and dilatation, general passive 
congestion and terminal streptococcus sepsis. 

Prognosis and Treatment are sufficiently suggested in what has been said.","[{'text': 'scarlet fever', 'label': 'problem', 'score': 0.9977, 'start': 37, 'end': 50}, {'text': 'oysters', 'label': 'treatment', 'score': 0.6489, 'start': 190, 'end': 197}, {'text': 'a stew', 'label': 'treatment', 'score': 0.683, 'start': 213, 'end': 220}, {'text': 'pain', 'label': 'problem', 'score': 0.9981, 'start': 281, 'end': 285}, {'text': 'vomiting', 'label': 'problem', 'score': 0.9971, 'start': 287, 'end': 295}, {'text': 'other symptoms', 'label': 'problem', 'score': 0.9922, 'start': 300, 'end': 314}, {'text': 'troubled with respiration', 'label': 'problem', 'score': 0.8729, 'start': 316, 'end': 341}, {'text': 'fire smoke', 'label': 'problem', 'score': 0.5455, 'start': 371, 'end': 381}, {'text': 'a swelling in the left loin', 'label': 'problem', 'score': 0.9972, 'start': 459, 'end': 486}, {'text': 'pain', 'label': 'problem', 'score': 0.9976, 'start': 537, 'end': 541}, {'text': 'tenderness', 'label': 'problem', 'score': 0.9942, 'start': 545, 'end': 555}, {'text': 'change in urine', 'label': 'problem', 'score': 0.9809, 'start': 564, 'end': 579}, {'text': 'two tumors', 'label': 'problem', 'score': 0.9461, 'start': 609, 'end': 619}, {'text': 'a spleen', 'label': 'problem', 'score': 0.7069, 'start': 680, 'end': 688}, {'text': 'the lower tumor', 'label': 'problem', 'score': 0.9759, 'start': 757, 'end': 772}, {'text': 'somewhat tender', 'label': 'problem', 'score': 0.5478, 'start': 776, 'end': 792}, {'text': 'a loud ringing aortic second sound', 'label': 'problem', 'score': 0.9766, 'start': 894, 'end': 929}, {'text': 'brachials tortuous', 'label': 'problem', 'score': 0.8018, 'start': 931, 'end': 949}, {'text': 'urine', 'label': 'test', 'score': 0.9807, 'start': 970, 'end': 975}, {'text': 'slight trace of albumen', 'label': 'problem', 'score': 0.8418, 'start': 1012, 'end': 1035}, {'text': 'few hyaline and fine granular casts', 'label': 'problem', 'score': 0.9938, 'start': 1037, 'end': 1073}, {'text': 'cells', 'label': 'problem', 'score': 0.8061, 'start': 1085, 'end': 1090}, {'text': 'fat', 'label': 'problem', 'score': 0.4025, 'start': 1094, 'end': 1097}, {'text': 'fever', 'label': 'problem', 'score': 0.996, 'start': 1124, 'end': 1129}, {'text': 'sli ^ t dyepncea', 'label': 'problem', 'score': 0.8617, 'start': 1185, 'end': 1199}, {'text': 'arterio - bclerobis', 'label': 'problem', 'score': 0.7689, 'start': 1218, 'end': 1235}, {'text': 'its remilte', 'label': 'problem', 'score': 0.5252, 'start': 1240, 'end': 1251}, {'text': 'emphfbema', 'label': 'problem', 'score': 0.8746, 'start': 1253, 'end': 1262}, {'text': 'obeaitir', 'label': 'problem', 'score': 0.47, 'start': 1264, 'end': 1272}, {'text': 'the canned oyeterst', 'label': 'treatment', 'score': 0.9862, 'start': 1302, 'end': 1321}, {'text': 'dyspeptic flatulence', 'label': 'problem', 'score': 0.9877, 'start': 1331, 'end': 1351}, {'text': 'embarrassed cardiac action', 'label': 'problem', 'score': 0.9598, 'start': 1355, 'end': 1381}, {'text': 'direct pressure', 'label': 'treatment', 'score': 0.4787, 'start': 1385, 'end': 1400}, {'text': 'throu', 'label': 'problem', 'score': 0.479, 'start': 1401, 'end': 1406}, {'text': 'diaphragm', 'label': 'problem', 'score': 0.7575, 'start': 1412, 'end': 1421}, {'text': 'the aasociation', 'label': 'problem', 'score': 0.9011, 'start': 1445, 'end': 1460}, {'text': 'abdominal tumors', 'label': 'problem', 'score': 0.8677, 'start': 1491, 'end': 1507}, {'text': 'such a urine', 'label': 'problem', 'score': 0.817, 'start': 1723, 'end': 1735}, {'text': 'pssmve congestion', 'label': 'problem', 'score': 0.811, 'start': 1756, 'end': 1773}, {'text': 'fevera', 'label': 'problem', 'score': 0.9848, 'start': 1775, 'end': 1781}, {'text': 'bile', 'label': 'problem', 'score': 0.8883, 'start': 1816, 'end': 1820}, {'text': 'sugar in the urine', 'label': 'problem', 'score': 0.9824, 'start': 1824, 'end': 1843}, {'text': 'arterio - sclenmis', 'label': 'problem', 'score': 0.7687, 'start': 1848, 'end': 1864}, {'text': 'chronic interstitial nephritis', 'label': 'problem', 'score': 0.9964, 'start': 1869, 'end': 1899}, {'text': 'fi', 'label': 'problem', 'score': 0.5529, 'start': 1902, 'end': 1904}, {'text': 'examination', 'label': 'test', 'score': 0.8032, 'start': 1943, 'end': 1954}, {'text': 'flation of the colon', 'label': 'problem', 'score': 0.9183, 'start': 1979, 'end': 1999}, {'text': 'palpation', 'label': 'test', 'score': 0.923, 'start': 2001, 'end': 2010}, {'text': 'the loss of', 'label': 'problem', 'score': 0.9647, 'start': 2080, 'end': 2091}]","[PROBLEM]:a loud ringing aortic second sound;a spleen;a swelling in the left loin;abdominal tumors;arterio - bclerobis;arterio - sclenmis;bile;brachials tortuous;cells;change in urine;chronic interstitial nephritis;diaphragm;dyspeptic flatulence;embarrassed cardiac action;emphfbema;fat;fever;fevera;few hyaline and fine granular casts;fi;fire smoke;flation of the colon;its remilte;obeaitir;other symptoms;pain;pssmve congestion;scarlet fever;sli ^ t dyepncea;slight trace of albumen;somewhat tender;such a urine;sugar in the urine;tenderness;the aasociation;the loss of;the lower tumor;throu;troubled with respiration;two tumors;vomiting.[TREATMENT]:a stew;direct pressure;oysters;the canned oyeterst.[TEST]:examination;palpation;urine","An abdominal tumor, painless, slow growing, and producing little or no disturbance of any function, is the chief feature of the case. The tumor occupies more nearly the position of the left kidney than of any other organ. It is rounded and elastic. Renal abscess, cyst, or hjrdronepbroHis suggest themselves. The absence of fever, pyuria, leucocytosis, and pain are against abscess, and the absence of any pain or disturbance of micturition make hy- dronephrosis unlikely. The inflated colon traverses the tumor. At opera- tion a congenital cystic kidney weighing S70 grams was found and removed. The djrspnixa, however, continued, and a year latflr autopsy showed general arterio-sclerosis with cardiac hypertrophy and dilatation, general passive congestion and terminal streptococcus sepsis.","[PROBLEM]:a congenital cystic kidney;abscess;an abdominal tumor;any pain;cardiac hypertrophy;cyst;dilatation;disturbance of any function;disturbance of micturition;fever;general arterio - sclerosis;general passive congestion;hjrdronepbrohis;hy - dronephrosis;leucocytosis;pain;painless;pyuria;renal abscess;slow growing;terminal streptococcus sepsis;the tumor;tumor.[TEST]:latflr autopsy;the djrspnixa"
